CREATE DATABASE  IF NOT EXISTS `auth_service` /*!40100 DEFAULT CHARACTER SET utf8mb4 COLLATE utf8mb4_unicode_ci */ /*!80016 DEFAULT ENCRYPTION='N' */;
USE `auth_service`;
-- MySQL dump 10.13  Distrib 8.0.13, for macos10.14 (x86_64)
--
-- Host: 127.0.0.1    Database: auth_service
-- ------------------------------------------------------
-- Server version	8.0.36

/*!40101 SET @OLD_CHARACTER_SET_CLIENT=@@CHARACTER_SET_CLIENT */;
/*!40101 SET @OLD_CHARACTER_SET_RESULTS=@@CHARACTER_SET_RESULTS */;
/*!40101 SET @OLD_COLLATION_CONNECTION=@@COLLATION_CONNECTION */;
 SET NAMES utf8 ;
/*!40103 SET @OLD_TIME_ZONE=@@TIME_ZONE */;
/*!40103 SET TIME_ZONE='+00:00' */;
/*!40014 SET @OLD_UNIQUE_CHECKS=@@UNIQUE_CHECKS, UNIQUE_CHECKS=0 */;
/*!40014 SET @OLD_FOREIGN_KEY_CHECKS=@@FOREIGN_KEY_CHECKS, FOREIGN_KEY_CHECKS=0 */;
/*!40101 SET @OLD_SQL_MODE=@@SQL_MODE, SQL_MODE='NO_AUTO_VALUE_ON_ZERO' */;
/*!40111 SET @OLD_SQL_NOTES=@@SQL_NOTES, SQL_NOTES=0 */;

--
-- Table structure for table `ADMIN_EVENT_ENTITY`
--

DROP TABLE IF EXISTS `ADMIN_EVENT_ENTITY`;
/*!40101 SET @saved_cs_client     = @@character_set_client */;
 SET character_set_client = utf8mb4 ;
CREATE TABLE `ADMIN_EVENT_ENTITY` (
  `ID` varchar(36) CHARACTER SET utf8mb4 COLLATE utf8mb4_unicode_ci NOT NULL,
  `ADMIN_EVENT_TIME` bigint DEFAULT NULL,
  `REALM_ID` varchar(255) CHARACTER SET utf8mb4 COLLATE utf8mb4_unicode_ci DEFAULT NULL,
  `OPERATION_TYPE` varchar(255) CHARACTER SET utf8mb4 COLLATE utf8mb4_unicode_ci DEFAULT NULL,
  `AUTH_REALM_ID` varchar(255) CHARACTER SET utf8mb4 COLLATE utf8mb4_unicode_ci DEFAULT NULL,
  `AUTH_CLIENT_ID` varchar(255) CHARACTER SET utf8mb4 COLLATE utf8mb4_unicode_ci DEFAULT NULL,
  `AUTH_USER_ID` varchar(255) CHARACTER SET utf8mb4 COLLATE utf8mb4_unicode_ci DEFAULT NULL,
  `IP_ADDRESS` varchar(255) CHARACTER SET utf8mb4 COLLATE utf8mb4_unicode_ci DEFAULT NULL,
  `RESOURCE_PATH` text CHARACTER SET utf8mb4 COLLATE utf8mb4_unicode_ci,
  `REPRESENTATION` text CHARACTER SET utf8mb4 COLLATE utf8mb4_unicode_ci,
  `ERROR` varchar(255) CHARACTER SET utf8mb4 COLLATE utf8mb4_unicode_ci DEFAULT NULL,
  `RESOURCE_TYPE` varchar(64) CHARACTER SET utf8mb4 COLLATE utf8mb4_unicode_ci DEFAULT NULL,
  PRIMARY KEY (`ID`),
  KEY `IDX_ADMIN_EVENT_TIME` (`REALM_ID`,`ADMIN_EVENT_TIME`)
) ENGINE=InnoDB DEFAULT CHARSET=utf8mb4 COLLATE=utf8mb4_unicode_ci;
/*!40101 SET character_set_client = @saved_cs_client */;

--
-- Dumping data for table `ADMIN_EVENT_ENTITY`
--

LOCK TABLES `ADMIN_EVENT_ENTITY` WRITE;
/*!40000 ALTER TABLE `ADMIN_EVENT_ENTITY` DISABLE KEYS */;
/*!40000 ALTER TABLE `ADMIN_EVENT_ENTITY` ENABLE KEYS */;
UNLOCK TABLES;

--
-- Table structure for table `ASSOCIATED_POLICY`
--

DROP TABLE IF EXISTS `ASSOCIATED_POLICY`;
/*!40101 SET @saved_cs_client     = @@character_set_client */;
 SET character_set_client = utf8mb4 ;
CREATE TABLE `ASSOCIATED_POLICY` (
  `POLICY_ID` varchar(36) CHARACTER SET utf8mb4 COLLATE utf8mb4_unicode_ci NOT NULL,
  `ASSOCIATED_POLICY_ID` varchar(36) CHARACTER SET utf8mb4 COLLATE utf8mb4_unicode_ci NOT NULL,
  PRIMARY KEY (`POLICY_ID`,`ASSOCIATED_POLICY_ID`),
  KEY `IDX_ASSOC_POL_ASSOC_POL_ID` (`ASSOCIATED_POLICY_ID`),
  CONSTRAINT `FK_FRSR5S213XCX4WNKOG82SSRFY` FOREIGN KEY (`ASSOCIATED_POLICY_ID`) REFERENCES `RESOURCE_SERVER_POLICY` (`ID`),
  CONSTRAINT `FK_FRSRPAS14XCX4WNKOG82SSRFY` FOREIGN KEY (`POLICY_ID`) REFERENCES `RESOURCE_SERVER_POLICY` (`ID`)
) ENGINE=InnoDB DEFAULT CHARSET=utf8mb4 COLLATE=utf8mb4_unicode_ci;
/*!40101 SET character_set_client = @saved_cs_client */;

--
-- Dumping data for table `ASSOCIATED_POLICY`
--

LOCK TABLES `ASSOCIATED_POLICY` WRITE;
/*!40000 ALTER TABLE `ASSOCIATED_POLICY` DISABLE KEYS */;
/*!40000 ALTER TABLE `ASSOCIATED_POLICY` ENABLE KEYS */;
UNLOCK TABLES;

--
-- Table structure for table `AUTHENTICATION_EXECUTION`
--

DROP TABLE IF EXISTS `AUTHENTICATION_EXECUTION`;
/*!40101 SET @saved_cs_client     = @@character_set_client */;
 SET character_set_client = utf8mb4 ;
CREATE TABLE `AUTHENTICATION_EXECUTION` (
  `ID` varchar(36) CHARACTER SET utf8mb4 COLLATE utf8mb4_unicode_ci NOT NULL,
  `ALIAS` varchar(255) CHARACTER SET utf8mb4 COLLATE utf8mb4_unicode_ci DEFAULT NULL,
  `AUTHENTICATOR` varchar(36) CHARACTER SET utf8mb4 COLLATE utf8mb4_unicode_ci DEFAULT NULL,
  `REALM_ID` varchar(36) CHARACTER SET utf8mb4 COLLATE utf8mb4_unicode_ci DEFAULT NULL,
  `FLOW_ID` varchar(36) CHARACTER SET utf8mb4 COLLATE utf8mb4_unicode_ci DEFAULT NULL,
  `REQUIREMENT` int DEFAULT NULL,
  `PRIORITY` int DEFAULT NULL,
  `AUTHENTICATOR_FLOW` bit(1) NOT NULL DEFAULT b'0',
  `AUTH_FLOW_ID` varchar(36) CHARACTER SET utf8mb4 COLLATE utf8mb4_unicode_ci DEFAULT NULL,
  `AUTH_CONFIG` varchar(36) CHARACTER SET utf8mb4 COLLATE utf8mb4_unicode_ci DEFAULT NULL,
  PRIMARY KEY (`ID`),
  KEY `IDX_AUTH_EXEC_REALM_FLOW` (`REALM_ID`,`FLOW_ID`),
  KEY `IDX_AUTH_EXEC_FLOW` (`FLOW_ID`),
  CONSTRAINT `FK_AUTH_EXEC_FLOW` FOREIGN KEY (`FLOW_ID`) REFERENCES `AUTHENTICATION_FLOW` (`ID`),
  CONSTRAINT `FK_AUTH_EXEC_REALM` FOREIGN KEY (`REALM_ID`) REFERENCES `REALM` (`ID`)
) ENGINE=InnoDB DEFAULT CHARSET=utf8mb4 COLLATE=utf8mb4_unicode_ci;
/*!40101 SET character_set_client = @saved_cs_client */;

--
-- Dumping data for table `AUTHENTICATION_EXECUTION`
--

LOCK TABLES `AUTHENTICATION_EXECUTION` WRITE;
/*!40000 ALTER TABLE `AUTHENTICATION_EXECUTION` DISABLE KEYS */;
INSERT INTO `AUTHENTICATION_EXECUTION` (`ID`, `ALIAS`, `AUTHENTICATOR`, `REALM_ID`, `FLOW_ID`, `REQUIREMENT`, `PRIORITY`, `AUTHENTICATOR_FLOW`, `AUTH_FLOW_ID`, `AUTH_CONFIG`) VALUES ('0064e785-5b64-437c-9489-b10f42bd1d91',NULL,'no-cookie-redirect','3586be3d-c811-48bd-ac93-c1efbb056510','f51344b3-1767-459c-842b-48538a5fce9d',0,10,_binary '\0',NULL,NULL);
INSERT INTO `AUTHENTICATION_EXECUTION` (`ID`, `ALIAS`, `AUTHENTICATOR`, `REALM_ID`, `FLOW_ID`, `REQUIREMENT`, `PRIORITY`, `AUTHENTICATOR_FLOW`, `AUTH_FLOW_ID`, `AUTH_CONFIG`) VALUES ('02ba4368-dbf2-4029-b761-280d6ce096e9',NULL,NULL,'3586be3d-c811-48bd-ac93-c1efbb056510','61995397-1746-4831-a066-1d535f81a3da',1,20,_binary '','1de6140a-c5b4-4eee-987a-30c1ee3fb149',NULL);
INSERT INTO `AUTHENTICATION_EXECUTION` (`ID`, `ALIAS`, `AUTHENTICATOR`, `REALM_ID`, `FLOW_ID`, `REQUIREMENT`, `PRIORITY`, `AUTHENTICATOR_FLOW`, `AUTH_FLOW_ID`, `AUTH_CONFIG`) VALUES ('03a81de4-e0a3-4bec-b84e-818c4b329bd0',NULL,NULL,'3586be3d-c811-48bd-ac93-c1efbb056510','3a346f34-9b23-40c5-9958-a2408e7df171',2,30,_binary '','879767e6-6daa-413e-a459-ba2fe72fe7d3',NULL);
INSERT INTO `AUTHENTICATION_EXECUTION` (`ID`, `ALIAS`, `AUTHENTICATOR`, `REALM_ID`, `FLOW_ID`, `REQUIREMENT`, `PRIORITY`, `AUTHENTICATOR_FLOW`, `AUTH_FLOW_ID`, `AUTH_CONFIG`) VALUES ('07f8549d-e01b-471c-8475-fe40342d27ae',NULL,'reset-otp','MyReam','64d8e822-165f-4e62-9c44-9b43b04f3d34',0,20,_binary '\0',NULL,NULL);
INSERT INTO `AUTHENTICATION_EXECUTION` (`ID`, `ALIAS`, `AUTHENTICATOR`, `REALM_ID`, `FLOW_ID`, `REQUIREMENT`, `PRIORITY`, `AUTHENTICATOR_FLOW`, `AUTH_FLOW_ID`, `AUTH_CONFIG`) VALUES ('0c0d3299-23b1-422c-8f0e-a0b42a28f42c',NULL,'idp-confirm-link','MyReam','8098da3b-159b-4862-8711-3b607d76f4bc',0,10,_binary '\0',NULL,NULL);
INSERT INTO `AUTHENTICATION_EXECUTION` (`ID`, `ALIAS`, `AUTHENTICATOR`, `REALM_ID`, `FLOW_ID`, `REQUIREMENT`, `PRIORITY`, `AUTHENTICATOR_FLOW`, `AUTH_FLOW_ID`, `AUTH_CONFIG`) VALUES ('0c44e60c-aa5e-4d1f-9969-2c9f6710aaa2',NULL,'basic-auth','3586be3d-c811-48bd-ac93-c1efbb056510','d9d8cfd9-e3fb-4967-a909-aff98fd69703',0,10,_binary '\0',NULL,NULL);
INSERT INTO `AUTHENTICATION_EXECUTION` (`ID`, `ALIAS`, `AUTHENTICATOR`, `REALM_ID`, `FLOW_ID`, `REQUIREMENT`, `PRIORITY`, `AUTHENTICATOR_FLOW`, `AUTH_FLOW_ID`, `AUTH_CONFIG`) VALUES ('0fa9f0da-2737-40b2-9936-66b8704e7980',NULL,NULL,'MyReam','8098da3b-159b-4862-8711-3b607d76f4bc',0,20,_binary '','a4338ca9-ae5b-415b-9a2e-653b1c68fc06',NULL);
INSERT INTO `AUTHENTICATION_EXECUTION` (`ID`, `ALIAS`, `AUTHENTICATOR`, `REALM_ID`, `FLOW_ID`, `REQUIREMENT`, `PRIORITY`, `AUTHENTICATOR_FLOW`, `AUTH_FLOW_ID`, `AUTH_CONFIG`) VALUES ('1607ad25-f898-4288-9bf8-601f3bf47e20',NULL,'client-secret','3586be3d-c811-48bd-ac93-c1efbb056510','561a9332-df7c-433e-8b8f-f1264250eb89',2,10,_binary '\0',NULL,NULL);
INSERT INTO `AUTHENTICATION_EXECUTION` (`ID`, `ALIAS`, `AUTHENTICATOR`, `REALM_ID`, `FLOW_ID`, `REQUIREMENT`, `PRIORITY`, `AUTHENTICATOR_FLOW`, `AUTH_FLOW_ID`, `AUTH_CONFIG`) VALUES ('26bc7d1d-9509-4a98-ad4e-ea56af02e946',NULL,'idp-username-password-form','MyReam','286bc6ee-1fbc-4a14-8ef1-50337706b395',0,10,_binary '\0',NULL,NULL);
INSERT INTO `AUTHENTICATION_EXECUTION` (`ID`, `ALIAS`, `AUTHENTICATOR`, `REALM_ID`, `FLOW_ID`, `REQUIREMENT`, `PRIORITY`, `AUTHENTICATOR_FLOW`, `AUTH_FLOW_ID`, `AUTH_CONFIG`) VALUES ('28472964-cec9-4f41-b4e0-e46617734e59',NULL,'registration-password-action','3586be3d-c811-48bd-ac93-c1efbb056510','6af27756-5f01-4f22-991a-5e83e8a6acb6',0,50,_binary '\0',NULL,NULL);
INSERT INTO `AUTHENTICATION_EXECUTION` (`ID`, `ALIAS`, `AUTHENTICATOR`, `REALM_ID`, `FLOW_ID`, `REQUIREMENT`, `PRIORITY`, `AUTHENTICATOR_FLOW`, `AUTH_FLOW_ID`, `AUTH_CONFIG`) VALUES ('2b21bc0e-28a4-435a-a642-91c0ba2bf95f',NULL,'idp-create-user-if-unique','MyReam','e046ec80-0ac3-4db3-bb27-a19d83510a6c',2,10,_binary '\0',NULL,'880746d0-b90d-42b6-9f6f-1f120f963451');
INSERT INTO `AUTHENTICATION_EXECUTION` (`ID`, `ALIAS`, `AUTHENTICATOR`, `REALM_ID`, `FLOW_ID`, `REQUIREMENT`, `PRIORITY`, `AUTHENTICATOR_FLOW`, `AUTH_FLOW_ID`, `AUTH_CONFIG`) VALUES ('2d50b6ca-2377-4f47-bf23-01600b7ac428',NULL,'idp-email-verification','3586be3d-c811-48bd-ac93-c1efbb056510','4ffa8432-9449-4fb8-9843-41cc16038fe1',2,10,_binary '\0',NULL,NULL);
INSERT INTO `AUTHENTICATION_EXECUTION` (`ID`, `ALIAS`, `AUTHENTICATOR`, `REALM_ID`, `FLOW_ID`, `REQUIREMENT`, `PRIORITY`, `AUTHENTICATOR_FLOW`, `AUTH_FLOW_ID`, `AUTH_CONFIG`) VALUES ('2e8dd03b-ffa5-4d11-bece-e72ff0f330a7',NULL,'conditional-user-configured','MyReam','64d8e822-165f-4e62-9c44-9b43b04f3d34',0,10,_binary '\0',NULL,NULL);
INSERT INTO `AUTHENTICATION_EXECUTION` (`ID`, `ALIAS`, `AUTHENTICATOR`, `REALM_ID`, `FLOW_ID`, `REQUIREMENT`, `PRIORITY`, `AUTHENTICATOR_FLOW`, `AUTH_FLOW_ID`, `AUTH_CONFIG`) VALUES ('2f1d15c7-1b55-46b2-9c37-48ce10dda7ce',NULL,NULL,'MyReam','8a8531a3-6d70-47fc-8aba-9725a3d84399',0,20,_binary '','622f1493-724c-445a-b7b3-4f0fea5bd605',NULL);
INSERT INTO `AUTHENTICATION_EXECUTION` (`ID`, `ALIAS`, `AUTHENTICATOR`, `REALM_ID`, `FLOW_ID`, `REQUIREMENT`, `PRIORITY`, `AUTHENTICATOR_FLOW`, `AUTH_FLOW_ID`, `AUTH_CONFIG`) VALUES ('2fbcdab9-c1a3-4772-bb79-076aa5a4ce11',NULL,NULL,'3586be3d-c811-48bd-ac93-c1efbb056510','4ffa8432-9449-4fb8-9843-41cc16038fe1',2,20,_binary '','61995397-1746-4831-a066-1d535f81a3da',NULL);
INSERT INTO `AUTHENTICATION_EXECUTION` (`ID`, `ALIAS`, `AUTHENTICATOR`, `REALM_ID`, `FLOW_ID`, `REQUIREMENT`, `PRIORITY`, `AUTHENTICATOR_FLOW`, `AUTH_FLOW_ID`, `AUTH_CONFIG`) VALUES ('30d50e94-9e85-4d43-a07e-4f334c6672eb',NULL,'client-secret-jwt','3586be3d-c811-48bd-ac93-c1efbb056510','561a9332-df7c-433e-8b8f-f1264250eb89',2,30,_binary '\0',NULL,NULL);
INSERT INTO `AUTHENTICATION_EXECUTION` (`ID`, `ALIAS`, `AUTHENTICATOR`, `REALM_ID`, `FLOW_ID`, `REQUIREMENT`, `PRIORITY`, `AUTHENTICATOR_FLOW`, `AUTH_FLOW_ID`, `AUTH_CONFIG`) VALUES ('3554b36e-13c0-4470-841c-4d37fb438887',NULL,'reset-credential-email','3586be3d-c811-48bd-ac93-c1efbb056510','85310fce-8403-4840-82b5-c701ca8e4501',0,20,_binary '\0',NULL,NULL);
INSERT INTO `AUTHENTICATION_EXECUTION` (`ID`, `ALIAS`, `AUTHENTICATOR`, `REALM_ID`, `FLOW_ID`, `REQUIREMENT`, `PRIORITY`, `AUTHENTICATOR_FLOW`, `AUTH_FLOW_ID`, `AUTH_CONFIG`) VALUES ('35ddb2d2-f06d-4add-951a-07611884a2c7',NULL,'registration-page-form','MyReam','8fb082ca-1f2b-40db-ab59-b0b2f82dce19',0,10,_binary '','bb2d0deb-a9a0-4e70-bc89-c9d72bb48c02',NULL);
INSERT INTO `AUTHENTICATION_EXECUTION` (`ID`, `ALIAS`, `AUTHENTICATOR`, `REALM_ID`, `FLOW_ID`, `REQUIREMENT`, `PRIORITY`, `AUTHENTICATOR_FLOW`, `AUTH_FLOW_ID`, `AUTH_CONFIG`) VALUES ('36f4b574-902c-4490-8c5e-6796c0064f63',NULL,'docker-http-basic-authenticator','MyReam','a916500b-0758-4215-8fbc-69da9d1412e0',0,10,_binary '\0',NULL,NULL);
INSERT INTO `AUTHENTICATION_EXECUTION` (`ID`, `ALIAS`, `AUTHENTICATOR`, `REALM_ID`, `FLOW_ID`, `REQUIREMENT`, `PRIORITY`, `AUTHENTICATOR_FLOW`, `AUTH_FLOW_ID`, `AUTH_CONFIG`) VALUES ('389c4d55-7ced-4db4-ab14-f813653ff212',NULL,'idp-create-user-if-unique','3586be3d-c811-48bd-ac93-c1efbb056510','050f8da2-2de6-4461-8d59-a1a5cb000bd7',2,10,_binary '\0',NULL,'c95e871a-5ffd-4f3b-b7b8-c41b91060df4');
INSERT INTO `AUTHENTICATION_EXECUTION` (`ID`, `ALIAS`, `AUTHENTICATOR`, `REALM_ID`, `FLOW_ID`, `REQUIREMENT`, `PRIORITY`, `AUTHENTICATOR_FLOW`, `AUTH_FLOW_ID`, `AUTH_CONFIG`) VALUES ('3ff6f261-4ec2-4be0-bbee-86b8bac9f153',NULL,'direct-grant-validate-password','3586be3d-c811-48bd-ac93-c1efbb056510','ca6b3f1d-946d-41fc-a2fb-252b374c3059',0,20,_binary '\0',NULL,NULL);
INSERT INTO `AUTHENTICATION_EXECUTION` (`ID`, `ALIAS`, `AUTHENTICATOR`, `REALM_ID`, `FLOW_ID`, `REQUIREMENT`, `PRIORITY`, `AUTHENTICATOR_FLOW`, `AUTH_FLOW_ID`, `AUTH_CONFIG`) VALUES ('40a6a4f7-80a8-4264-ada8-00ebd38fadb3',NULL,'auth-otp-form','MyReam','80e3a6fa-d30e-4d3f-b1a1-b76c531816f1',0,20,_binary '\0',NULL,NULL);
INSERT INTO `AUTHENTICATION_EXECUTION` (`ID`, `ALIAS`, `AUTHENTICATOR`, `REALM_ID`, `FLOW_ID`, `REQUIREMENT`, `PRIORITY`, `AUTHENTICATOR_FLOW`, `AUTH_FLOW_ID`, `AUTH_CONFIG`) VALUES ('43f814b5-2eb6-4dab-ae0c-355108b2d589',NULL,'conditional-user-configured','MyReam','0576e874-3766-4175-90de-e32c02ace5dd',0,10,_binary '\0',NULL,NULL);
INSERT INTO `AUTHENTICATION_EXECUTION` (`ID`, `ALIAS`, `AUTHENTICATOR`, `REALM_ID`, `FLOW_ID`, `REQUIREMENT`, `PRIORITY`, `AUTHENTICATOR_FLOW`, `AUTH_FLOW_ID`, `AUTH_CONFIG`) VALUES ('44b435a0-1c45-4b98-ab18-278ec5f92e62',NULL,'auth-cookie','MyReam','ac63698f-199e-4777-a060-34b7dae785c3',2,10,_binary '\0',NULL,NULL);
INSERT INTO `AUTHENTICATION_EXECUTION` (`ID`, `ALIAS`, `AUTHENTICATOR`, `REALM_ID`, `FLOW_ID`, `REQUIREMENT`, `PRIORITY`, `AUTHENTICATOR_FLOW`, `AUTH_FLOW_ID`, `AUTH_CONFIG`) VALUES ('46658444-d35f-484b-89d6-99a5f69595fa',NULL,NULL,'3586be3d-c811-48bd-ac93-c1efbb056510','85310fce-8403-4840-82b5-c701ca8e4501',1,40,_binary '','4d64e5a0-e7ab-431d-bc07-915c520c8b47',NULL);
INSERT INTO `AUTHENTICATION_EXECUTION` (`ID`, `ALIAS`, `AUTHENTICATOR`, `REALM_ID`, `FLOW_ID`, `REQUIREMENT`, `PRIORITY`, `AUTHENTICATOR_FLOW`, `AUTH_FLOW_ID`, `AUTH_CONFIG`) VALUES ('498a2131-58a0-44f8-921b-608fbc3b4858',NULL,'auth-spnego','MyReam','ac63698f-199e-4777-a060-34b7dae785c3',3,20,_binary '\0',NULL,NULL);
INSERT INTO `AUTHENTICATION_EXECUTION` (`ID`, `ALIAS`, `AUTHENTICATOR`, `REALM_ID`, `FLOW_ID`, `REQUIREMENT`, `PRIORITY`, `AUTHENTICATOR_FLOW`, `AUTH_FLOW_ID`, `AUTH_CONFIG`) VALUES ('4d52d163-6b94-4b29-88b9-fe1491feb69c',NULL,'conditional-user-configured','3586be3d-c811-48bd-ac93-c1efbb056510','5bf4e7b9-e3ed-4e05-8e04-b9512c9dff9d',0,10,_binary '\0',NULL,NULL);
INSERT INTO `AUTHENTICATION_EXECUTION` (`ID`, `ALIAS`, `AUTHENTICATOR`, `REALM_ID`, `FLOW_ID`, `REQUIREMENT`, `PRIORITY`, `AUTHENTICATOR_FLOW`, `AUTH_FLOW_ID`, `AUTH_CONFIG`) VALUES ('4fd46e8c-f523-4e12-b1cf-6efacbbd59be',NULL,NULL,'MyReam','ac63698f-199e-4777-a060-34b7dae785c3',2,30,_binary '','8262c5a4-74ab-409a-a3d0-77e121f76d60',NULL);
INSERT INTO `AUTHENTICATION_EXECUTION` (`ID`, `ALIAS`, `AUTHENTICATOR`, `REALM_ID`, `FLOW_ID`, `REQUIREMENT`, `PRIORITY`, `AUTHENTICATOR_FLOW`, `AUTH_FLOW_ID`, `AUTH_CONFIG`) VALUES ('50d293ab-a4f8-4e24-84b8-dab759f399a2',NULL,NULL,'MyReam','286bc6ee-1fbc-4a14-8ef1-50337706b395',1,20,_binary '','80e3a6fa-d30e-4d3f-b1a1-b76c531816f1',NULL);
INSERT INTO `AUTHENTICATION_EXECUTION` (`ID`, `ALIAS`, `AUTHENTICATOR`, `REALM_ID`, `FLOW_ID`, `REQUIREMENT`, `PRIORITY`, `AUTHENTICATOR_FLOW`, `AUTH_FLOW_ID`, `AUTH_CONFIG`) VALUES ('5100fc0e-b204-4f40-9dc3-88066c8eaca5',NULL,'registration-page-form','3586be3d-c811-48bd-ac93-c1efbb056510','0af19bb8-0372-41c0-8d75-22fb414091fc',0,10,_binary '','6af27756-5f01-4f22-991a-5e83e8a6acb6',NULL);
INSERT INTO `AUTHENTICATION_EXECUTION` (`ID`, `ALIAS`, `AUTHENTICATOR`, `REALM_ID`, `FLOW_ID`, `REQUIREMENT`, `PRIORITY`, `AUTHENTICATOR_FLOW`, `AUTH_FLOW_ID`, `AUTH_CONFIG`) VALUES ('51a2bd74-e322-4491-96b7-ebe12bdc249e',NULL,'registration-recaptcha-action','MyReam','bb2d0deb-a9a0-4e70-bc89-c9d72bb48c02',3,60,_binary '\0',NULL,NULL);
INSERT INTO `AUTHENTICATION_EXECUTION` (`ID`, `ALIAS`, `AUTHENTICATOR`, `REALM_ID`, `FLOW_ID`, `REQUIREMENT`, `PRIORITY`, `AUTHENTICATOR_FLOW`, `AUTH_FLOW_ID`, `AUTH_CONFIG`) VALUES ('51cb3dac-5a69-4d22-87f8-908b661fa6d4',NULL,'client-jwt','MyReam','aa1b42d5-e75b-4aa1-bd4a-886191fd8402',2,20,_binary '\0',NULL,NULL);
INSERT INTO `AUTHENTICATION_EXECUTION` (`ID`, `ALIAS`, `AUTHENTICATOR`, `REALM_ID`, `FLOW_ID`, `REQUIREMENT`, `PRIORITY`, `AUTHENTICATOR_FLOW`, `AUTH_FLOW_ID`, `AUTH_CONFIG`) VALUES ('585c957a-afd1-406f-aa01-df7cb1462601',NULL,'reset-password','MyReam','42b819ac-0fc7-459c-848b-0583d4ed8336',0,30,_binary '\0',NULL,NULL);
INSERT INTO `AUTHENTICATION_EXECUTION` (`ID`, `ALIAS`, `AUTHENTICATOR`, `REALM_ID`, `FLOW_ID`, `REQUIREMENT`, `PRIORITY`, `AUTHENTICATOR_FLOW`, `AUTH_FLOW_ID`, `AUTH_CONFIG`) VALUES ('5a48103f-b601-4cfc-8cd0-d6f226d84967',NULL,NULL,'3586be3d-c811-48bd-ac93-c1efbb056510','be380017-96c1-49ca-bf03-673f2feb17ee',0,20,_binary '','050f8da2-2de6-4461-8d59-a1a5cb000bd7',NULL);
INSERT INTO `AUTHENTICATION_EXECUTION` (`ID`, `ALIAS`, `AUTHENTICATOR`, `REALM_ID`, `FLOW_ID`, `REQUIREMENT`, `PRIORITY`, `AUTHENTICATOR_FLOW`, `AUTH_FLOW_ID`, `AUTH_CONFIG`) VALUES ('5ba707d3-7250-4b4e-acc8-e988873cedab',NULL,'auth-otp-form','MyReam','f9d1dded-78d4-474a-a465-4c27630f0e99',0,20,_binary '\0',NULL,NULL);
INSERT INTO `AUTHENTICATION_EXECUTION` (`ID`, `ALIAS`, `AUTHENTICATOR`, `REALM_ID`, `FLOW_ID`, `REQUIREMENT`, `PRIORITY`, `AUTHENTICATOR_FLOW`, `AUTH_FLOW_ID`, `AUTH_CONFIG`) VALUES ('5db2ca0b-4ee2-477c-afc3-1692560ca25e',NULL,'auth-spnego','3586be3d-c811-48bd-ac93-c1efbb056510','3a346f34-9b23-40c5-9958-a2408e7df171',3,20,_binary '\0',NULL,NULL);
INSERT INTO `AUTHENTICATION_EXECUTION` (`ID`, `ALIAS`, `AUTHENTICATOR`, `REALM_ID`, `FLOW_ID`, `REQUIREMENT`, `PRIORITY`, `AUTHENTICATOR_FLOW`, `AUTH_FLOW_ID`, `AUTH_CONFIG`) VALUES ('643b18a4-5fba-4856-ab4b-612636f8cc73',NULL,'registration-user-creation','MyReam','bb2d0deb-a9a0-4e70-bc89-c9d72bb48c02',0,20,_binary '\0',NULL,NULL);
INSERT INTO `AUTHENTICATION_EXECUTION` (`ID`, `ALIAS`, `AUTHENTICATOR`, `REALM_ID`, `FLOW_ID`, `REQUIREMENT`, `PRIORITY`, `AUTHENTICATOR_FLOW`, `AUTH_FLOW_ID`, `AUTH_CONFIG`) VALUES ('67293da4-74a1-460a-bfa8-6aaa7d15fd06',NULL,NULL,'3586be3d-c811-48bd-ac93-c1efbb056510','050f8da2-2de6-4461-8d59-a1a5cb000bd7',2,20,_binary '','bb720eaf-c963-4b9c-a308-090cbb2c45ed',NULL);
INSERT INTO `AUTHENTICATION_EXECUTION` (`ID`, `ALIAS`, `AUTHENTICATOR`, `REALM_ID`, `FLOW_ID`, `REQUIREMENT`, `PRIORITY`, `AUTHENTICATOR_FLOW`, `AUTH_FLOW_ID`, `AUTH_CONFIG`) VALUES ('6916fcd9-a7ed-434d-b80a-44772bdbb9fd',NULL,'no-cookie-redirect','MyReam','8a8531a3-6d70-47fc-8aba-9725a3d84399',0,10,_binary '\0',NULL,NULL);
INSERT INTO `AUTHENTICATION_EXECUTION` (`ID`, `ALIAS`, `AUTHENTICATOR`, `REALM_ID`, `FLOW_ID`, `REQUIREMENT`, `PRIORITY`, `AUTHENTICATOR_FLOW`, `AUTH_FLOW_ID`, `AUTH_CONFIG`) VALUES ('6ac513e9-3be9-4404-ba66-3beb2c15b42e',NULL,'idp-review-profile','3586be3d-c811-48bd-ac93-c1efbb056510','be380017-96c1-49ca-bf03-673f2feb17ee',0,10,_binary '\0',NULL,'4f162818-21d5-417e-8a0a-4c6831785fc1');
INSERT INTO `AUTHENTICATION_EXECUTION` (`ID`, `ALIAS`, `AUTHENTICATOR`, `REALM_ID`, `FLOW_ID`, `REQUIREMENT`, `PRIORITY`, `AUTHENTICATOR_FLOW`, `AUTH_FLOW_ID`, `AUTH_CONFIG`) VALUES ('72cf3e20-73e0-401e-9e4c-b9bef6061184',NULL,'client-secret','MyReam','aa1b42d5-e75b-4aa1-bd4a-886191fd8402',2,10,_binary '\0',NULL,NULL);
INSERT INTO `AUTHENTICATION_EXECUTION` (`ID`, `ALIAS`, `AUTHENTICATOR`, `REALM_ID`, `FLOW_ID`, `REQUIREMENT`, `PRIORITY`, `AUTHENTICATOR_FLOW`, `AUTH_FLOW_ID`, `AUTH_CONFIG`) VALUES ('75998b26-0b6b-4d54-82a1-753bcf4aaf28',NULL,'auth-username-password-form','MyReam','8262c5a4-74ab-409a-a3d0-77e121f76d60',0,10,_binary '\0',NULL,NULL);
INSERT INTO `AUTHENTICATION_EXECUTION` (`ID`, `ALIAS`, `AUTHENTICATOR`, `REALM_ID`, `FLOW_ID`, `REQUIREMENT`, `PRIORITY`, `AUTHENTICATOR_FLOW`, `AUTH_FLOW_ID`, `AUTH_CONFIG`) VALUES ('76793c49-599f-4c1b-b4c3-08f3e0e374ee',NULL,'reset-password','3586be3d-c811-48bd-ac93-c1efbb056510','85310fce-8403-4840-82b5-c701ca8e4501',0,30,_binary '\0',NULL,NULL);
INSERT INTO `AUTHENTICATION_EXECUTION` (`ID`, `ALIAS`, `AUTHENTICATOR`, `REALM_ID`, `FLOW_ID`, `REQUIREMENT`, `PRIORITY`, `AUTHENTICATOR_FLOW`, `AUTH_FLOW_ID`, `AUTH_CONFIG`) VALUES ('7a14f094-809f-4ccb-84fc-e9574ab4fbfc',NULL,'identity-provider-redirector','MyReam','ac63698f-199e-4777-a060-34b7dae785c3',2,25,_binary '\0',NULL,NULL);
INSERT INTO `AUTHENTICATION_EXECUTION` (`ID`, `ALIAS`, `AUTHENTICATOR`, `REALM_ID`, `FLOW_ID`, `REQUIREMENT`, `PRIORITY`, `AUTHENTICATOR_FLOW`, `AUTH_FLOW_ID`, `AUTH_CONFIG`) VALUES ('7c664ce6-f3c4-4661-b915-2134c182a186',NULL,'http-basic-authenticator','3586be3d-c811-48bd-ac93-c1efbb056510','ae572541-3cf9-4a93-a717-1cf4c841c9dd',0,10,_binary '\0',NULL,NULL);
INSERT INTO `AUTHENTICATION_EXECUTION` (`ID`, `ALIAS`, `AUTHENTICATOR`, `REALM_ID`, `FLOW_ID`, `REQUIREMENT`, `PRIORITY`, `AUTHENTICATOR_FLOW`, `AUTH_FLOW_ID`, `AUTH_CONFIG`) VALUES ('81b11d80-ef2e-45a7-80e1-66f7550c8a62',NULL,'client-secret-jwt','MyReam','aa1b42d5-e75b-4aa1-bd4a-886191fd8402',2,30,_binary '\0',NULL,NULL);
INSERT INTO `AUTHENTICATION_EXECUTION` (`ID`, `ALIAS`, `AUTHENTICATOR`, `REALM_ID`, `FLOW_ID`, `REQUIREMENT`, `PRIORITY`, `AUTHENTICATOR_FLOW`, `AUTH_FLOW_ID`, `AUTH_CONFIG`) VALUES ('8875f937-a11b-40dc-ae62-c674fc020a4f',NULL,'reset-credentials-choose-user','3586be3d-c811-48bd-ac93-c1efbb056510','85310fce-8403-4840-82b5-c701ca8e4501',0,10,_binary '\0',NULL,NULL);
INSERT INTO `AUTHENTICATION_EXECUTION` (`ID`, `ALIAS`, `AUTHENTICATOR`, `REALM_ID`, `FLOW_ID`, `REQUIREMENT`, `PRIORITY`, `AUTHENTICATOR_FLOW`, `AUTH_FLOW_ID`, `AUTH_CONFIG`) VALUES ('89789c05-99aa-46c8-a9e5-6ea0f0591c84',NULL,'registration-password-action','MyReam','bb2d0deb-a9a0-4e70-bc89-c9d72bb48c02',0,50,_binary '\0',NULL,NULL);
INSERT INTO `AUTHENTICATION_EXECUTION` (`ID`, `ALIAS`, `AUTHENTICATOR`, `REALM_ID`, `FLOW_ID`, `REQUIREMENT`, `PRIORITY`, `AUTHENTICATOR_FLOW`, `AUTH_FLOW_ID`, `AUTH_CONFIG`) VALUES ('8c2127c1-67e0-440f-8dca-c05ae7228a8b',NULL,'docker-http-basic-authenticator','3586be3d-c811-48bd-ac93-c1efbb056510','f056ba3d-8ec5-43a4-a949-aa71b70060e8',0,10,_binary '\0',NULL,NULL);
INSERT INTO `AUTHENTICATION_EXECUTION` (`ID`, `ALIAS`, `AUTHENTICATOR`, `REALM_ID`, `FLOW_ID`, `REQUIREMENT`, `PRIORITY`, `AUTHENTICATOR_FLOW`, `AUTH_FLOW_ID`, `AUTH_CONFIG`) VALUES ('8c587e69-000d-49af-b546-de463123ca7f',NULL,'http-basic-authenticator','MyReam','f872f571-1db1-4f6e-a96f-3dfe2265ae84',0,10,_binary '\0',NULL,NULL);
INSERT INTO `AUTHENTICATION_EXECUTION` (`ID`, `ALIAS`, `AUTHENTICATOR`, `REALM_ID`, `FLOW_ID`, `REQUIREMENT`, `PRIORITY`, `AUTHENTICATOR_FLOW`, `AUTH_FLOW_ID`, `AUTH_CONFIG`) VALUES ('8fe11744-5bd2-4657-97ba-259e3fb72481',NULL,NULL,'3586be3d-c811-48bd-ac93-c1efbb056510','ca6b3f1d-946d-41fc-a2fb-252b374c3059',1,30,_binary '','5bf4e7b9-e3ed-4e05-8e04-b9512c9dff9d',NULL);
INSERT INTO `AUTHENTICATION_EXECUTION` (`ID`, `ALIAS`, `AUTHENTICATOR`, `REALM_ID`, `FLOW_ID`, `REQUIREMENT`, `PRIORITY`, `AUTHENTICATOR_FLOW`, `AUTH_FLOW_ID`, `AUTH_CONFIG`) VALUES ('90a392ea-ec94-4982-8383-334113bcf80f',NULL,NULL,'MyReam','a4338ca9-ae5b-415b-9a2e-653b1c68fc06',2,20,_binary '','286bc6ee-1fbc-4a14-8ef1-50337706b395',NULL);
INSERT INTO `AUTHENTICATION_EXECUTION` (`ID`, `ALIAS`, `AUTHENTICATOR`, `REALM_ID`, `FLOW_ID`, `REQUIREMENT`, `PRIORITY`, `AUTHENTICATOR_FLOW`, `AUTH_FLOW_ID`, `AUTH_CONFIG`) VALUES ('98e9a484-738d-467c-8cf3-efa967c33528',NULL,'direct-grant-validate-otp','MyReam','0576e874-3766-4175-90de-e32c02ace5dd',0,20,_binary '\0',NULL,NULL);
INSERT INTO `AUTHENTICATION_EXECUTION` (`ID`, `ALIAS`, `AUTHENTICATOR`, `REALM_ID`, `FLOW_ID`, `REQUIREMENT`, `PRIORITY`, `AUTHENTICATOR_FLOW`, `AUTH_FLOW_ID`, `AUTH_CONFIG`) VALUES ('99e22067-25ac-4629-b22e-c5076a6492d6',NULL,'direct-grant-validate-otp','3586be3d-c811-48bd-ac93-c1efbb056510','5bf4e7b9-e3ed-4e05-8e04-b9512c9dff9d',0,20,_binary '\0',NULL,NULL);
INSERT INTO `AUTHENTICATION_EXECUTION` (`ID`, `ALIAS`, `AUTHENTICATOR`, `REALM_ID`, `FLOW_ID`, `REQUIREMENT`, `PRIORITY`, `AUTHENTICATOR_FLOW`, `AUTH_FLOW_ID`, `AUTH_CONFIG`) VALUES ('9b46a68e-20bc-4781-9331-0712b7e3bb70',NULL,NULL,'3586be3d-c811-48bd-ac93-c1efbb056510','879767e6-6daa-413e-a459-ba2fe72fe7d3',1,20,_binary '','2cb7688a-e4b5-4b28-85eb-f18c0047fdca',NULL);
INSERT INTO `AUTHENTICATION_EXECUTION` (`ID`, `ALIAS`, `AUTHENTICATOR`, `REALM_ID`, `FLOW_ID`, `REQUIREMENT`, `PRIORITY`, `AUTHENTICATOR_FLOW`, `AUTH_FLOW_ID`, `AUTH_CONFIG`) VALUES ('9dbefe84-1963-4741-82f7-13749a1c880f',NULL,'auth-cookie','3586be3d-c811-48bd-ac93-c1efbb056510','3a346f34-9b23-40c5-9958-a2408e7df171',2,10,_binary '\0',NULL,NULL);
INSERT INTO `AUTHENTICATION_EXECUTION` (`ID`, `ALIAS`, `AUTHENTICATOR`, `REALM_ID`, `FLOW_ID`, `REQUIREMENT`, `PRIORITY`, `AUTHENTICATOR_FLOW`, `AUTH_FLOW_ID`, `AUTH_CONFIG`) VALUES ('a1f02c77-7532-4e5a-8646-1a839ae16790',NULL,'idp-review-profile','MyReam','39f43e3a-e870-42b4-94dc-6092c5fa92b1',0,10,_binary '\0',NULL,'80663938-dc19-4fb6-b3ab-591b0e139529');
INSERT INTO `AUTHENTICATION_EXECUTION` (`ID`, `ALIAS`, `AUTHENTICATOR`, `REALM_ID`, `FLOW_ID`, `REQUIREMENT`, `PRIORITY`, `AUTHENTICATOR_FLOW`, `AUTH_FLOW_ID`, `AUTH_CONFIG`) VALUES ('a4691d6e-2f5b-4e88-bccc-42df024526e7',NULL,'direct-grant-validate-username','3586be3d-c811-48bd-ac93-c1efbb056510','ca6b3f1d-946d-41fc-a2fb-252b374c3059',0,10,_binary '\0',NULL,NULL);
INSERT INTO `AUTHENTICATION_EXECUTION` (`ID`, `ALIAS`, `AUTHENTICATOR`, `REALM_ID`, `FLOW_ID`, `REQUIREMENT`, `PRIORITY`, `AUTHENTICATOR_FLOW`, `AUTH_FLOW_ID`, `AUTH_CONFIG`) VALUES ('a4fb2cc7-491c-4d17-8222-5f15f7a796a9',NULL,'client-x509','3586be3d-c811-48bd-ac93-c1efbb056510','561a9332-df7c-433e-8b8f-f1264250eb89',2,40,_binary '\0',NULL,NULL);
INSERT INTO `AUTHENTICATION_EXECUTION` (`ID`, `ALIAS`, `AUTHENTICATOR`, `REALM_ID`, `FLOW_ID`, `REQUIREMENT`, `PRIORITY`, `AUTHENTICATOR_FLOW`, `AUTH_FLOW_ID`, `AUTH_CONFIG`) VALUES ('a7ce6a4c-3dcd-414e-aa9d-0876fe3e0234',NULL,'client-x509','MyReam','aa1b42d5-e75b-4aa1-bd4a-886191fd8402',2,40,_binary '\0',NULL,NULL);
INSERT INTO `AUTHENTICATION_EXECUTION` (`ID`, `ALIAS`, `AUTHENTICATOR`, `REALM_ID`, `FLOW_ID`, `REQUIREMENT`, `PRIORITY`, `AUTHENTICATOR_FLOW`, `AUTH_FLOW_ID`, `AUTH_CONFIG`) VALUES ('a976196b-5894-4c63-9a61-36fa95083a98',NULL,'auth-spnego','3586be3d-c811-48bd-ac93-c1efbb056510','d9d8cfd9-e3fb-4967-a909-aff98fd69703',3,30,_binary '\0',NULL,NULL);
INSERT INTO `AUTHENTICATION_EXECUTION` (`ID`, `ALIAS`, `AUTHENTICATOR`, `REALM_ID`, `FLOW_ID`, `REQUIREMENT`, `PRIORITY`, `AUTHENTICATOR_FLOW`, `AUTH_FLOW_ID`, `AUTH_CONFIG`) VALUES ('a9966e29-455f-48cf-a9de-cd616d99934c',NULL,NULL,'MyReam','39f43e3a-e870-42b4-94dc-6092c5fa92b1',0,20,_binary '','e046ec80-0ac3-4db3-bb27-a19d83510a6c',NULL);
INSERT INTO `AUTHENTICATION_EXECUTION` (`ID`, `ALIAS`, `AUTHENTICATOR`, `REALM_ID`, `FLOW_ID`, `REQUIREMENT`, `PRIORITY`, `AUTHENTICATOR_FLOW`, `AUTH_FLOW_ID`, `AUTH_CONFIG`) VALUES ('acee52bb-fdec-4e1b-b278-377b6b562e25',NULL,'identity-provider-redirector','3586be3d-c811-48bd-ac93-c1efbb056510','3a346f34-9b23-40c5-9958-a2408e7df171',2,25,_binary '\0',NULL,NULL);
INSERT INTO `AUTHENTICATION_EXECUTION` (`ID`, `ALIAS`, `AUTHENTICATOR`, `REALM_ID`, `FLOW_ID`, `REQUIREMENT`, `PRIORITY`, `AUTHENTICATOR_FLOW`, `AUTH_FLOW_ID`, `AUTH_CONFIG`) VALUES ('b253612d-b9aa-4e2f-9dca-2762b3feb2c0',NULL,'reset-credential-email','MyReam','42b819ac-0fc7-459c-848b-0583d4ed8336',0,20,_binary '\0',NULL,NULL);
INSERT INTO `AUTHENTICATION_EXECUTION` (`ID`, `ALIAS`, `AUTHENTICATOR`, `REALM_ID`, `FLOW_ID`, `REQUIREMENT`, `PRIORITY`, `AUTHENTICATOR_FLOW`, `AUTH_FLOW_ID`, `AUTH_CONFIG`) VALUES ('b36279f7-655f-4d77-b015-606578514236',NULL,'auth-username-password-form','3586be3d-c811-48bd-ac93-c1efbb056510','879767e6-6daa-413e-a459-ba2fe72fe7d3',0,10,_binary '\0',NULL,NULL);
INSERT INTO `AUTHENTICATION_EXECUTION` (`ID`, `ALIAS`, `AUTHENTICATOR`, `REALM_ID`, `FLOW_ID`, `REQUIREMENT`, `PRIORITY`, `AUTHENTICATOR_FLOW`, `AUTH_FLOW_ID`, `AUTH_CONFIG`) VALUES ('b973b687-512e-4fc9-ba88-dd1e4f0d8fa4',NULL,'registration-user-creation','3586be3d-c811-48bd-ac93-c1efbb056510','6af27756-5f01-4f22-991a-5e83e8a6acb6',0,20,_binary '\0',NULL,NULL);
INSERT INTO `AUTHENTICATION_EXECUTION` (`ID`, `ALIAS`, `AUTHENTICATOR`, `REALM_ID`, `FLOW_ID`, `REQUIREMENT`, `PRIORITY`, `AUTHENTICATOR_FLOW`, `AUTH_FLOW_ID`, `AUTH_CONFIG`) VALUES ('ba6a3545-7b44-4799-a9bb-d52db0d00cfb',NULL,NULL,'3586be3d-c811-48bd-ac93-c1efbb056510','f51344b3-1767-459c-842b-48538a5fce9d',0,20,_binary '','d9d8cfd9-e3fb-4967-a909-aff98fd69703',NULL);
INSERT INTO `AUTHENTICATION_EXECUTION` (`ID`, `ALIAS`, `AUTHENTICATOR`, `REALM_ID`, `FLOW_ID`, `REQUIREMENT`, `PRIORITY`, `AUTHENTICATOR_FLOW`, `AUTH_FLOW_ID`, `AUTH_CONFIG`) VALUES ('bc77e1e2-fc41-413f-82d8-5efcaa16e77f',NULL,'reset-otp','3586be3d-c811-48bd-ac93-c1efbb056510','4d64e5a0-e7ab-431d-bc07-915c520c8b47',0,20,_binary '\0',NULL,NULL);
INSERT INTO `AUTHENTICATION_EXECUTION` (`ID`, `ALIAS`, `AUTHENTICATOR`, `REALM_ID`, `FLOW_ID`, `REQUIREMENT`, `PRIORITY`, `AUTHENTICATOR_FLOW`, `AUTH_FLOW_ID`, `AUTH_CONFIG`) VALUES ('bf12e70e-72e1-4aa3-9d2d-ffebfd07ce7b',NULL,'conditional-user-configured','3586be3d-c811-48bd-ac93-c1efbb056510','1de6140a-c5b4-4eee-987a-30c1ee3fb149',0,10,_binary '\0',NULL,NULL);
INSERT INTO `AUTHENTICATION_EXECUTION` (`ID`, `ALIAS`, `AUTHENTICATOR`, `REALM_ID`, `FLOW_ID`, `REQUIREMENT`, `PRIORITY`, `AUTHENTICATOR_FLOW`, `AUTH_FLOW_ID`, `AUTH_CONFIG`) VALUES ('c44310b6-1f71-4f76-b035-796d89bbb0c1',NULL,NULL,'MyReam','eebc9bbb-0b17-4d62-9fcd-380f1ba54520',1,30,_binary '','0576e874-3766-4175-90de-e32c02ace5dd',NULL);
INSERT INTO `AUTHENTICATION_EXECUTION` (`ID`, `ALIAS`, `AUTHENTICATOR`, `REALM_ID`, `FLOW_ID`, `REQUIREMENT`, `PRIORITY`, `AUTHENTICATOR_FLOW`, `AUTH_FLOW_ID`, `AUTH_CONFIG`) VALUES ('c86f9360-8c6d-4378-9dc9-f5f6f5408dc3',NULL,NULL,'MyReam','42b819ac-0fc7-459c-848b-0583d4ed8336',1,40,_binary '','64d8e822-165f-4e62-9c44-9b43b04f3d34',NULL);
INSERT INTO `AUTHENTICATION_EXECUTION` (`ID`, `ALIAS`, `AUTHENTICATOR`, `REALM_ID`, `FLOW_ID`, `REQUIREMENT`, `PRIORITY`, `AUTHENTICATOR_FLOW`, `AUTH_FLOW_ID`, `AUTH_CONFIG`) VALUES ('c9cac6ad-5d79-4287-a5eb-60ef75f41828',NULL,'idp-email-verification','MyReam','a4338ca9-ae5b-415b-9a2e-653b1c68fc06',2,10,_binary '\0',NULL,NULL);
INSERT INTO `AUTHENTICATION_EXECUTION` (`ID`, `ALIAS`, `AUTHENTICATOR`, `REALM_ID`, `FLOW_ID`, `REQUIREMENT`, `PRIORITY`, `AUTHENTICATOR_FLOW`, `AUTH_FLOW_ID`, `AUTH_CONFIG`) VALUES ('cb5df963-6624-4f98-8c38-7acb1a9d924c',NULL,'idp-confirm-link','3586be3d-c811-48bd-ac93-c1efbb056510','bb720eaf-c963-4b9c-a308-090cbb2c45ed',0,10,_binary '\0',NULL,NULL);
INSERT INTO `AUTHENTICATION_EXECUTION` (`ID`, `ALIAS`, `AUTHENTICATOR`, `REALM_ID`, `FLOW_ID`, `REQUIREMENT`, `PRIORITY`, `AUTHENTICATOR_FLOW`, `AUTH_FLOW_ID`, `AUTH_CONFIG`) VALUES ('cfff47c8-142a-491f-a111-1b13eb2ebe18',NULL,'reset-credentials-choose-user','MyReam','42b819ac-0fc7-459c-848b-0583d4ed8336',0,10,_binary '\0',NULL,NULL);
INSERT INTO `AUTHENTICATION_EXECUTION` (`ID`, `ALIAS`, `AUTHENTICATOR`, `REALM_ID`, `FLOW_ID`, `REQUIREMENT`, `PRIORITY`, `AUTHENTICATOR_FLOW`, `AUTH_FLOW_ID`, `AUTH_CONFIG`) VALUES ('d25bc144-6d5d-4cd5-ab3c-86052b2648e9',NULL,'idp-username-password-form','3586be3d-c811-48bd-ac93-c1efbb056510','61995397-1746-4831-a066-1d535f81a3da',0,10,_binary '\0',NULL,NULL);
INSERT INTO `AUTHENTICATION_EXECUTION` (`ID`, `ALIAS`, `AUTHENTICATOR`, `REALM_ID`, `FLOW_ID`, `REQUIREMENT`, `PRIORITY`, `AUTHENTICATOR_FLOW`, `AUTH_FLOW_ID`, `AUTH_CONFIG`) VALUES ('d393a3c7-e709-40c9-9958-c4ba5009140a',NULL,'conditional-user-configured','MyReam','f9d1dded-78d4-474a-a465-4c27630f0e99',0,10,_binary '\0',NULL,NULL);
INSERT INTO `AUTHENTICATION_EXECUTION` (`ID`, `ALIAS`, `AUTHENTICATOR`, `REALM_ID`, `FLOW_ID`, `REQUIREMENT`, `PRIORITY`, `AUTHENTICATOR_FLOW`, `AUTH_FLOW_ID`, `AUTH_CONFIG`) VALUES ('d5e4e4de-4c86-4330-b1ac-6cbf59b4d2d6',NULL,'conditional-user-configured','3586be3d-c811-48bd-ac93-c1efbb056510','4d64e5a0-e7ab-431d-bc07-915c520c8b47',0,10,_binary '\0',NULL,NULL);
INSERT INTO `AUTHENTICATION_EXECUTION` (`ID`, `ALIAS`, `AUTHENTICATOR`, `REALM_ID`, `FLOW_ID`, `REQUIREMENT`, `PRIORITY`, `AUTHENTICATOR_FLOW`, `AUTH_FLOW_ID`, `AUTH_CONFIG`) VALUES ('dc71fcba-b266-4204-ae30-ac3b2ceb1924',NULL,'conditional-user-configured','MyReam','80e3a6fa-d30e-4d3f-b1a1-b76c531816f1',0,10,_binary '\0',NULL,NULL);
INSERT INTO `AUTHENTICATION_EXECUTION` (`ID`, `ALIAS`, `AUTHENTICATOR`, `REALM_ID`, `FLOW_ID`, `REQUIREMENT`, `PRIORITY`, `AUTHENTICATOR_FLOW`, `AUTH_FLOW_ID`, `AUTH_CONFIG`) VALUES ('df7e4bfd-8ceb-4d7b-9391-32e6dfb65a7a',NULL,'direct-grant-validate-password','MyReam','eebc9bbb-0b17-4d62-9fcd-380f1ba54520',0,20,_binary '\0',NULL,NULL);
INSERT INTO `AUTHENTICATION_EXECUTION` (`ID`, `ALIAS`, `AUTHENTICATOR`, `REALM_ID`, `FLOW_ID`, `REQUIREMENT`, `PRIORITY`, `AUTHENTICATOR_FLOW`, `AUTH_FLOW_ID`, `AUTH_CONFIG`) VALUES ('e094875d-87a1-4504-a1f8-d956452229fe',NULL,'registration-recaptcha-action','3586be3d-c811-48bd-ac93-c1efbb056510','6af27756-5f01-4f22-991a-5e83e8a6acb6',3,60,_binary '\0',NULL,NULL);
INSERT INTO `AUTHENTICATION_EXECUTION` (`ID`, `ALIAS`, `AUTHENTICATOR`, `REALM_ID`, `FLOW_ID`, `REQUIREMENT`, `PRIORITY`, `AUTHENTICATOR_FLOW`, `AUTH_FLOW_ID`, `AUTH_CONFIG`) VALUES ('e290f4ab-bbfc-481e-bec7-1b567a9532ea',NULL,NULL,'MyReam','8262c5a4-74ab-409a-a3d0-77e121f76d60',1,20,_binary '','f9d1dded-78d4-474a-a465-4c27630f0e99',NULL);
INSERT INTO `AUTHENTICATION_EXECUTION` (`ID`, `ALIAS`, `AUTHENTICATOR`, `REALM_ID`, `FLOW_ID`, `REQUIREMENT`, `PRIORITY`, `AUTHENTICATOR_FLOW`, `AUTH_FLOW_ID`, `AUTH_CONFIG`) VALUES ('e34fdb77-fc35-4e41-9333-3c56f0c0f544',NULL,NULL,'MyReam','e046ec80-0ac3-4db3-bb27-a19d83510a6c',2,20,_binary '','8098da3b-159b-4862-8711-3b607d76f4bc',NULL);
INSERT INTO `AUTHENTICATION_EXECUTION` (`ID`, `ALIAS`, `AUTHENTICATOR`, `REALM_ID`, `FLOW_ID`, `REQUIREMENT`, `PRIORITY`, `AUTHENTICATOR_FLOW`, `AUTH_FLOW_ID`, `AUTH_CONFIG`) VALUES ('e51f40e1-26fb-49ca-88f4-8890010aafa2',NULL,'registration-profile-action','MyReam','bb2d0deb-a9a0-4e70-bc89-c9d72bb48c02',0,40,_binary '\0',NULL,NULL);
INSERT INTO `AUTHENTICATION_EXECUTION` (`ID`, `ALIAS`, `AUTHENTICATOR`, `REALM_ID`, `FLOW_ID`, `REQUIREMENT`, `PRIORITY`, `AUTHENTICATOR_FLOW`, `AUTH_FLOW_ID`, `AUTH_CONFIG`) VALUES ('e85713a4-919d-40dd-88dc-020b8fc27a6b',NULL,'basic-auth-otp','MyReam','622f1493-724c-445a-b7b3-4f0fea5bd605',3,20,_binary '\0',NULL,NULL);
INSERT INTO `AUTHENTICATION_EXECUTION` (`ID`, `ALIAS`, `AUTHENTICATOR`, `REALM_ID`, `FLOW_ID`, `REQUIREMENT`, `PRIORITY`, `AUTHENTICATOR_FLOW`, `AUTH_FLOW_ID`, `AUTH_CONFIG`) VALUES ('eaee98b9-60d5-40b3-96d2-3dbf00619894',NULL,'conditional-user-configured','3586be3d-c811-48bd-ac93-c1efbb056510','2cb7688a-e4b5-4b28-85eb-f18c0047fdca',0,10,_binary '\0',NULL,NULL);
INSERT INTO `AUTHENTICATION_EXECUTION` (`ID`, `ALIAS`, `AUTHENTICATOR`, `REALM_ID`, `FLOW_ID`, `REQUIREMENT`, `PRIORITY`, `AUTHENTICATOR_FLOW`, `AUTH_FLOW_ID`, `AUTH_CONFIG`) VALUES ('f0063f29-9a50-4285-b4fc-7ae145d89d80',NULL,'basic-auth-otp','3586be3d-c811-48bd-ac93-c1efbb056510','d9d8cfd9-e3fb-4967-a909-aff98fd69703',3,20,_binary '\0',NULL,NULL);
INSERT INTO `AUTHENTICATION_EXECUTION` (`ID`, `ALIAS`, `AUTHENTICATOR`, `REALM_ID`, `FLOW_ID`, `REQUIREMENT`, `PRIORITY`, `AUTHENTICATOR_FLOW`, `AUTH_FLOW_ID`, `AUTH_CONFIG`) VALUES ('f095d95c-2c7b-44e5-b45f-e42096717104',NULL,'basic-auth','MyReam','622f1493-724c-445a-b7b3-4f0fea5bd605',0,10,_binary '\0',NULL,NULL);
INSERT INTO `AUTHENTICATION_EXECUTION` (`ID`, `ALIAS`, `AUTHENTICATOR`, `REALM_ID`, `FLOW_ID`, `REQUIREMENT`, `PRIORITY`, `AUTHENTICATOR_FLOW`, `AUTH_FLOW_ID`, `AUTH_CONFIG`) VALUES ('f130fce6-4fed-429f-8a36-18df45e535bb',NULL,'auth-otp-form','3586be3d-c811-48bd-ac93-c1efbb056510','2cb7688a-e4b5-4b28-85eb-f18c0047fdca',0,20,_binary '\0',NULL,NULL);
INSERT INTO `AUTHENTICATION_EXECUTION` (`ID`, `ALIAS`, `AUTHENTICATOR`, `REALM_ID`, `FLOW_ID`, `REQUIREMENT`, `PRIORITY`, `AUTHENTICATOR_FLOW`, `AUTH_FLOW_ID`, `AUTH_CONFIG`) VALUES ('f1a225a0-4d4c-49cb-bc92-d54fc102601e',NULL,'direct-grant-validate-username','MyReam','eebc9bbb-0b17-4d62-9fcd-380f1ba54520',0,10,_binary '\0',NULL,NULL);
INSERT INTO `AUTHENTICATION_EXECUTION` (`ID`, `ALIAS`, `AUTHENTICATOR`, `REALM_ID`, `FLOW_ID`, `REQUIREMENT`, `PRIORITY`, `AUTHENTICATOR_FLOW`, `AUTH_FLOW_ID`, `AUTH_CONFIG`) VALUES ('f3bd04a4-2fe5-4012-933b-73b8dfec0441',NULL,'auth-otp-form','3586be3d-c811-48bd-ac93-c1efbb056510','1de6140a-c5b4-4eee-987a-30c1ee3fb149',0,20,_binary '\0',NULL,NULL);
INSERT INTO `AUTHENTICATION_EXECUTION` (`ID`, `ALIAS`, `AUTHENTICATOR`, `REALM_ID`, `FLOW_ID`, `REQUIREMENT`, `PRIORITY`, `AUTHENTICATOR_FLOW`, `AUTH_FLOW_ID`, `AUTH_CONFIG`) VALUES ('f644fce4-e7aa-4236-8202-06a0df4f3560',NULL,'client-jwt','3586be3d-c811-48bd-ac93-c1efbb056510','561a9332-df7c-433e-8b8f-f1264250eb89',2,20,_binary '\0',NULL,NULL);
INSERT INTO `AUTHENTICATION_EXECUTION` (`ID`, `ALIAS`, `AUTHENTICATOR`, `REALM_ID`, `FLOW_ID`, `REQUIREMENT`, `PRIORITY`, `AUTHENTICATOR_FLOW`, `AUTH_FLOW_ID`, `AUTH_CONFIG`) VALUES ('f679cac2-f9f0-4610-a922-716db2bc4f70',NULL,'registration-profile-action','3586be3d-c811-48bd-ac93-c1efbb056510','6af27756-5f01-4f22-991a-5e83e8a6acb6',0,40,_binary '\0',NULL,NULL);
INSERT INTO `AUTHENTICATION_EXECUTION` (`ID`, `ALIAS`, `AUTHENTICATOR`, `REALM_ID`, `FLOW_ID`, `REQUIREMENT`, `PRIORITY`, `AUTHENTICATOR_FLOW`, `AUTH_FLOW_ID`, `AUTH_CONFIG`) VALUES ('f904e651-a328-4b67-ade6-c44f05aaed2a',NULL,'auth-spnego','MyReam','622f1493-724c-445a-b7b3-4f0fea5bd605',3,30,_binary '\0',NULL,NULL);
INSERT INTO `AUTHENTICATION_EXECUTION` (`ID`, `ALIAS`, `AUTHENTICATOR`, `REALM_ID`, `FLOW_ID`, `REQUIREMENT`, `PRIORITY`, `AUTHENTICATOR_FLOW`, `AUTH_FLOW_ID`, `AUTH_CONFIG`) VALUES ('fc277256-28a2-4794-8f25-02b6850d863a',NULL,NULL,'3586be3d-c811-48bd-ac93-c1efbb056510','bb720eaf-c963-4b9c-a308-090cbb2c45ed',0,20,_binary '','4ffa8432-9449-4fb8-9843-41cc16038fe1',NULL);
/*!40000 ALTER TABLE `AUTHENTICATION_EXECUTION` ENABLE KEYS */;
UNLOCK TABLES;

--
-- Table structure for table `AUTHENTICATION_FLOW`
--

DROP TABLE IF EXISTS `AUTHENTICATION_FLOW`;
/*!40101 SET @saved_cs_client     = @@character_set_client */;
 SET character_set_client = utf8mb4 ;
CREATE TABLE `AUTHENTICATION_FLOW` (
  `ID` varchar(36) CHARACTER SET utf8mb4 COLLATE utf8mb4_unicode_ci NOT NULL,
  `ALIAS` varchar(255) CHARACTER SET utf8mb4 COLLATE utf8mb4_unicode_ci DEFAULT NULL,
  `DESCRIPTION` varchar(255) CHARACTER SET utf8mb3 COLLATE utf8mb3_general_ci DEFAULT NULL,
  `REALM_ID` varchar(36) CHARACTER SET utf8mb4 COLLATE utf8mb4_unicode_ci DEFAULT NULL,
  `PROVIDER_ID` varchar(36) CHARACTER SET utf8mb4 COLLATE utf8mb4_unicode_ci NOT NULL DEFAULT 'basic-flow',
  `TOP_LEVEL` bit(1) NOT NULL DEFAULT b'0',
  `BUILT_IN` bit(1) NOT NULL DEFAULT b'0',
  PRIMARY KEY (`ID`),
  KEY `IDX_AUTH_FLOW_REALM` (`REALM_ID`),
  CONSTRAINT `FK_AUTH_FLOW_REALM` FOREIGN KEY (`REALM_ID`) REFERENCES `REALM` (`ID`)
) ENGINE=InnoDB DEFAULT CHARSET=utf8mb4 COLLATE=utf8mb4_unicode_ci;
/*!40101 SET character_set_client = @saved_cs_client */;

--
-- Dumping data for table `AUTHENTICATION_FLOW`
--

LOCK TABLES `AUTHENTICATION_FLOW` WRITE;
/*!40000 ALTER TABLE `AUTHENTICATION_FLOW` DISABLE KEYS */;
INSERT INTO `AUTHENTICATION_FLOW` (`ID`, `ALIAS`, `DESCRIPTION`, `REALM_ID`, `PROVIDER_ID`, `TOP_LEVEL`, `BUILT_IN`) VALUES ('050f8da2-2de6-4461-8d59-a1a5cb000bd7','User creation or linking','Flow for the existing/non-existing user alternatives','3586be3d-c811-48bd-ac93-c1efbb056510','basic-flow',_binary '\0',_binary '');
INSERT INTO `AUTHENTICATION_FLOW` (`ID`, `ALIAS`, `DESCRIPTION`, `REALM_ID`, `PROVIDER_ID`, `TOP_LEVEL`, `BUILT_IN`) VALUES ('0576e874-3766-4175-90de-e32c02ace5dd','Direct Grant - Conditional OTP','Flow to determine if the OTP is required for the authentication','MyReam','basic-flow',_binary '\0',_binary '');
INSERT INTO `AUTHENTICATION_FLOW` (`ID`, `ALIAS`, `DESCRIPTION`, `REALM_ID`, `PROVIDER_ID`, `TOP_LEVEL`, `BUILT_IN`) VALUES ('0af19bb8-0372-41c0-8d75-22fb414091fc','registration','registration flow','3586be3d-c811-48bd-ac93-c1efbb056510','basic-flow',_binary '',_binary '');
INSERT INTO `AUTHENTICATION_FLOW` (`ID`, `ALIAS`, `DESCRIPTION`, `REALM_ID`, `PROVIDER_ID`, `TOP_LEVEL`, `BUILT_IN`) VALUES ('1de6140a-c5b4-4eee-987a-30c1ee3fb149','First broker login - Conditional OTP','Flow to determine if the OTP is required for the authentication','3586be3d-c811-48bd-ac93-c1efbb056510','basic-flow',_binary '\0',_binary '');
INSERT INTO `AUTHENTICATION_FLOW` (`ID`, `ALIAS`, `DESCRIPTION`, `REALM_ID`, `PROVIDER_ID`, `TOP_LEVEL`, `BUILT_IN`) VALUES ('286bc6ee-1fbc-4a14-8ef1-50337706b395','Verify Existing Account by Re-authentication','Reauthentication of existing account','MyReam','basic-flow',_binary '\0',_binary '');
INSERT INTO `AUTHENTICATION_FLOW` (`ID`, `ALIAS`, `DESCRIPTION`, `REALM_ID`, `PROVIDER_ID`, `TOP_LEVEL`, `BUILT_IN`) VALUES ('2cb7688a-e4b5-4b28-85eb-f18c0047fdca','Browser - Conditional OTP','Flow to determine if the OTP is required for the authentication','3586be3d-c811-48bd-ac93-c1efbb056510','basic-flow',_binary '\0',_binary '');
INSERT INTO `AUTHENTICATION_FLOW` (`ID`, `ALIAS`, `DESCRIPTION`, `REALM_ID`, `PROVIDER_ID`, `TOP_LEVEL`, `BUILT_IN`) VALUES ('39f43e3a-e870-42b4-94dc-6092c5fa92b1','first broker login','Actions taken after first broker login with identity provider account, which is not yet linked to any Keycloak account','MyReam','basic-flow',_binary '',_binary '');
INSERT INTO `AUTHENTICATION_FLOW` (`ID`, `ALIAS`, `DESCRIPTION`, `REALM_ID`, `PROVIDER_ID`, `TOP_LEVEL`, `BUILT_IN`) VALUES ('3a346f34-9b23-40c5-9958-a2408e7df171','browser','browser based authentication','3586be3d-c811-48bd-ac93-c1efbb056510','basic-flow',_binary '',_binary '');
INSERT INTO `AUTHENTICATION_FLOW` (`ID`, `ALIAS`, `DESCRIPTION`, `REALM_ID`, `PROVIDER_ID`, `TOP_LEVEL`, `BUILT_IN`) VALUES ('42b819ac-0fc7-459c-848b-0583d4ed8336','reset credentials','Reset credentials for a user if they forgot their password or something','MyReam','basic-flow',_binary '',_binary '');
INSERT INTO `AUTHENTICATION_FLOW` (`ID`, `ALIAS`, `DESCRIPTION`, `REALM_ID`, `PROVIDER_ID`, `TOP_LEVEL`, `BUILT_IN`) VALUES ('4d64e5a0-e7ab-431d-bc07-915c520c8b47','Reset - Conditional OTP','Flow to determine if the OTP should be reset or not. Set to REQUIRED to force.','3586be3d-c811-48bd-ac93-c1efbb056510','basic-flow',_binary '\0',_binary '');
INSERT INTO `AUTHENTICATION_FLOW` (`ID`, `ALIAS`, `DESCRIPTION`, `REALM_ID`, `PROVIDER_ID`, `TOP_LEVEL`, `BUILT_IN`) VALUES ('4ffa8432-9449-4fb8-9843-41cc16038fe1','Account verification options','Method with which to verity the existing account','3586be3d-c811-48bd-ac93-c1efbb056510','basic-flow',_binary '\0',_binary '');
INSERT INTO `AUTHENTICATION_FLOW` (`ID`, `ALIAS`, `DESCRIPTION`, `REALM_ID`, `PROVIDER_ID`, `TOP_LEVEL`, `BUILT_IN`) VALUES ('561a9332-df7c-433e-8b8f-f1264250eb89','clients','Base authentication for clients','3586be3d-c811-48bd-ac93-c1efbb056510','client-flow',_binary '',_binary '');
INSERT INTO `AUTHENTICATION_FLOW` (`ID`, `ALIAS`, `DESCRIPTION`, `REALM_ID`, `PROVIDER_ID`, `TOP_LEVEL`, `BUILT_IN`) VALUES ('5bf4e7b9-e3ed-4e05-8e04-b9512c9dff9d','Direct Grant - Conditional OTP','Flow to determine if the OTP is required for the authentication','3586be3d-c811-48bd-ac93-c1efbb056510','basic-flow',_binary '\0',_binary '');
INSERT INTO `AUTHENTICATION_FLOW` (`ID`, `ALIAS`, `DESCRIPTION`, `REALM_ID`, `PROVIDER_ID`, `TOP_LEVEL`, `BUILT_IN`) VALUES ('61995397-1746-4831-a066-1d535f81a3da','Verify Existing Account by Re-authentication','Reauthentication of existing account','3586be3d-c811-48bd-ac93-c1efbb056510','basic-flow',_binary '\0',_binary '');
INSERT INTO `AUTHENTICATION_FLOW` (`ID`, `ALIAS`, `DESCRIPTION`, `REALM_ID`, `PROVIDER_ID`, `TOP_LEVEL`, `BUILT_IN`) VALUES ('622f1493-724c-445a-b7b3-4f0fea5bd605','Authentication Options','Authentication options.','MyReam','basic-flow',_binary '\0',_binary '');
INSERT INTO `AUTHENTICATION_FLOW` (`ID`, `ALIAS`, `DESCRIPTION`, `REALM_ID`, `PROVIDER_ID`, `TOP_LEVEL`, `BUILT_IN`) VALUES ('64d8e822-165f-4e62-9c44-9b43b04f3d34','Reset - Conditional OTP','Flow to determine if the OTP should be reset or not. Set to REQUIRED to force.','MyReam','basic-flow',_binary '\0',_binary '');
INSERT INTO `AUTHENTICATION_FLOW` (`ID`, `ALIAS`, `DESCRIPTION`, `REALM_ID`, `PROVIDER_ID`, `TOP_LEVEL`, `BUILT_IN`) VALUES ('6af27756-5f01-4f22-991a-5e83e8a6acb6','registration form','registration form','3586be3d-c811-48bd-ac93-c1efbb056510','form-flow',_binary '\0',_binary '');
INSERT INTO `AUTHENTICATION_FLOW` (`ID`, `ALIAS`, `DESCRIPTION`, `REALM_ID`, `PROVIDER_ID`, `TOP_LEVEL`, `BUILT_IN`) VALUES ('8098da3b-159b-4862-8711-3b607d76f4bc','Handle Existing Account','Handle what to do if there is existing account with same email/username like authenticated identity provider','MyReam','basic-flow',_binary '\0',_binary '');
INSERT INTO `AUTHENTICATION_FLOW` (`ID`, `ALIAS`, `DESCRIPTION`, `REALM_ID`, `PROVIDER_ID`, `TOP_LEVEL`, `BUILT_IN`) VALUES ('80e3a6fa-d30e-4d3f-b1a1-b76c531816f1','First broker login - Conditional OTP','Flow to determine if the OTP is required for the authentication','MyReam','basic-flow',_binary '\0',_binary '');
INSERT INTO `AUTHENTICATION_FLOW` (`ID`, `ALIAS`, `DESCRIPTION`, `REALM_ID`, `PROVIDER_ID`, `TOP_LEVEL`, `BUILT_IN`) VALUES ('8262c5a4-74ab-409a-a3d0-77e121f76d60','forms','Username, password, otp and other auth forms.','MyReam','basic-flow',_binary '\0',_binary '');
INSERT INTO `AUTHENTICATION_FLOW` (`ID`, `ALIAS`, `DESCRIPTION`, `REALM_ID`, `PROVIDER_ID`, `TOP_LEVEL`, `BUILT_IN`) VALUES ('85310fce-8403-4840-82b5-c701ca8e4501','reset credentials','Reset credentials for a user if they forgot their password or something','3586be3d-c811-48bd-ac93-c1efbb056510','basic-flow',_binary '',_binary '');
INSERT INTO `AUTHENTICATION_FLOW` (`ID`, `ALIAS`, `DESCRIPTION`, `REALM_ID`, `PROVIDER_ID`, `TOP_LEVEL`, `BUILT_IN`) VALUES ('879767e6-6daa-413e-a459-ba2fe72fe7d3','forms','Username, password, otp and other auth forms.','3586be3d-c811-48bd-ac93-c1efbb056510','basic-flow',_binary '\0',_binary '');
INSERT INTO `AUTHENTICATION_FLOW` (`ID`, `ALIAS`, `DESCRIPTION`, `REALM_ID`, `PROVIDER_ID`, `TOP_LEVEL`, `BUILT_IN`) VALUES ('8a8531a3-6d70-47fc-8aba-9725a3d84399','http challenge','An authentication flow based on challenge-response HTTP Authentication Schemes','MyReam','basic-flow',_binary '',_binary '');
INSERT INTO `AUTHENTICATION_FLOW` (`ID`, `ALIAS`, `DESCRIPTION`, `REALM_ID`, `PROVIDER_ID`, `TOP_LEVEL`, `BUILT_IN`) VALUES ('8fb082ca-1f2b-40db-ab59-b0b2f82dce19','registration','registration flow','MyReam','basic-flow',_binary '',_binary '');
INSERT INTO `AUTHENTICATION_FLOW` (`ID`, `ALIAS`, `DESCRIPTION`, `REALM_ID`, `PROVIDER_ID`, `TOP_LEVEL`, `BUILT_IN`) VALUES ('a4338ca9-ae5b-415b-9a2e-653b1c68fc06','Account verification options','Method with which to verity the existing account','MyReam','basic-flow',_binary '\0',_binary '');
INSERT INTO `AUTHENTICATION_FLOW` (`ID`, `ALIAS`, `DESCRIPTION`, `REALM_ID`, `PROVIDER_ID`, `TOP_LEVEL`, `BUILT_IN`) VALUES ('a916500b-0758-4215-8fbc-69da9d1412e0','docker auth','Used by Docker clients to authenticate against the IDP','MyReam','basic-flow',_binary '',_binary '');
INSERT INTO `AUTHENTICATION_FLOW` (`ID`, `ALIAS`, `DESCRIPTION`, `REALM_ID`, `PROVIDER_ID`, `TOP_LEVEL`, `BUILT_IN`) VALUES ('aa1b42d5-e75b-4aa1-bd4a-886191fd8402','clients','Base authentication for clients','MyReam','client-flow',_binary '',_binary '');
INSERT INTO `AUTHENTICATION_FLOW` (`ID`, `ALIAS`, `DESCRIPTION`, `REALM_ID`, `PROVIDER_ID`, `TOP_LEVEL`, `BUILT_IN`) VALUES ('ac63698f-199e-4777-a060-34b7dae785c3','browser','browser based authentication','MyReam','basic-flow',_binary '',_binary '');
INSERT INTO `AUTHENTICATION_FLOW` (`ID`, `ALIAS`, `DESCRIPTION`, `REALM_ID`, `PROVIDER_ID`, `TOP_LEVEL`, `BUILT_IN`) VALUES ('ae572541-3cf9-4a93-a717-1cf4c841c9dd','saml ecp','SAML ECP Profile Authentication Flow','3586be3d-c811-48bd-ac93-c1efbb056510','basic-flow',_binary '',_binary '');
INSERT INTO `AUTHENTICATION_FLOW` (`ID`, `ALIAS`, `DESCRIPTION`, `REALM_ID`, `PROVIDER_ID`, `TOP_LEVEL`, `BUILT_IN`) VALUES ('bb2d0deb-a9a0-4e70-bc89-c9d72bb48c02','registration form','registration form','MyReam','form-flow',_binary '\0',_binary '');
INSERT INTO `AUTHENTICATION_FLOW` (`ID`, `ALIAS`, `DESCRIPTION`, `REALM_ID`, `PROVIDER_ID`, `TOP_LEVEL`, `BUILT_IN`) VALUES ('bb720eaf-c963-4b9c-a308-090cbb2c45ed','Handle Existing Account','Handle what to do if there is existing account with same email/username like authenticated identity provider','3586be3d-c811-48bd-ac93-c1efbb056510','basic-flow',_binary '\0',_binary '');
INSERT INTO `AUTHENTICATION_FLOW` (`ID`, `ALIAS`, `DESCRIPTION`, `REALM_ID`, `PROVIDER_ID`, `TOP_LEVEL`, `BUILT_IN`) VALUES ('be380017-96c1-49ca-bf03-673f2feb17ee','first broker login','Actions taken after first broker login with identity provider account, which is not yet linked to any Keycloak account','3586be3d-c811-48bd-ac93-c1efbb056510','basic-flow',_binary '',_binary '');
INSERT INTO `AUTHENTICATION_FLOW` (`ID`, `ALIAS`, `DESCRIPTION`, `REALM_ID`, `PROVIDER_ID`, `TOP_LEVEL`, `BUILT_IN`) VALUES ('ca6b3f1d-946d-41fc-a2fb-252b374c3059','direct grant','OpenID Connect Resource Owner Grant','3586be3d-c811-48bd-ac93-c1efbb056510','basic-flow',_binary '',_binary '');
INSERT INTO `AUTHENTICATION_FLOW` (`ID`, `ALIAS`, `DESCRIPTION`, `REALM_ID`, `PROVIDER_ID`, `TOP_LEVEL`, `BUILT_IN`) VALUES ('d9d8cfd9-e3fb-4967-a909-aff98fd69703','Authentication Options','Authentication options.','3586be3d-c811-48bd-ac93-c1efbb056510','basic-flow',_binary '\0',_binary '');
INSERT INTO `AUTHENTICATION_FLOW` (`ID`, `ALIAS`, `DESCRIPTION`, `REALM_ID`, `PROVIDER_ID`, `TOP_LEVEL`, `BUILT_IN`) VALUES ('e046ec80-0ac3-4db3-bb27-a19d83510a6c','User creation or linking','Flow for the existing/non-existing user alternatives','MyReam','basic-flow',_binary '\0',_binary '');
INSERT INTO `AUTHENTICATION_FLOW` (`ID`, `ALIAS`, `DESCRIPTION`, `REALM_ID`, `PROVIDER_ID`, `TOP_LEVEL`, `BUILT_IN`) VALUES ('eebc9bbb-0b17-4d62-9fcd-380f1ba54520','direct grant','OpenID Connect Resource Owner Grant','MyReam','basic-flow',_binary '',_binary '');
INSERT INTO `AUTHENTICATION_FLOW` (`ID`, `ALIAS`, `DESCRIPTION`, `REALM_ID`, `PROVIDER_ID`, `TOP_LEVEL`, `BUILT_IN`) VALUES ('f056ba3d-8ec5-43a4-a949-aa71b70060e8','docker auth','Used by Docker clients to authenticate against the IDP','3586be3d-c811-48bd-ac93-c1efbb056510','basic-flow',_binary '',_binary '');
INSERT INTO `AUTHENTICATION_FLOW` (`ID`, `ALIAS`, `DESCRIPTION`, `REALM_ID`, `PROVIDER_ID`, `TOP_LEVEL`, `BUILT_IN`) VALUES ('f51344b3-1767-459c-842b-48538a5fce9d','http challenge','An authentication flow based on challenge-response HTTP Authentication Schemes','3586be3d-c811-48bd-ac93-c1efbb056510','basic-flow',_binary '',_binary '');
INSERT INTO `AUTHENTICATION_FLOW` (`ID`, `ALIAS`, `DESCRIPTION`, `REALM_ID`, `PROVIDER_ID`, `TOP_LEVEL`, `BUILT_IN`) VALUES ('f872f571-1db1-4f6e-a96f-3dfe2265ae84','saml ecp','SAML ECP Profile Authentication Flow','MyReam','basic-flow',_binary '',_binary '');
INSERT INTO `AUTHENTICATION_FLOW` (`ID`, `ALIAS`, `DESCRIPTION`, `REALM_ID`, `PROVIDER_ID`, `TOP_LEVEL`, `BUILT_IN`) VALUES ('f9d1dded-78d4-474a-a465-4c27630f0e99','Browser - Conditional OTP','Flow to determine if the OTP is required for the authentication','MyReam','basic-flow',_binary '\0',_binary '');
/*!40000 ALTER TABLE `AUTHENTICATION_FLOW` ENABLE KEYS */;
UNLOCK TABLES;

--
-- Table structure for table `AUTHENTICATOR_CONFIG`
--

DROP TABLE IF EXISTS `AUTHENTICATOR_CONFIG`;
/*!40101 SET @saved_cs_client     = @@character_set_client */;
 SET character_set_client = utf8mb4 ;
CREATE TABLE `AUTHENTICATOR_CONFIG` (
  `ID` varchar(36) CHARACTER SET utf8mb4 COLLATE utf8mb4_unicode_ci NOT NULL,
  `ALIAS` varchar(255) CHARACTER SET utf8mb4 COLLATE utf8mb4_unicode_ci DEFAULT NULL,
  `REALM_ID` varchar(36) CHARACTER SET utf8mb4 COLLATE utf8mb4_unicode_ci DEFAULT NULL,
  PRIMARY KEY (`ID`),
  KEY `IDX_AUTH_CONFIG_REALM` (`REALM_ID`),
  CONSTRAINT `FK_AUTH_REALM` FOREIGN KEY (`REALM_ID`) REFERENCES `REALM` (`ID`)
) ENGINE=InnoDB DEFAULT CHARSET=utf8mb4 COLLATE=utf8mb4_unicode_ci;
/*!40101 SET character_set_client = @saved_cs_client */;

--
-- Dumping data for table `AUTHENTICATOR_CONFIG`
--

LOCK TABLES `AUTHENTICATOR_CONFIG` WRITE;
/*!40000 ALTER TABLE `AUTHENTICATOR_CONFIG` DISABLE KEYS */;
INSERT INTO `AUTHENTICATOR_CONFIG` (`ID`, `ALIAS`, `REALM_ID`) VALUES ('4f162818-21d5-417e-8a0a-4c6831785fc1','review profile config','3586be3d-c811-48bd-ac93-c1efbb056510');
INSERT INTO `AUTHENTICATOR_CONFIG` (`ID`, `ALIAS`, `REALM_ID`) VALUES ('80663938-dc19-4fb6-b3ab-591b0e139529','review profile config','MyReam');
INSERT INTO `AUTHENTICATOR_CONFIG` (`ID`, `ALIAS`, `REALM_ID`) VALUES ('880746d0-b90d-42b6-9f6f-1f120f963451','create unique user config','MyReam');
INSERT INTO `AUTHENTICATOR_CONFIG` (`ID`, `ALIAS`, `REALM_ID`) VALUES ('c95e871a-5ffd-4f3b-b7b8-c41b91060df4','create unique user config','3586be3d-c811-48bd-ac93-c1efbb056510');
/*!40000 ALTER TABLE `AUTHENTICATOR_CONFIG` ENABLE KEYS */;
UNLOCK TABLES;

--
-- Table structure for table `AUTHENTICATOR_CONFIG_ENTRY`
--

DROP TABLE IF EXISTS `AUTHENTICATOR_CONFIG_ENTRY`;
/*!40101 SET @saved_cs_client     = @@character_set_client */;
 SET character_set_client = utf8mb4 ;
CREATE TABLE `AUTHENTICATOR_CONFIG_ENTRY` (
  `AUTHENTICATOR_ID` varchar(36) CHARACTER SET utf8mb4 COLLATE utf8mb4_unicode_ci NOT NULL,
  `VALUE` longtext CHARACTER SET utf8mb4 COLLATE utf8mb4_unicode_ci,
  `NAME` varchar(255) CHARACTER SET utf8mb4 COLLATE utf8mb4_unicode_ci NOT NULL,
  PRIMARY KEY (`AUTHENTICATOR_ID`,`NAME`)
) ENGINE=InnoDB DEFAULT CHARSET=utf8mb4 COLLATE=utf8mb4_unicode_ci;
/*!40101 SET character_set_client = @saved_cs_client */;

--
-- Dumping data for table `AUTHENTICATOR_CONFIG_ENTRY`
--

LOCK TABLES `AUTHENTICATOR_CONFIG_ENTRY` WRITE;
/*!40000 ALTER TABLE `AUTHENTICATOR_CONFIG_ENTRY` DISABLE KEYS */;
INSERT INTO `AUTHENTICATOR_CONFIG_ENTRY` (`AUTHENTICATOR_ID`, `VALUE`, `NAME`) VALUES ('4f162818-21d5-417e-8a0a-4c6831785fc1','missing','update.profile.on.first.login');
INSERT INTO `AUTHENTICATOR_CONFIG_ENTRY` (`AUTHENTICATOR_ID`, `VALUE`, `NAME`) VALUES ('80663938-dc19-4fb6-b3ab-591b0e139529','missing','update.profile.on.first.login');
INSERT INTO `AUTHENTICATOR_CONFIG_ENTRY` (`AUTHENTICATOR_ID`, `VALUE`, `NAME`) VALUES ('880746d0-b90d-42b6-9f6f-1f120f963451','false','require.password.update.after.registration');
INSERT INTO `AUTHENTICATOR_CONFIG_ENTRY` (`AUTHENTICATOR_ID`, `VALUE`, `NAME`) VALUES ('c95e871a-5ffd-4f3b-b7b8-c41b91060df4','false','require.password.update.after.registration');
/*!40000 ALTER TABLE `AUTHENTICATOR_CONFIG_ENTRY` ENABLE KEYS */;
UNLOCK TABLES;

--
-- Table structure for table `BROKER_LINK`
--

DROP TABLE IF EXISTS `BROKER_LINK`;
/*!40101 SET @saved_cs_client     = @@character_set_client */;
 SET character_set_client = utf8mb4 ;
CREATE TABLE `BROKER_LINK` (
  `IDENTITY_PROVIDER` varchar(255) CHARACTER SET utf8mb4 COLLATE utf8mb4_unicode_ci NOT NULL,
  `STORAGE_PROVIDER_ID` varchar(255) CHARACTER SET utf8mb4 COLLATE utf8mb4_unicode_ci DEFAULT NULL,
  `REALM_ID` varchar(36) CHARACTER SET utf8mb4 COLLATE utf8mb4_unicode_ci NOT NULL,
  `BROKER_USER_ID` varchar(255) CHARACTER SET utf8mb4 COLLATE utf8mb4_unicode_ci DEFAULT NULL,
  `BROKER_USERNAME` varchar(255) CHARACTER SET utf8mb4 COLLATE utf8mb4_unicode_ci DEFAULT NULL,
  `TOKEN` text CHARACTER SET utf8mb4 COLLATE utf8mb4_unicode_ci,
  `USER_ID` varchar(255) CHARACTER SET utf8mb4 COLLATE utf8mb4_unicode_ci NOT NULL,
  PRIMARY KEY (`IDENTITY_PROVIDER`,`USER_ID`)
) ENGINE=InnoDB DEFAULT CHARSET=utf8mb4 COLLATE=utf8mb4_unicode_ci;
/*!40101 SET character_set_client = @saved_cs_client */;

--
-- Dumping data for table `BROKER_LINK`
--

LOCK TABLES `BROKER_LINK` WRITE;
/*!40000 ALTER TABLE `BROKER_LINK` DISABLE KEYS */;
/*!40000 ALTER TABLE `BROKER_LINK` ENABLE KEYS */;
UNLOCK TABLES;

--
-- Table structure for table `CLIENT`
--

DROP TABLE IF EXISTS `CLIENT`;
/*!40101 SET @saved_cs_client     = @@character_set_client */;
 SET character_set_client = utf8mb4 ;
CREATE TABLE `CLIENT` (
  `ID` varchar(36) CHARACTER SET utf8mb4 COLLATE utf8mb4_unicode_ci NOT NULL,
  `ENABLED` bit(1) NOT NULL DEFAULT b'0',
  `FULL_SCOPE_ALLOWED` bit(1) NOT NULL DEFAULT b'0',
  `CLIENT_ID` varchar(255) CHARACTER SET utf8mb4 COLLATE utf8mb4_unicode_ci DEFAULT NULL,
  `NOT_BEFORE` int DEFAULT NULL,
  `PUBLIC_CLIENT` bit(1) NOT NULL DEFAULT b'0',
  `SECRET` varchar(255) CHARACTER SET utf8mb4 COLLATE utf8mb4_unicode_ci DEFAULT NULL,
  `BASE_URL` varchar(255) CHARACTER SET utf8mb4 COLLATE utf8mb4_unicode_ci DEFAULT NULL,
  `BEARER_ONLY` bit(1) NOT NULL DEFAULT b'0',
  `MANAGEMENT_URL` varchar(255) CHARACTER SET utf8mb4 COLLATE utf8mb4_unicode_ci DEFAULT NULL,
  `SURROGATE_AUTH_REQUIRED` bit(1) NOT NULL DEFAULT b'0',
  `REALM_ID` varchar(36) CHARACTER SET utf8mb4 COLLATE utf8mb4_unicode_ci DEFAULT NULL,
  `PROTOCOL` varchar(255) CHARACTER SET utf8mb4 COLLATE utf8mb4_unicode_ci DEFAULT NULL,
  `NODE_REREG_TIMEOUT` int DEFAULT '0',
  `FRONTCHANNEL_LOGOUT` bit(1) NOT NULL DEFAULT b'0',
  `CONSENT_REQUIRED` bit(1) NOT NULL DEFAULT b'0',
  `NAME` varchar(255) CHARACTER SET utf8mb3 COLLATE utf8mb3_general_ci DEFAULT NULL,
  `SERVICE_ACCOUNTS_ENABLED` bit(1) NOT NULL DEFAULT b'0',
  `CLIENT_AUTHENTICATOR_TYPE` varchar(255) CHARACTER SET utf8mb4 COLLATE utf8mb4_unicode_ci DEFAULT NULL,
  `ROOT_URL` varchar(255) CHARACTER SET utf8mb4 COLLATE utf8mb4_unicode_ci DEFAULT NULL,
  `DESCRIPTION` varchar(255) CHARACTER SET utf8mb3 COLLATE utf8mb3_general_ci DEFAULT NULL,
  `REGISTRATION_TOKEN` varchar(255) CHARACTER SET utf8mb4 COLLATE utf8mb4_unicode_ci DEFAULT NULL,
  `STANDARD_FLOW_ENABLED` bit(1) NOT NULL DEFAULT b'1',
  `IMPLICIT_FLOW_ENABLED` bit(1) NOT NULL DEFAULT b'0',
  `DIRECT_ACCESS_GRANTS_ENABLED` bit(1) NOT NULL DEFAULT b'0',
  `ALWAYS_DISPLAY_IN_CONSOLE` bit(1) NOT NULL DEFAULT b'0',
  PRIMARY KEY (`ID`),
  UNIQUE KEY `UK_B71CJLBENV945RB6GCON438AT` (`REALM_ID`,`CLIENT_ID`),
  KEY `IDX_CLIENT_ID` (`CLIENT_ID`)
) ENGINE=InnoDB DEFAULT CHARSET=utf8mb4 COLLATE=utf8mb4_unicode_ci;
/*!40101 SET character_set_client = @saved_cs_client */;

--
-- Dumping data for table `CLIENT`
--

LOCK TABLES `CLIENT` WRITE;
/*!40000 ALTER TABLE `CLIENT` DISABLE KEYS */;
INSERT INTO `CLIENT` (`ID`, `ENABLED`, `FULL_SCOPE_ALLOWED`, `CLIENT_ID`, `NOT_BEFORE`, `PUBLIC_CLIENT`, `SECRET`, `BASE_URL`, `BEARER_ONLY`, `MANAGEMENT_URL`, `SURROGATE_AUTH_REQUIRED`, `REALM_ID`, `PROTOCOL`, `NODE_REREG_TIMEOUT`, `FRONTCHANNEL_LOGOUT`, `CONSENT_REQUIRED`, `NAME`, `SERVICE_ACCOUNTS_ENABLED`, `CLIENT_AUTHENTICATOR_TYPE`, `ROOT_URL`, `DESCRIPTION`, `REGISTRATION_TOKEN`, `STANDARD_FLOW_ENABLED`, `IMPLICIT_FLOW_ENABLED`, `DIRECT_ACCESS_GRANTS_ENABLED`, `ALWAYS_DISPLAY_IN_CONSOLE`) VALUES ('3b32fc61-24f9-43d0-9761-4888e32b33f7',_binary '',_binary '\0','broker',0,_binary '\0',NULL,NULL,_binary '',NULL,_binary '\0','MyReam','openid-connect',0,_binary '\0',_binary '\0','${client_broker}',_binary '\0','client-secret',NULL,NULL,NULL,_binary '',_binary '\0',_binary '\0',_binary '\0');
INSERT INTO `CLIENT` (`ID`, `ENABLED`, `FULL_SCOPE_ALLOWED`, `CLIENT_ID`, `NOT_BEFORE`, `PUBLIC_CLIENT`, `SECRET`, `BASE_URL`, `BEARER_ONLY`, `MANAGEMENT_URL`, `SURROGATE_AUTH_REQUIRED`, `REALM_ID`, `PROTOCOL`, `NODE_REREG_TIMEOUT`, `FRONTCHANNEL_LOGOUT`, `CONSENT_REQUIRED`, `NAME`, `SERVICE_ACCOUNTS_ENABLED`, `CLIENT_AUTHENTICATOR_TYPE`, `ROOT_URL`, `DESCRIPTION`, `REGISTRATION_TOKEN`, `STANDARD_FLOW_ENABLED`, `IMPLICIT_FLOW_ENABLED`, `DIRECT_ACCESS_GRANTS_ENABLED`, `ALWAYS_DISPLAY_IN_CONSOLE`) VALUES ('3c4d1c6d-ba5d-41f3-ac70-75226d466f71',_binary '',_binary '','my-developing-help-service',0,_binary '\0','PBd6UqpDakkLP6duVQfURWKdGNRdzBsj',NULL,_binary '\0',NULL,_binary '\0','MyReam','openid-connect',-1,_binary '\0',_binary '\0',NULL,_binary '','client-secret',NULL,NULL,NULL,_binary '\0',_binary '\0',_binary '',_binary '\0');
INSERT INTO `CLIENT` (`ID`, `ENABLED`, `FULL_SCOPE_ALLOWED`, `CLIENT_ID`, `NOT_BEFORE`, `PUBLIC_CLIENT`, `SECRET`, `BASE_URL`, `BEARER_ONLY`, `MANAGEMENT_URL`, `SURROGATE_AUTH_REQUIRED`, `REALM_ID`, `PROTOCOL`, `NODE_REREG_TIMEOUT`, `FRONTCHANNEL_LOGOUT`, `CONSENT_REQUIRED`, `NAME`, `SERVICE_ACCOUNTS_ENABLED`, `CLIENT_AUTHENTICATOR_TYPE`, `ROOT_URL`, `DESCRIPTION`, `REGISTRATION_TOKEN`, `STANDARD_FLOW_ENABLED`, `IMPLICIT_FLOW_ENABLED`, `DIRECT_ACCESS_GRANTS_ENABLED`, `ALWAYS_DISPLAY_IN_CONSOLE`) VALUES ('3d37f65d-2671-40d6-833c-86719b0b570b',_binary '',_binary '\0','security-admin-console',0,_binary '',NULL,'/admin/master/console/',_binary '\0',NULL,_binary '\0','3586be3d-c811-48bd-ac93-c1efbb056510','openid-connect',0,_binary '\0',_binary '\0','${client_security-admin-console}',_binary '\0','client-secret','${authAdminUrl}',NULL,NULL,_binary '',_binary '\0',_binary '\0',_binary '\0');
INSERT INTO `CLIENT` (`ID`, `ENABLED`, `FULL_SCOPE_ALLOWED`, `CLIENT_ID`, `NOT_BEFORE`, `PUBLIC_CLIENT`, `SECRET`, `BASE_URL`, `BEARER_ONLY`, `MANAGEMENT_URL`, `SURROGATE_AUTH_REQUIRED`, `REALM_ID`, `PROTOCOL`, `NODE_REREG_TIMEOUT`, `FRONTCHANNEL_LOGOUT`, `CONSENT_REQUIRED`, `NAME`, `SERVICE_ACCOUNTS_ENABLED`, `CLIENT_AUTHENTICATOR_TYPE`, `ROOT_URL`, `DESCRIPTION`, `REGISTRATION_TOKEN`, `STANDARD_FLOW_ENABLED`, `IMPLICIT_FLOW_ENABLED`, `DIRECT_ACCESS_GRANTS_ENABLED`, `ALWAYS_DISPLAY_IN_CONSOLE`) VALUES ('495d1a6d-3b9d-4a3c-a9fd-e8d8647338dc',_binary '',_binary '\0','myRealm-realm',0,_binary '\0',NULL,NULL,_binary '',NULL,_binary '\0','3586be3d-c811-48bd-ac93-c1efbb056510',NULL,0,_binary '\0',_binary '\0','MyReam Realm',_binary '\0','client-secret',NULL,NULL,NULL,_binary '',_binary '\0',_binary '\0',_binary '\0');
INSERT INTO `CLIENT` (`ID`, `ENABLED`, `FULL_SCOPE_ALLOWED`, `CLIENT_ID`, `NOT_BEFORE`, `PUBLIC_CLIENT`, `SECRET`, `BASE_URL`, `BEARER_ONLY`, `MANAGEMENT_URL`, `SURROGATE_AUTH_REQUIRED`, `REALM_ID`, `PROTOCOL`, `NODE_REREG_TIMEOUT`, `FRONTCHANNEL_LOGOUT`, `CONSENT_REQUIRED`, `NAME`, `SERVICE_ACCOUNTS_ENABLED`, `CLIENT_AUTHENTICATOR_TYPE`, `ROOT_URL`, `DESCRIPTION`, `REGISTRATION_TOKEN`, `STANDARD_FLOW_ENABLED`, `IMPLICIT_FLOW_ENABLED`, `DIRECT_ACCESS_GRANTS_ENABLED`, `ALWAYS_DISPLAY_IN_CONSOLE`) VALUES ('50420149-0789-4dac-9ece-b8c8ff2eec6b',_binary '',_binary '','my-microservice-openfeign',0,_binary '\0','LUxRZtb7Bpq4bu3gYHqNOb2DRJPlLwUT',NULL,_binary '\0',NULL,_binary '\0','MyReam','openid-connect',-1,_binary '\0',_binary '\0',NULL,_binary '','client-secret',NULL,NULL,NULL,_binary '\0',_binary '\0',_binary '\0',_binary '\0');
INSERT INTO `CLIENT` (`ID`, `ENABLED`, `FULL_SCOPE_ALLOWED`, `CLIENT_ID`, `NOT_BEFORE`, `PUBLIC_CLIENT`, `SECRET`, `BASE_URL`, `BEARER_ONLY`, `MANAGEMENT_URL`, `SURROGATE_AUTH_REQUIRED`, `REALM_ID`, `PROTOCOL`, `NODE_REREG_TIMEOUT`, `FRONTCHANNEL_LOGOUT`, `CONSENT_REQUIRED`, `NAME`, `SERVICE_ACCOUNTS_ENABLED`, `CLIENT_AUTHENTICATOR_TYPE`, `ROOT_URL`, `DESCRIPTION`, `REGISTRATION_TOKEN`, `STANDARD_FLOW_ENABLED`, `IMPLICIT_FLOW_ENABLED`, `DIRECT_ACCESS_GRANTS_ENABLED`, `ALWAYS_DISPLAY_IN_CONSOLE`) VALUES ('50737d84-bdf6-4907-a0d9-69ef6f4f37e5',_binary '',_binary '\0','account',0,_binary '',NULL,'/realms/myRealm/account/',_binary '\0',NULL,_binary '\0','MyReam','openid-connect',0,_binary '\0',_binary '\0','${client_account}',_binary '\0','client-secret','${authBaseUrl}',NULL,NULL,_binary '',_binary '\0',_binary '\0',_binary '\0');
INSERT INTO `CLIENT` (`ID`, `ENABLED`, `FULL_SCOPE_ALLOWED`, `CLIENT_ID`, `NOT_BEFORE`, `PUBLIC_CLIENT`, `SECRET`, `BASE_URL`, `BEARER_ONLY`, `MANAGEMENT_URL`, `SURROGATE_AUTH_REQUIRED`, `REALM_ID`, `PROTOCOL`, `NODE_REREG_TIMEOUT`, `FRONTCHANNEL_LOGOUT`, `CONSENT_REQUIRED`, `NAME`, `SERVICE_ACCOUNTS_ENABLED`, `CLIENT_AUTHENTICATOR_TYPE`, `ROOT_URL`, `DESCRIPTION`, `REGISTRATION_TOKEN`, `STANDARD_FLOW_ENABLED`, `IMPLICIT_FLOW_ENABLED`, `DIRECT_ACCESS_GRANTS_ENABLED`, `ALWAYS_DISPLAY_IN_CONSOLE`) VALUES ('5112abeb-ec46-4ed0-adfd-802b74b02fca',_binary '',_binary '\0','realm-management',0,_binary '\0',NULL,NULL,_binary '',NULL,_binary '\0','MyReam','openid-connect',0,_binary '\0',_binary '\0','${client_realm-management}',_binary '\0','client-secret',NULL,NULL,NULL,_binary '',_binary '\0',_binary '\0',_binary '\0');
INSERT INTO `CLIENT` (`ID`, `ENABLED`, `FULL_SCOPE_ALLOWED`, `CLIENT_ID`, `NOT_BEFORE`, `PUBLIC_CLIENT`, `SECRET`, `BASE_URL`, `BEARER_ONLY`, `MANAGEMENT_URL`, `SURROGATE_AUTH_REQUIRED`, `REALM_ID`, `PROTOCOL`, `NODE_REREG_TIMEOUT`, `FRONTCHANNEL_LOGOUT`, `CONSENT_REQUIRED`, `NAME`, `SERVICE_ACCOUNTS_ENABLED`, `CLIENT_AUTHENTICATOR_TYPE`, `ROOT_URL`, `DESCRIPTION`, `REGISTRATION_TOKEN`, `STANDARD_FLOW_ENABLED`, `IMPLICIT_FLOW_ENABLED`, `DIRECT_ACCESS_GRANTS_ENABLED`, `ALWAYS_DISPLAY_IN_CONSOLE`) VALUES ('55cd9e8d-f5fa-46b6-a5bc-a57e9843554b',_binary '',_binary '\0','master-realm',0,_binary '\0',NULL,NULL,_binary '',NULL,_binary '\0','3586be3d-c811-48bd-ac93-c1efbb056510',NULL,0,_binary '\0',_binary '\0','master Realm',_binary '\0','client-secret',NULL,NULL,NULL,_binary '',_binary '\0',_binary '\0',_binary '\0');
INSERT INTO `CLIENT` (`ID`, `ENABLED`, `FULL_SCOPE_ALLOWED`, `CLIENT_ID`, `NOT_BEFORE`, `PUBLIC_CLIENT`, `SECRET`, `BASE_URL`, `BEARER_ONLY`, `MANAGEMENT_URL`, `SURROGATE_AUTH_REQUIRED`, `REALM_ID`, `PROTOCOL`, `NODE_REREG_TIMEOUT`, `FRONTCHANNEL_LOGOUT`, `CONSENT_REQUIRED`, `NAME`, `SERVICE_ACCOUNTS_ENABLED`, `CLIENT_AUTHENTICATOR_TYPE`, `ROOT_URL`, `DESCRIPTION`, `REGISTRATION_TOKEN`, `STANDARD_FLOW_ENABLED`, `IMPLICIT_FLOW_ENABLED`, `DIRECT_ACCESS_GRANTS_ENABLED`, `ALWAYS_DISPLAY_IN_CONSOLE`) VALUES ('6b66e5c3-7010-4ed6-a8c5-d78210e3047d',_binary '',_binary '\0','admin-cli',0,_binary '',NULL,NULL,_binary '\0',NULL,_binary '\0','3586be3d-c811-48bd-ac93-c1efbb056510','openid-connect',0,_binary '\0',_binary '\0','${client_admin-cli}',_binary '\0','client-secret',NULL,NULL,NULL,_binary '\0',_binary '\0',_binary '',_binary '\0');
INSERT INTO `CLIENT` (`ID`, `ENABLED`, `FULL_SCOPE_ALLOWED`, `CLIENT_ID`, `NOT_BEFORE`, `PUBLIC_CLIENT`, `SECRET`, `BASE_URL`, `BEARER_ONLY`, `MANAGEMENT_URL`, `SURROGATE_AUTH_REQUIRED`, `REALM_ID`, `PROTOCOL`, `NODE_REREG_TIMEOUT`, `FRONTCHANNEL_LOGOUT`, `CONSENT_REQUIRED`, `NAME`, `SERVICE_ACCOUNTS_ENABLED`, `CLIENT_AUTHENTICATOR_TYPE`, `ROOT_URL`, `DESCRIPTION`, `REGISTRATION_TOKEN`, `STANDARD_FLOW_ENABLED`, `IMPLICIT_FLOW_ENABLED`, `DIRECT_ACCESS_GRANTS_ENABLED`, `ALWAYS_DISPLAY_IN_CONSOLE`) VALUES ('6daadc18-6b29-4e37-8c67-8fae2f4d670a',_binary '',_binary '\0','admin-cli',0,_binary '',NULL,NULL,_binary '\0',NULL,_binary '\0','MyReam','openid-connect',0,_binary '\0',_binary '\0','${client_admin-cli}',_binary '\0','client-secret',NULL,NULL,NULL,_binary '\0',_binary '\0',_binary '',_binary '\0');
INSERT INTO `CLIENT` (`ID`, `ENABLED`, `FULL_SCOPE_ALLOWED`, `CLIENT_ID`, `NOT_BEFORE`, `PUBLIC_CLIENT`, `SECRET`, `BASE_URL`, `BEARER_ONLY`, `MANAGEMENT_URL`, `SURROGATE_AUTH_REQUIRED`, `REALM_ID`, `PROTOCOL`, `NODE_REREG_TIMEOUT`, `FRONTCHANNEL_LOGOUT`, `CONSENT_REQUIRED`, `NAME`, `SERVICE_ACCOUNTS_ENABLED`, `CLIENT_AUTHENTICATOR_TYPE`, `ROOT_URL`, `DESCRIPTION`, `REGISTRATION_TOKEN`, `STANDARD_FLOW_ENABLED`, `IMPLICIT_FLOW_ENABLED`, `DIRECT_ACCESS_GRANTS_ENABLED`, `ALWAYS_DISPLAY_IN_CONSOLE`) VALUES ('79895191-784f-4230-9f7a-9fcc5b935f0d',_binary '',_binary '\0','account',0,_binary '',NULL,'/realms/master/account/',_binary '\0',NULL,_binary '\0','3586be3d-c811-48bd-ac93-c1efbb056510','openid-connect',0,_binary '\0',_binary '\0','${client_account}',_binary '\0','client-secret','${authBaseUrl}',NULL,NULL,_binary '',_binary '\0',_binary '\0',_binary '\0');
INSERT INTO `CLIENT` (`ID`, `ENABLED`, `FULL_SCOPE_ALLOWED`, `CLIENT_ID`, `NOT_BEFORE`, `PUBLIC_CLIENT`, `SECRET`, `BASE_URL`, `BEARER_ONLY`, `MANAGEMENT_URL`, `SURROGATE_AUTH_REQUIRED`, `REALM_ID`, `PROTOCOL`, `NODE_REREG_TIMEOUT`, `FRONTCHANNEL_LOGOUT`, `CONSENT_REQUIRED`, `NAME`, `SERVICE_ACCOUNTS_ENABLED`, `CLIENT_AUTHENTICATOR_TYPE`, `ROOT_URL`, `DESCRIPTION`, `REGISTRATION_TOKEN`, `STANDARD_FLOW_ENABLED`, `IMPLICIT_FLOW_ENABLED`, `DIRECT_ACCESS_GRANTS_ENABLED`, `ALWAYS_DISPLAY_IN_CONSOLE`) VALUES ('b4638769-9704-4eee-b5f9-0185e43c5100',_binary '',_binary '\0','broker',0,_binary '\0',NULL,NULL,_binary '',NULL,_binary '\0','3586be3d-c811-48bd-ac93-c1efbb056510','openid-connect',0,_binary '\0',_binary '\0','${client_broker}',_binary '\0','client-secret',NULL,NULL,NULL,_binary '',_binary '\0',_binary '\0',_binary '\0');
INSERT INTO `CLIENT` (`ID`, `ENABLED`, `FULL_SCOPE_ALLOWED`, `CLIENT_ID`, `NOT_BEFORE`, `PUBLIC_CLIENT`, `SECRET`, `BASE_URL`, `BEARER_ONLY`, `MANAGEMENT_URL`, `SURROGATE_AUTH_REQUIRED`, `REALM_ID`, `PROTOCOL`, `NODE_REREG_TIMEOUT`, `FRONTCHANNEL_LOGOUT`, `CONSENT_REQUIRED`, `NAME`, `SERVICE_ACCOUNTS_ENABLED`, `CLIENT_AUTHENTICATOR_TYPE`, `ROOT_URL`, `DESCRIPTION`, `REGISTRATION_TOKEN`, `STANDARD_FLOW_ENABLED`, `IMPLICIT_FLOW_ENABLED`, `DIRECT_ACCESS_GRANTS_ENABLED`, `ALWAYS_DISPLAY_IN_CONSOLE`) VALUES ('cbb63608-b314-4ca0-90a4-202d5098305c',_binary '',_binary '\0','account-console',0,_binary '',NULL,'/realms/MyReam/account/',_binary '\0',NULL,_binary '\0','MyReam','openid-connect',0,_binary '\0',_binary '\0','${client_account-console}',_binary '\0','client-secret','${authBaseUrl}',NULL,NULL,_binary '',_binary '\0',_binary '\0',_binary '\0');
INSERT INTO `CLIENT` (`ID`, `ENABLED`, `FULL_SCOPE_ALLOWED`, `CLIENT_ID`, `NOT_BEFORE`, `PUBLIC_CLIENT`, `SECRET`, `BASE_URL`, `BEARER_ONLY`, `MANAGEMENT_URL`, `SURROGATE_AUTH_REQUIRED`, `REALM_ID`, `PROTOCOL`, `NODE_REREG_TIMEOUT`, `FRONTCHANNEL_LOGOUT`, `CONSENT_REQUIRED`, `NAME`, `SERVICE_ACCOUNTS_ENABLED`, `CLIENT_AUTHENTICATOR_TYPE`, `ROOT_URL`, `DESCRIPTION`, `REGISTRATION_TOKEN`, `STANDARD_FLOW_ENABLED`, `IMPLICIT_FLOW_ENABLED`, `DIRECT_ACCESS_GRANTS_ENABLED`, `ALWAYS_DISPLAY_IN_CONSOLE`) VALUES ('e901bea2-3dc1-4bd3-9e18-5a94341b1f48',_binary '',_binary '\0','security-admin-console',0,_binary '',NULL,'/admin/myRealm/console/',_binary '\0',NULL,_binary '\0','MyReam','openid-connect',0,_binary '\0',_binary '\0','${client_security-admin-console}',_binary '\0','client-secret','${authAdminUrl}',NULL,NULL,_binary '',_binary '\0',_binary '\0',_binary '\0');
INSERT INTO `CLIENT` (`ID`, `ENABLED`, `FULL_SCOPE_ALLOWED`, `CLIENT_ID`, `NOT_BEFORE`, `PUBLIC_CLIENT`, `SECRET`, `BASE_URL`, `BEARER_ONLY`, `MANAGEMENT_URL`, `SURROGATE_AUTH_REQUIRED`, `REALM_ID`, `PROTOCOL`, `NODE_REREG_TIMEOUT`, `FRONTCHANNEL_LOGOUT`, `CONSENT_REQUIRED`, `NAME`, `SERVICE_ACCOUNTS_ENABLED`, `CLIENT_AUTHENTICATOR_TYPE`, `ROOT_URL`, `DESCRIPTION`, `REGISTRATION_TOKEN`, `STANDARD_FLOW_ENABLED`, `IMPLICIT_FLOW_ENABLED`, `DIRECT_ACCESS_GRANTS_ENABLED`, `ALWAYS_DISPLAY_IN_CONSOLE`) VALUES ('fe427f3d-7f22-4a58-8a07-b5af38a480a3',_binary '',_binary '\0','account-console',0,_binary '',NULL,'/realms/master/account/',_binary '\0',NULL,_binary '\0','3586be3d-c811-48bd-ac93-c1efbb056510','openid-connect',0,_binary '\0',_binary '\0','${client_account-console}',_binary '\0','client-secret','${authBaseUrl}',NULL,NULL,_binary '',_binary '\0',_binary '\0',_binary '\0');
/*!40000 ALTER TABLE `CLIENT` ENABLE KEYS */;
UNLOCK TABLES;

--
-- Table structure for table `CLIENT_ATTRIBUTES`
--

DROP TABLE IF EXISTS `CLIENT_ATTRIBUTES`;
/*!40101 SET @saved_cs_client     = @@character_set_client */;
 SET character_set_client = utf8mb4 ;
CREATE TABLE `CLIENT_ATTRIBUTES` (
  `CLIENT_ID` varchar(36) CHARACTER SET utf8mb4 COLLATE utf8mb4_unicode_ci NOT NULL,
  `VALUE` text CHARACTER SET utf8mb4 COLLATE utf8mb4_unicode_ci,
  `NAME` varchar(255) CHARACTER SET utf8mb4 COLLATE utf8mb4_unicode_ci NOT NULL,
  PRIMARY KEY (`CLIENT_ID`,`NAME`),
  KEY `IDX_CLIENT_ATT_BY_NAME_VALUE` (`NAME`,`VALUE`(255)),
  CONSTRAINT `FK3C47C64BEACCA966` FOREIGN KEY (`CLIENT_ID`) REFERENCES `CLIENT` (`ID`)
) ENGINE=InnoDB DEFAULT CHARSET=utf8mb4 COLLATE=utf8mb4_unicode_ci;
/*!40101 SET character_set_client = @saved_cs_client */;

--
-- Dumping data for table `CLIENT_ATTRIBUTES`
--

LOCK TABLES `CLIENT_ATTRIBUTES` WRITE;
/*!40000 ALTER TABLE `CLIENT_ATTRIBUTES` DISABLE KEYS */;
INSERT INTO `CLIENT_ATTRIBUTES` (`CLIENT_ID`, `VALUE`, `NAME`) VALUES ('3c4d1c6d-ba5d-41f3-ac70-75226d466f71','{}','acr.loa.map');
INSERT INTO `CLIENT_ATTRIBUTES` (`CLIENT_ID`, `VALUE`, `NAME`) VALUES ('3c4d1c6d-ba5d-41f3-ac70-75226d466f71','false','backchannel.logout.revoke.offline.tokens');
INSERT INTO `CLIENT_ATTRIBUTES` (`CLIENT_ID`, `VALUE`, `NAME`) VALUES ('3c4d1c6d-ba5d-41f3-ac70-75226d466f71','true','backchannel.logout.session.required');
INSERT INTO `CLIENT_ATTRIBUTES` (`CLIENT_ID`, `VALUE`, `NAME`) VALUES ('3c4d1c6d-ba5d-41f3-ac70-75226d466f71','false','client_credentials.use_refresh_token');
INSERT INTO `CLIENT_ATTRIBUTES` (`CLIENT_ID`, `VALUE`, `NAME`) VALUES ('3c4d1c6d-ba5d-41f3-ac70-75226d466f71','1706542522','client.secret.creation.time');
INSERT INTO `CLIENT_ATTRIBUTES` (`CLIENT_ID`, `VALUE`, `NAME`) VALUES ('3c4d1c6d-ba5d-41f3-ac70-75226d466f71','false','display.on.consent.screen');
INSERT INTO `CLIENT_ATTRIBUTES` (`CLIENT_ID`, `VALUE`, `NAME`) VALUES ('3c4d1c6d-ba5d-41f3-ac70-75226d466f71','false','exclude.session.state.from.auth.response');
INSERT INTO `CLIENT_ATTRIBUTES` (`CLIENT_ID`, `VALUE`, `NAME`) VALUES ('3c4d1c6d-ba5d-41f3-ac70-75226d466f71','false','frontchannel.logout.session.required');
INSERT INTO `CLIENT_ATTRIBUTES` (`CLIENT_ID`, `VALUE`, `NAME`) VALUES ('3c4d1c6d-ba5d-41f3-ac70-75226d466f71','false','id.token.as.detached.signature');
INSERT INTO `CLIENT_ATTRIBUTES` (`CLIENT_ID`, `VALUE`, `NAME`) VALUES ('3c4d1c6d-ba5d-41f3-ac70-75226d466f71','false','oauth2.device.authorization.grant.enabled');
INSERT INTO `CLIENT_ATTRIBUTES` (`CLIENT_ID`, `VALUE`, `NAME`) VALUES ('3c4d1c6d-ba5d-41f3-ac70-75226d466f71','false','oidc.ciba.grant.enabled');
INSERT INTO `CLIENT_ATTRIBUTES` (`CLIENT_ID`, `VALUE`, `NAME`) VALUES ('3c4d1c6d-ba5d-41f3-ac70-75226d466f71','false','require.pushed.authorization.requests');
INSERT INTO `CLIENT_ATTRIBUTES` (`CLIENT_ID`, `VALUE`, `NAME`) VALUES ('3c4d1c6d-ba5d-41f3-ac70-75226d466f71','false','saml_force_name_id_format');
INSERT INTO `CLIENT_ATTRIBUTES` (`CLIENT_ID`, `VALUE`, `NAME`) VALUES ('3c4d1c6d-ba5d-41f3-ac70-75226d466f71','false','saml.allow.ecp.flow');
INSERT INTO `CLIENT_ATTRIBUTES` (`CLIENT_ID`, `VALUE`, `NAME`) VALUES ('3c4d1c6d-ba5d-41f3-ac70-75226d466f71','false','saml.artifact.binding');
INSERT INTO `CLIENT_ATTRIBUTES` (`CLIENT_ID`, `VALUE`, `NAME`) VALUES ('3c4d1c6d-ba5d-41f3-ac70-75226d466f71','false','saml.assertion.signature');
INSERT INTO `CLIENT_ATTRIBUTES` (`CLIENT_ID`, `VALUE`, `NAME`) VALUES ('3c4d1c6d-ba5d-41f3-ac70-75226d466f71','false','saml.authnstatement');
INSERT INTO `CLIENT_ATTRIBUTES` (`CLIENT_ID`, `VALUE`, `NAME`) VALUES ('3c4d1c6d-ba5d-41f3-ac70-75226d466f71','false','saml.client.signature');
INSERT INTO `CLIENT_ATTRIBUTES` (`CLIENT_ID`, `VALUE`, `NAME`) VALUES ('3c4d1c6d-ba5d-41f3-ac70-75226d466f71','false','saml.encrypt');
INSERT INTO `CLIENT_ATTRIBUTES` (`CLIENT_ID`, `VALUE`, `NAME`) VALUES ('3c4d1c6d-ba5d-41f3-ac70-75226d466f71','false','saml.force.post.binding');
INSERT INTO `CLIENT_ATTRIBUTES` (`CLIENT_ID`, `VALUE`, `NAME`) VALUES ('3c4d1c6d-ba5d-41f3-ac70-75226d466f71','false','saml.multivalued.roles');
INSERT INTO `CLIENT_ATTRIBUTES` (`CLIENT_ID`, `VALUE`, `NAME`) VALUES ('3c4d1c6d-ba5d-41f3-ac70-75226d466f71','false','saml.onetimeuse.condition');
INSERT INTO `CLIENT_ATTRIBUTES` (`CLIENT_ID`, `VALUE`, `NAME`) VALUES ('3c4d1c6d-ba5d-41f3-ac70-75226d466f71','false','saml.server.signature');
INSERT INTO `CLIENT_ATTRIBUTES` (`CLIENT_ID`, `VALUE`, `NAME`) VALUES ('3c4d1c6d-ba5d-41f3-ac70-75226d466f71','false','saml.server.signature.keyinfo.ext');
INSERT INTO `CLIENT_ATTRIBUTES` (`CLIENT_ID`, `VALUE`, `NAME`) VALUES ('3c4d1c6d-ba5d-41f3-ac70-75226d466f71','false','tls.client.certificate.bound.access.tokens');
INSERT INTO `CLIENT_ATTRIBUTES` (`CLIENT_ID`, `VALUE`, `NAME`) VALUES ('3c4d1c6d-ba5d-41f3-ac70-75226d466f71','false','token.response.type.bearer.lower-case');
INSERT INTO `CLIENT_ATTRIBUTES` (`CLIENT_ID`, `VALUE`, `NAME`) VALUES ('3c4d1c6d-ba5d-41f3-ac70-75226d466f71','true','use.refresh.tokens');
INSERT INTO `CLIENT_ATTRIBUTES` (`CLIENT_ID`, `VALUE`, `NAME`) VALUES ('3d37f65d-2671-40d6-833c-86719b0b570b','S256','pkce.code.challenge.method');
INSERT INTO `CLIENT_ATTRIBUTES` (`CLIENT_ID`, `VALUE`, `NAME`) VALUES ('50420149-0789-4dac-9ece-b8c8ff2eec6b','{}','acr.loa.map');
INSERT INTO `CLIENT_ATTRIBUTES` (`CLIENT_ID`, `VALUE`, `NAME`) VALUES ('50420149-0789-4dac-9ece-b8c8ff2eec6b','false','backchannel.logout.revoke.offline.tokens');
INSERT INTO `CLIENT_ATTRIBUTES` (`CLIENT_ID`, `VALUE`, `NAME`) VALUES ('50420149-0789-4dac-9ece-b8c8ff2eec6b','true','backchannel.logout.session.required');
INSERT INTO `CLIENT_ATTRIBUTES` (`CLIENT_ID`, `VALUE`, `NAME`) VALUES ('50420149-0789-4dac-9ece-b8c8ff2eec6b','false','client_credentials.use_refresh_token');
INSERT INTO `CLIENT_ATTRIBUTES` (`CLIENT_ID`, `VALUE`, `NAME`) VALUES ('50420149-0789-4dac-9ece-b8c8ff2eec6b','1706876612','client.secret.creation.time');
INSERT INTO `CLIENT_ATTRIBUTES` (`CLIENT_ID`, `VALUE`, `NAME`) VALUES ('50420149-0789-4dac-9ece-b8c8ff2eec6b','false','display.on.consent.screen');
INSERT INTO `CLIENT_ATTRIBUTES` (`CLIENT_ID`, `VALUE`, `NAME`) VALUES ('50420149-0789-4dac-9ece-b8c8ff2eec6b','false','exclude.session.state.from.auth.response');
INSERT INTO `CLIENT_ATTRIBUTES` (`CLIENT_ID`, `VALUE`, `NAME`) VALUES ('50420149-0789-4dac-9ece-b8c8ff2eec6b','false','frontchannel.logout.session.required');
INSERT INTO `CLIENT_ATTRIBUTES` (`CLIENT_ID`, `VALUE`, `NAME`) VALUES ('50420149-0789-4dac-9ece-b8c8ff2eec6b','false','id.token.as.detached.signature');
INSERT INTO `CLIENT_ATTRIBUTES` (`CLIENT_ID`, `VALUE`, `NAME`) VALUES ('50420149-0789-4dac-9ece-b8c8ff2eec6b','false','oauth2.device.authorization.grant.enabled');
INSERT INTO `CLIENT_ATTRIBUTES` (`CLIENT_ID`, `VALUE`, `NAME`) VALUES ('50420149-0789-4dac-9ece-b8c8ff2eec6b','false','oidc.ciba.grant.enabled');
INSERT INTO `CLIENT_ATTRIBUTES` (`CLIENT_ID`, `VALUE`, `NAME`) VALUES ('50420149-0789-4dac-9ece-b8c8ff2eec6b','false','require.pushed.authorization.requests');
INSERT INTO `CLIENT_ATTRIBUTES` (`CLIENT_ID`, `VALUE`, `NAME`) VALUES ('50420149-0789-4dac-9ece-b8c8ff2eec6b','false','saml_force_name_id_format');
INSERT INTO `CLIENT_ATTRIBUTES` (`CLIENT_ID`, `VALUE`, `NAME`) VALUES ('50420149-0789-4dac-9ece-b8c8ff2eec6b','false','saml.allow.ecp.flow');
INSERT INTO `CLIENT_ATTRIBUTES` (`CLIENT_ID`, `VALUE`, `NAME`) VALUES ('50420149-0789-4dac-9ece-b8c8ff2eec6b','false','saml.artifact.binding');
INSERT INTO `CLIENT_ATTRIBUTES` (`CLIENT_ID`, `VALUE`, `NAME`) VALUES ('50420149-0789-4dac-9ece-b8c8ff2eec6b','false','saml.assertion.signature');
INSERT INTO `CLIENT_ATTRIBUTES` (`CLIENT_ID`, `VALUE`, `NAME`) VALUES ('50420149-0789-4dac-9ece-b8c8ff2eec6b','false','saml.authnstatement');
INSERT INTO `CLIENT_ATTRIBUTES` (`CLIENT_ID`, `VALUE`, `NAME`) VALUES ('50420149-0789-4dac-9ece-b8c8ff2eec6b','false','saml.client.signature');
INSERT INTO `CLIENT_ATTRIBUTES` (`CLIENT_ID`, `VALUE`, `NAME`) VALUES ('50420149-0789-4dac-9ece-b8c8ff2eec6b','false','saml.encrypt');
INSERT INTO `CLIENT_ATTRIBUTES` (`CLIENT_ID`, `VALUE`, `NAME`) VALUES ('50420149-0789-4dac-9ece-b8c8ff2eec6b','false','saml.force.post.binding');
INSERT INTO `CLIENT_ATTRIBUTES` (`CLIENT_ID`, `VALUE`, `NAME`) VALUES ('50420149-0789-4dac-9ece-b8c8ff2eec6b','false','saml.multivalued.roles');
INSERT INTO `CLIENT_ATTRIBUTES` (`CLIENT_ID`, `VALUE`, `NAME`) VALUES ('50420149-0789-4dac-9ece-b8c8ff2eec6b','false','saml.onetimeuse.condition');
INSERT INTO `CLIENT_ATTRIBUTES` (`CLIENT_ID`, `VALUE`, `NAME`) VALUES ('50420149-0789-4dac-9ece-b8c8ff2eec6b','false','saml.server.signature');
INSERT INTO `CLIENT_ATTRIBUTES` (`CLIENT_ID`, `VALUE`, `NAME`) VALUES ('50420149-0789-4dac-9ece-b8c8ff2eec6b','false','saml.server.signature.keyinfo.ext');
INSERT INTO `CLIENT_ATTRIBUTES` (`CLIENT_ID`, `VALUE`, `NAME`) VALUES ('50420149-0789-4dac-9ece-b8c8ff2eec6b','false','tls.client.certificate.bound.access.tokens');
INSERT INTO `CLIENT_ATTRIBUTES` (`CLIENT_ID`, `VALUE`, `NAME`) VALUES ('50420149-0789-4dac-9ece-b8c8ff2eec6b','false','token.response.type.bearer.lower-case');
INSERT INTO `CLIENT_ATTRIBUTES` (`CLIENT_ID`, `VALUE`, `NAME`) VALUES ('50420149-0789-4dac-9ece-b8c8ff2eec6b','true','use.refresh.tokens');
INSERT INTO `CLIENT_ATTRIBUTES` (`CLIENT_ID`, `VALUE`, `NAME`) VALUES ('cbb63608-b314-4ca0-90a4-202d5098305c','S256','pkce.code.challenge.method');
INSERT INTO `CLIENT_ATTRIBUTES` (`CLIENT_ID`, `VALUE`, `NAME`) VALUES ('e901bea2-3dc1-4bd3-9e18-5a94341b1f48','S256','pkce.code.challenge.method');
INSERT INTO `CLIENT_ATTRIBUTES` (`CLIENT_ID`, `VALUE`, `NAME`) VALUES ('fe427f3d-7f22-4a58-8a07-b5af38a480a3','S256','pkce.code.challenge.method');
/*!40000 ALTER TABLE `CLIENT_ATTRIBUTES` ENABLE KEYS */;
UNLOCK TABLES;

--
-- Table structure for table `CLIENT_AUTH_FLOW_BINDINGS`
--

DROP TABLE IF EXISTS `CLIENT_AUTH_FLOW_BINDINGS`;
/*!40101 SET @saved_cs_client     = @@character_set_client */;
 SET character_set_client = utf8mb4 ;
CREATE TABLE `CLIENT_AUTH_FLOW_BINDINGS` (
  `CLIENT_ID` varchar(36) CHARACTER SET utf8mb4 COLLATE utf8mb4_unicode_ci NOT NULL,
  `FLOW_ID` varchar(36) CHARACTER SET utf8mb4 COLLATE utf8mb4_unicode_ci DEFAULT NULL,
  `BINDING_NAME` varchar(255) CHARACTER SET utf8mb4 COLLATE utf8mb4_unicode_ci NOT NULL,
  PRIMARY KEY (`CLIENT_ID`,`BINDING_NAME`)
) ENGINE=InnoDB DEFAULT CHARSET=utf8mb4 COLLATE=utf8mb4_unicode_ci;
/*!40101 SET character_set_client = @saved_cs_client */;

--
-- Dumping data for table `CLIENT_AUTH_FLOW_BINDINGS`
--

LOCK TABLES `CLIENT_AUTH_FLOW_BINDINGS` WRITE;
/*!40000 ALTER TABLE `CLIENT_AUTH_FLOW_BINDINGS` DISABLE KEYS */;
/*!40000 ALTER TABLE `CLIENT_AUTH_FLOW_BINDINGS` ENABLE KEYS */;
UNLOCK TABLES;

--
-- Table structure for table `CLIENT_INITIAL_ACCESS`
--

DROP TABLE IF EXISTS `CLIENT_INITIAL_ACCESS`;
/*!40101 SET @saved_cs_client     = @@character_set_client */;
 SET character_set_client = utf8mb4 ;
CREATE TABLE `CLIENT_INITIAL_ACCESS` (
  `ID` varchar(36) CHARACTER SET utf8mb4 COLLATE utf8mb4_unicode_ci NOT NULL,
  `REALM_ID` varchar(36) CHARACTER SET utf8mb4 COLLATE utf8mb4_unicode_ci NOT NULL,
  `TIMESTAMP` int DEFAULT NULL,
  `EXPIRATION` int DEFAULT NULL,
  `COUNT` int DEFAULT NULL,
  `REMAINING_COUNT` int DEFAULT NULL,
  PRIMARY KEY (`ID`),
  KEY `IDX_CLIENT_INIT_ACC_REALM` (`REALM_ID`),
  CONSTRAINT `FK_CLIENT_INIT_ACC_REALM` FOREIGN KEY (`REALM_ID`) REFERENCES `REALM` (`ID`)
) ENGINE=InnoDB DEFAULT CHARSET=utf8mb4 COLLATE=utf8mb4_unicode_ci;
/*!40101 SET character_set_client = @saved_cs_client */;

--
-- Dumping data for table `CLIENT_INITIAL_ACCESS`
--

LOCK TABLES `CLIENT_INITIAL_ACCESS` WRITE;
/*!40000 ALTER TABLE `CLIENT_INITIAL_ACCESS` DISABLE KEYS */;
/*!40000 ALTER TABLE `CLIENT_INITIAL_ACCESS` ENABLE KEYS */;
UNLOCK TABLES;

--
-- Table structure for table `CLIENT_NODE_REGISTRATIONS`
--

DROP TABLE IF EXISTS `CLIENT_NODE_REGISTRATIONS`;
/*!40101 SET @saved_cs_client     = @@character_set_client */;
 SET character_set_client = utf8mb4 ;
CREATE TABLE `CLIENT_NODE_REGISTRATIONS` (
  `CLIENT_ID` varchar(36) CHARACTER SET utf8mb4 COLLATE utf8mb4_unicode_ci NOT NULL,
  `VALUE` int DEFAULT NULL,
  `NAME` varchar(255) CHARACTER SET utf8mb4 COLLATE utf8mb4_unicode_ci NOT NULL,
  PRIMARY KEY (`CLIENT_ID`,`NAME`),
  CONSTRAINT `FK4129723BA992F594` FOREIGN KEY (`CLIENT_ID`) REFERENCES `CLIENT` (`ID`)
) ENGINE=InnoDB DEFAULT CHARSET=utf8mb4 COLLATE=utf8mb4_unicode_ci;
/*!40101 SET character_set_client = @saved_cs_client */;

--
-- Dumping data for table `CLIENT_NODE_REGISTRATIONS`
--

LOCK TABLES `CLIENT_NODE_REGISTRATIONS` WRITE;
/*!40000 ALTER TABLE `CLIENT_NODE_REGISTRATIONS` DISABLE KEYS */;
/*!40000 ALTER TABLE `CLIENT_NODE_REGISTRATIONS` ENABLE KEYS */;
UNLOCK TABLES;

--
-- Table structure for table `CLIENT_SCOPE`
--

DROP TABLE IF EXISTS `CLIENT_SCOPE`;
/*!40101 SET @saved_cs_client     = @@character_set_client */;
 SET character_set_client = utf8mb4 ;
CREATE TABLE `CLIENT_SCOPE` (
  `ID` varchar(36) CHARACTER SET utf8mb4 COLLATE utf8mb4_unicode_ci NOT NULL,
  `NAME` varchar(255) CHARACTER SET utf8mb4 COLLATE utf8mb4_unicode_ci DEFAULT NULL,
  `REALM_ID` varchar(36) CHARACTER SET utf8mb4 COLLATE utf8mb4_unicode_ci DEFAULT NULL,
  `DESCRIPTION` varchar(255) CHARACTER SET utf8mb3 COLLATE utf8mb3_general_ci DEFAULT NULL,
  `PROTOCOL` varchar(255) CHARACTER SET utf8mb4 COLLATE utf8mb4_unicode_ci DEFAULT NULL,
  PRIMARY KEY (`ID`),
  UNIQUE KEY `UK_CLI_SCOPE` (`REALM_ID`,`NAME`),
  KEY `IDX_REALM_CLSCOPE` (`REALM_ID`)
) ENGINE=InnoDB DEFAULT CHARSET=utf8mb4 COLLATE=utf8mb4_unicode_ci;
/*!40101 SET character_set_client = @saved_cs_client */;

--
-- Dumping data for table `CLIENT_SCOPE`
--

LOCK TABLES `CLIENT_SCOPE` WRITE;
/*!40000 ALTER TABLE `CLIENT_SCOPE` DISABLE KEYS */;
INSERT INTO `CLIENT_SCOPE` (`ID`, `NAME`, `REALM_ID`, `DESCRIPTION`, `PROTOCOL`) VALUES ('1bd5cf12-c78b-47e4-b866-389a9eddfb6e','offline_access','3586be3d-c811-48bd-ac93-c1efbb056510','OpenID Connect built-in scope: offline_access','openid-connect');
INSERT INTO `CLIENT_SCOPE` (`ID`, `NAME`, `REALM_ID`, `DESCRIPTION`, `PROTOCOL`) VALUES ('1cdf2a00-dc33-4d6f-ad6c-50e314a68e8f','phone','3586be3d-c811-48bd-ac93-c1efbb056510','OpenID Connect built-in scope: phone','openid-connect');
INSERT INTO `CLIENT_SCOPE` (`ID`, `NAME`, `REALM_ID`, `DESCRIPTION`, `PROTOCOL`) VALUES ('1e18ced5-1dda-476d-aa97-762f767b94f4','profile','MyReam','OpenID Connect built-in scope: profile','openid-connect');
INSERT INTO `CLIENT_SCOPE` (`ID`, `NAME`, `REALM_ID`, `DESCRIPTION`, `PROTOCOL`) VALUES ('337ecf75-b755-4e78-9fe2-c127619805f2','email','3586be3d-c811-48bd-ac93-c1efbb056510','OpenID Connect built-in scope: email','openid-connect');
INSERT INTO `CLIENT_SCOPE` (`ID`, `NAME`, `REALM_ID`, `DESCRIPTION`, `PROTOCOL`) VALUES ('39ae26bf-20ef-4d02-8b5f-75ad7ec5e000','microprofile-jwt','MyReam','Microprofile - JWT built-in scope','openid-connect');
INSERT INTO `CLIENT_SCOPE` (`ID`, `NAME`, `REALM_ID`, `DESCRIPTION`, `PROTOCOL`) VALUES ('472221c4-e338-4721-ba0c-3bc8b32b94b0','profile','3586be3d-c811-48bd-ac93-c1efbb056510','OpenID Connect built-in scope: profile','openid-connect');
INSERT INTO `CLIENT_SCOPE` (`ID`, `NAME`, `REALM_ID`, `DESCRIPTION`, `PROTOCOL`) VALUES ('4d5513e1-ff32-496d-a791-a3502c51ced5','email','MyReam','OpenID Connect built-in scope: email','openid-connect');
INSERT INTO `CLIENT_SCOPE` (`ID`, `NAME`, `REALM_ID`, `DESCRIPTION`, `PROTOCOL`) VALUES ('6153b616-2951-43fc-9a9c-4b6e214c613a','roles','MyReam','OpenID Connect scope for add user roles to the access token','openid-connect');
INSERT INTO `CLIENT_SCOPE` (`ID`, `NAME`, `REALM_ID`, `DESCRIPTION`, `PROTOCOL`) VALUES ('63c858f6-f215-4b7b-89b7-edb2bf7b0bbd','web-origins','MyReam','OpenID Connect scope for add allowed web origins to the access token','openid-connect');
INSERT INTO `CLIENT_SCOPE` (`ID`, `NAME`, `REALM_ID`, `DESCRIPTION`, `PROTOCOL`) VALUES ('6def4927-073b-4ced-b340-ca7c6131fe27','acr','MyReam','OpenID Connect scope for add acr (authentication context class reference) to the token','openid-connect');
INSERT INTO `CLIENT_SCOPE` (`ID`, `NAME`, `REALM_ID`, `DESCRIPTION`, `PROTOCOL`) VALUES ('7cf1977d-3bd0-477e-955a-0ca107746c7d','offline_access','MyReam','OpenID Connect built-in scope: offline_access','openid-connect');
INSERT INTO `CLIENT_SCOPE` (`ID`, `NAME`, `REALM_ID`, `DESCRIPTION`, `PROTOCOL`) VALUES ('7fd91d53-690e-4969-819e-21b590ada88d','acr','3586be3d-c811-48bd-ac93-c1efbb056510','OpenID Connect scope for add acr (authentication context class reference) to the token','openid-connect');
INSERT INTO `CLIENT_SCOPE` (`ID`, `NAME`, `REALM_ID`, `DESCRIPTION`, `PROTOCOL`) VALUES ('a39dccd1-d830-4827-aaef-6f95ecc2f64c','web-origins','3586be3d-c811-48bd-ac93-c1efbb056510','OpenID Connect scope for add allowed web origins to the access token','openid-connect');
INSERT INTO `CLIENT_SCOPE` (`ID`, `NAME`, `REALM_ID`, `DESCRIPTION`, `PROTOCOL`) VALUES ('b7045491-ba08-47c6-b1e8-a2fc78116915','microprofile-jwt','3586be3d-c811-48bd-ac93-c1efbb056510','Microprofile - JWT built-in scope','openid-connect');
INSERT INTO `CLIENT_SCOPE` (`ID`, `NAME`, `REALM_ID`, `DESCRIPTION`, `PROTOCOL`) VALUES ('bba27c61-5c56-44c2-86b8-9dddbf2efaf1','phone','MyReam','OpenID Connect built-in scope: phone','openid-connect');
INSERT INTO `CLIENT_SCOPE` (`ID`, `NAME`, `REALM_ID`, `DESCRIPTION`, `PROTOCOL`) VALUES ('bda4e25b-7bd6-4065-bef1-d9497382be7d','role_list','3586be3d-c811-48bd-ac93-c1efbb056510','SAML role list','saml');
INSERT INTO `CLIENT_SCOPE` (`ID`, `NAME`, `REALM_ID`, `DESCRIPTION`, `PROTOCOL`) VALUES ('c92642f4-a5df-4929-ac09-dcc438f478c1','role_list','MyReam','SAML role list','saml');
INSERT INTO `CLIENT_SCOPE` (`ID`, `NAME`, `REALM_ID`, `DESCRIPTION`, `PROTOCOL`) VALUES ('cd7d0f7f-6ee2-401a-bd2c-a2e94ae75342','address','3586be3d-c811-48bd-ac93-c1efbb056510','OpenID Connect built-in scope: address','openid-connect');
INSERT INTO `CLIENT_SCOPE` (`ID`, `NAME`, `REALM_ID`, `DESCRIPTION`, `PROTOCOL`) VALUES ('d495b4d0-5a42-497b-9fcb-d009d223019a','address','MyReam','OpenID Connect built-in scope: address','openid-connect');
INSERT INTO `CLIENT_SCOPE` (`ID`, `NAME`, `REALM_ID`, `DESCRIPTION`, `PROTOCOL`) VALUES ('d4fa7a70-fa00-40c5-98cc-d927e569586d','roles','3586be3d-c811-48bd-ac93-c1efbb056510','OpenID Connect scope for add user roles to the access token','openid-connect');
/*!40000 ALTER TABLE `CLIENT_SCOPE` ENABLE KEYS */;
UNLOCK TABLES;

--
-- Table structure for table `CLIENT_SCOPE_ATTRIBUTES`
--

DROP TABLE IF EXISTS `CLIENT_SCOPE_ATTRIBUTES`;
/*!40101 SET @saved_cs_client     = @@character_set_client */;
 SET character_set_client = utf8mb4 ;
CREATE TABLE `CLIENT_SCOPE_ATTRIBUTES` (
  `SCOPE_ID` varchar(36) CHARACTER SET utf8mb4 COLLATE utf8mb4_unicode_ci NOT NULL,
  `VALUE` text CHARACTER SET utf8mb4 COLLATE utf8mb4_unicode_ci,
  `NAME` varchar(255) CHARACTER SET utf8mb4 COLLATE utf8mb4_unicode_ci NOT NULL,
  PRIMARY KEY (`SCOPE_ID`,`NAME`),
  KEY `IDX_CLSCOPE_ATTRS` (`SCOPE_ID`),
  CONSTRAINT `FK_CL_SCOPE_ATTR_SCOPE` FOREIGN KEY (`SCOPE_ID`) REFERENCES `CLIENT_SCOPE` (`ID`)
) ENGINE=InnoDB DEFAULT CHARSET=utf8mb4 COLLATE=utf8mb4_unicode_ci;
/*!40101 SET character_set_client = @saved_cs_client */;

--
-- Dumping data for table `CLIENT_SCOPE_ATTRIBUTES`
--

LOCK TABLES `CLIENT_SCOPE_ATTRIBUTES` WRITE;
/*!40000 ALTER TABLE `CLIENT_SCOPE_ATTRIBUTES` DISABLE KEYS */;
INSERT INTO `CLIENT_SCOPE_ATTRIBUTES` (`SCOPE_ID`, `VALUE`, `NAME`) VALUES ('1bd5cf12-c78b-47e4-b866-389a9eddfb6e','${offlineAccessScopeConsentText}','consent.screen.text');
INSERT INTO `CLIENT_SCOPE_ATTRIBUTES` (`SCOPE_ID`, `VALUE`, `NAME`) VALUES ('1bd5cf12-c78b-47e4-b866-389a9eddfb6e','true','display.on.consent.screen');
INSERT INTO `CLIENT_SCOPE_ATTRIBUTES` (`SCOPE_ID`, `VALUE`, `NAME`) VALUES ('1cdf2a00-dc33-4d6f-ad6c-50e314a68e8f','${phoneScopeConsentText}','consent.screen.text');
INSERT INTO `CLIENT_SCOPE_ATTRIBUTES` (`SCOPE_ID`, `VALUE`, `NAME`) VALUES ('1cdf2a00-dc33-4d6f-ad6c-50e314a68e8f','true','display.on.consent.screen');
INSERT INTO `CLIENT_SCOPE_ATTRIBUTES` (`SCOPE_ID`, `VALUE`, `NAME`) VALUES ('1cdf2a00-dc33-4d6f-ad6c-50e314a68e8f','true','include.in.token.scope');
INSERT INTO `CLIENT_SCOPE_ATTRIBUTES` (`SCOPE_ID`, `VALUE`, `NAME`) VALUES ('1e18ced5-1dda-476d-aa97-762f767b94f4','${profileScopeConsentText}','consent.screen.text');
INSERT INTO `CLIENT_SCOPE_ATTRIBUTES` (`SCOPE_ID`, `VALUE`, `NAME`) VALUES ('1e18ced5-1dda-476d-aa97-762f767b94f4','true','display.on.consent.screen');
INSERT INTO `CLIENT_SCOPE_ATTRIBUTES` (`SCOPE_ID`, `VALUE`, `NAME`) VALUES ('1e18ced5-1dda-476d-aa97-762f767b94f4','true','include.in.token.scope');
INSERT INTO `CLIENT_SCOPE_ATTRIBUTES` (`SCOPE_ID`, `VALUE`, `NAME`) VALUES ('337ecf75-b755-4e78-9fe2-c127619805f2','${emailScopeConsentText}','consent.screen.text');
INSERT INTO `CLIENT_SCOPE_ATTRIBUTES` (`SCOPE_ID`, `VALUE`, `NAME`) VALUES ('337ecf75-b755-4e78-9fe2-c127619805f2','true','display.on.consent.screen');
INSERT INTO `CLIENT_SCOPE_ATTRIBUTES` (`SCOPE_ID`, `VALUE`, `NAME`) VALUES ('337ecf75-b755-4e78-9fe2-c127619805f2','true','include.in.token.scope');
INSERT INTO `CLIENT_SCOPE_ATTRIBUTES` (`SCOPE_ID`, `VALUE`, `NAME`) VALUES ('39ae26bf-20ef-4d02-8b5f-75ad7ec5e000','false','display.on.consent.screen');
INSERT INTO `CLIENT_SCOPE_ATTRIBUTES` (`SCOPE_ID`, `VALUE`, `NAME`) VALUES ('39ae26bf-20ef-4d02-8b5f-75ad7ec5e000','true','include.in.token.scope');
INSERT INTO `CLIENT_SCOPE_ATTRIBUTES` (`SCOPE_ID`, `VALUE`, `NAME`) VALUES ('472221c4-e338-4721-ba0c-3bc8b32b94b0','${profileScopeConsentText}','consent.screen.text');
INSERT INTO `CLIENT_SCOPE_ATTRIBUTES` (`SCOPE_ID`, `VALUE`, `NAME`) VALUES ('472221c4-e338-4721-ba0c-3bc8b32b94b0','true','display.on.consent.screen');
INSERT INTO `CLIENT_SCOPE_ATTRIBUTES` (`SCOPE_ID`, `VALUE`, `NAME`) VALUES ('472221c4-e338-4721-ba0c-3bc8b32b94b0','true','include.in.token.scope');
INSERT INTO `CLIENT_SCOPE_ATTRIBUTES` (`SCOPE_ID`, `VALUE`, `NAME`) VALUES ('4d5513e1-ff32-496d-a791-a3502c51ced5','${emailScopeConsentText}','consent.screen.text');
INSERT INTO `CLIENT_SCOPE_ATTRIBUTES` (`SCOPE_ID`, `VALUE`, `NAME`) VALUES ('4d5513e1-ff32-496d-a791-a3502c51ced5','true','display.on.consent.screen');
INSERT INTO `CLIENT_SCOPE_ATTRIBUTES` (`SCOPE_ID`, `VALUE`, `NAME`) VALUES ('4d5513e1-ff32-496d-a791-a3502c51ced5','true','include.in.token.scope');
INSERT INTO `CLIENT_SCOPE_ATTRIBUTES` (`SCOPE_ID`, `VALUE`, `NAME`) VALUES ('6153b616-2951-43fc-9a9c-4b6e214c613a','${rolesScopeConsentText}','consent.screen.text');
INSERT INTO `CLIENT_SCOPE_ATTRIBUTES` (`SCOPE_ID`, `VALUE`, `NAME`) VALUES ('6153b616-2951-43fc-9a9c-4b6e214c613a','true','display.on.consent.screen');
INSERT INTO `CLIENT_SCOPE_ATTRIBUTES` (`SCOPE_ID`, `VALUE`, `NAME`) VALUES ('6153b616-2951-43fc-9a9c-4b6e214c613a','false','include.in.token.scope');
INSERT INTO `CLIENT_SCOPE_ATTRIBUTES` (`SCOPE_ID`, `VALUE`, `NAME`) VALUES ('63c858f6-f215-4b7b-89b7-edb2bf7b0bbd','','consent.screen.text');
INSERT INTO `CLIENT_SCOPE_ATTRIBUTES` (`SCOPE_ID`, `VALUE`, `NAME`) VALUES ('63c858f6-f215-4b7b-89b7-edb2bf7b0bbd','false','display.on.consent.screen');
INSERT INTO `CLIENT_SCOPE_ATTRIBUTES` (`SCOPE_ID`, `VALUE`, `NAME`) VALUES ('63c858f6-f215-4b7b-89b7-edb2bf7b0bbd','false','include.in.token.scope');
INSERT INTO `CLIENT_SCOPE_ATTRIBUTES` (`SCOPE_ID`, `VALUE`, `NAME`) VALUES ('6def4927-073b-4ced-b340-ca7c6131fe27','false','display.on.consent.screen');
INSERT INTO `CLIENT_SCOPE_ATTRIBUTES` (`SCOPE_ID`, `VALUE`, `NAME`) VALUES ('6def4927-073b-4ced-b340-ca7c6131fe27','false','include.in.token.scope');
INSERT INTO `CLIENT_SCOPE_ATTRIBUTES` (`SCOPE_ID`, `VALUE`, `NAME`) VALUES ('7cf1977d-3bd0-477e-955a-0ca107746c7d','${offlineAccessScopeConsentText}','consent.screen.text');
INSERT INTO `CLIENT_SCOPE_ATTRIBUTES` (`SCOPE_ID`, `VALUE`, `NAME`) VALUES ('7cf1977d-3bd0-477e-955a-0ca107746c7d','true','display.on.consent.screen');
INSERT INTO `CLIENT_SCOPE_ATTRIBUTES` (`SCOPE_ID`, `VALUE`, `NAME`) VALUES ('7fd91d53-690e-4969-819e-21b590ada88d','false','display.on.consent.screen');
INSERT INTO `CLIENT_SCOPE_ATTRIBUTES` (`SCOPE_ID`, `VALUE`, `NAME`) VALUES ('7fd91d53-690e-4969-819e-21b590ada88d','false','include.in.token.scope');
INSERT INTO `CLIENT_SCOPE_ATTRIBUTES` (`SCOPE_ID`, `VALUE`, `NAME`) VALUES ('a39dccd1-d830-4827-aaef-6f95ecc2f64c','','consent.screen.text');
INSERT INTO `CLIENT_SCOPE_ATTRIBUTES` (`SCOPE_ID`, `VALUE`, `NAME`) VALUES ('a39dccd1-d830-4827-aaef-6f95ecc2f64c','false','display.on.consent.screen');
INSERT INTO `CLIENT_SCOPE_ATTRIBUTES` (`SCOPE_ID`, `VALUE`, `NAME`) VALUES ('a39dccd1-d830-4827-aaef-6f95ecc2f64c','false','include.in.token.scope');
INSERT INTO `CLIENT_SCOPE_ATTRIBUTES` (`SCOPE_ID`, `VALUE`, `NAME`) VALUES ('b7045491-ba08-47c6-b1e8-a2fc78116915','false','display.on.consent.screen');
INSERT INTO `CLIENT_SCOPE_ATTRIBUTES` (`SCOPE_ID`, `VALUE`, `NAME`) VALUES ('b7045491-ba08-47c6-b1e8-a2fc78116915','true','include.in.token.scope');
INSERT INTO `CLIENT_SCOPE_ATTRIBUTES` (`SCOPE_ID`, `VALUE`, `NAME`) VALUES ('bba27c61-5c56-44c2-86b8-9dddbf2efaf1','${phoneScopeConsentText}','consent.screen.text');
INSERT INTO `CLIENT_SCOPE_ATTRIBUTES` (`SCOPE_ID`, `VALUE`, `NAME`) VALUES ('bba27c61-5c56-44c2-86b8-9dddbf2efaf1','true','display.on.consent.screen');
INSERT INTO `CLIENT_SCOPE_ATTRIBUTES` (`SCOPE_ID`, `VALUE`, `NAME`) VALUES ('bba27c61-5c56-44c2-86b8-9dddbf2efaf1','true','include.in.token.scope');
INSERT INTO `CLIENT_SCOPE_ATTRIBUTES` (`SCOPE_ID`, `VALUE`, `NAME`) VALUES ('bda4e25b-7bd6-4065-bef1-d9497382be7d','${samlRoleListScopeConsentText}','consent.screen.text');
INSERT INTO `CLIENT_SCOPE_ATTRIBUTES` (`SCOPE_ID`, `VALUE`, `NAME`) VALUES ('bda4e25b-7bd6-4065-bef1-d9497382be7d','true','display.on.consent.screen');
INSERT INTO `CLIENT_SCOPE_ATTRIBUTES` (`SCOPE_ID`, `VALUE`, `NAME`) VALUES ('c92642f4-a5df-4929-ac09-dcc438f478c1','${samlRoleListScopeConsentText}','consent.screen.text');
INSERT INTO `CLIENT_SCOPE_ATTRIBUTES` (`SCOPE_ID`, `VALUE`, `NAME`) VALUES ('c92642f4-a5df-4929-ac09-dcc438f478c1','true','display.on.consent.screen');
INSERT INTO `CLIENT_SCOPE_ATTRIBUTES` (`SCOPE_ID`, `VALUE`, `NAME`) VALUES ('cd7d0f7f-6ee2-401a-bd2c-a2e94ae75342','${addressScopeConsentText}','consent.screen.text');
INSERT INTO `CLIENT_SCOPE_ATTRIBUTES` (`SCOPE_ID`, `VALUE`, `NAME`) VALUES ('cd7d0f7f-6ee2-401a-bd2c-a2e94ae75342','true','display.on.consent.screen');
INSERT INTO `CLIENT_SCOPE_ATTRIBUTES` (`SCOPE_ID`, `VALUE`, `NAME`) VALUES ('cd7d0f7f-6ee2-401a-bd2c-a2e94ae75342','true','include.in.token.scope');
INSERT INTO `CLIENT_SCOPE_ATTRIBUTES` (`SCOPE_ID`, `VALUE`, `NAME`) VALUES ('d495b4d0-5a42-497b-9fcb-d009d223019a','${addressScopeConsentText}','consent.screen.text');
INSERT INTO `CLIENT_SCOPE_ATTRIBUTES` (`SCOPE_ID`, `VALUE`, `NAME`) VALUES ('d495b4d0-5a42-497b-9fcb-d009d223019a','true','display.on.consent.screen');
INSERT INTO `CLIENT_SCOPE_ATTRIBUTES` (`SCOPE_ID`, `VALUE`, `NAME`) VALUES ('d495b4d0-5a42-497b-9fcb-d009d223019a','true','include.in.token.scope');
INSERT INTO `CLIENT_SCOPE_ATTRIBUTES` (`SCOPE_ID`, `VALUE`, `NAME`) VALUES ('d4fa7a70-fa00-40c5-98cc-d927e569586d','${rolesScopeConsentText}','consent.screen.text');
INSERT INTO `CLIENT_SCOPE_ATTRIBUTES` (`SCOPE_ID`, `VALUE`, `NAME`) VALUES ('d4fa7a70-fa00-40c5-98cc-d927e569586d','true','display.on.consent.screen');
INSERT INTO `CLIENT_SCOPE_ATTRIBUTES` (`SCOPE_ID`, `VALUE`, `NAME`) VALUES ('d4fa7a70-fa00-40c5-98cc-d927e569586d','false','include.in.token.scope');
/*!40000 ALTER TABLE `CLIENT_SCOPE_ATTRIBUTES` ENABLE KEYS */;
UNLOCK TABLES;

--
-- Table structure for table `CLIENT_SCOPE_CLIENT`
--

DROP TABLE IF EXISTS `CLIENT_SCOPE_CLIENT`;
/*!40101 SET @saved_cs_client     = @@character_set_client */;
 SET character_set_client = utf8mb4 ;
CREATE TABLE `CLIENT_SCOPE_CLIENT` (
  `CLIENT_ID` varchar(255) CHARACTER SET utf8mb4 COLLATE utf8mb4_unicode_ci NOT NULL,
  `SCOPE_ID` varchar(255) CHARACTER SET utf8mb4 COLLATE utf8mb4_unicode_ci NOT NULL,
  `DEFAULT_SCOPE` bit(1) NOT NULL DEFAULT b'0',
  PRIMARY KEY (`CLIENT_ID`,`SCOPE_ID`),
  KEY `IDX_CLSCOPE_CL` (`CLIENT_ID`),
  KEY `IDX_CL_CLSCOPE` (`SCOPE_ID`)
) ENGINE=InnoDB DEFAULT CHARSET=utf8mb4 COLLATE=utf8mb4_unicode_ci;
/*!40101 SET character_set_client = @saved_cs_client */;

--
-- Dumping data for table `CLIENT_SCOPE_CLIENT`
--

LOCK TABLES `CLIENT_SCOPE_CLIENT` WRITE;
/*!40000 ALTER TABLE `CLIENT_SCOPE_CLIENT` DISABLE KEYS */;
INSERT INTO `CLIENT_SCOPE_CLIENT` (`CLIENT_ID`, `SCOPE_ID`, `DEFAULT_SCOPE`) VALUES ('3b32fc61-24f9-43d0-9761-4888e32b33f7','1e18ced5-1dda-476d-aa97-762f767b94f4',_binary '');
INSERT INTO `CLIENT_SCOPE_CLIENT` (`CLIENT_ID`, `SCOPE_ID`, `DEFAULT_SCOPE`) VALUES ('3b32fc61-24f9-43d0-9761-4888e32b33f7','39ae26bf-20ef-4d02-8b5f-75ad7ec5e000',_binary '\0');
INSERT INTO `CLIENT_SCOPE_CLIENT` (`CLIENT_ID`, `SCOPE_ID`, `DEFAULT_SCOPE`) VALUES ('3b32fc61-24f9-43d0-9761-4888e32b33f7','4d5513e1-ff32-496d-a791-a3502c51ced5',_binary '');
INSERT INTO `CLIENT_SCOPE_CLIENT` (`CLIENT_ID`, `SCOPE_ID`, `DEFAULT_SCOPE`) VALUES ('3b32fc61-24f9-43d0-9761-4888e32b33f7','6153b616-2951-43fc-9a9c-4b6e214c613a',_binary '');
INSERT INTO `CLIENT_SCOPE_CLIENT` (`CLIENT_ID`, `SCOPE_ID`, `DEFAULT_SCOPE`) VALUES ('3b32fc61-24f9-43d0-9761-4888e32b33f7','63c858f6-f215-4b7b-89b7-edb2bf7b0bbd',_binary '');
INSERT INTO `CLIENT_SCOPE_CLIENT` (`CLIENT_ID`, `SCOPE_ID`, `DEFAULT_SCOPE`) VALUES ('3b32fc61-24f9-43d0-9761-4888e32b33f7','6def4927-073b-4ced-b340-ca7c6131fe27',_binary '');
INSERT INTO `CLIENT_SCOPE_CLIENT` (`CLIENT_ID`, `SCOPE_ID`, `DEFAULT_SCOPE`) VALUES ('3b32fc61-24f9-43d0-9761-4888e32b33f7','7cf1977d-3bd0-477e-955a-0ca107746c7d',_binary '\0');
INSERT INTO `CLIENT_SCOPE_CLIENT` (`CLIENT_ID`, `SCOPE_ID`, `DEFAULT_SCOPE`) VALUES ('3b32fc61-24f9-43d0-9761-4888e32b33f7','bba27c61-5c56-44c2-86b8-9dddbf2efaf1',_binary '\0');
INSERT INTO `CLIENT_SCOPE_CLIENT` (`CLIENT_ID`, `SCOPE_ID`, `DEFAULT_SCOPE`) VALUES ('3b32fc61-24f9-43d0-9761-4888e32b33f7','d495b4d0-5a42-497b-9fcb-d009d223019a',_binary '\0');
INSERT INTO `CLIENT_SCOPE_CLIENT` (`CLIENT_ID`, `SCOPE_ID`, `DEFAULT_SCOPE`) VALUES ('3c4d1c6d-ba5d-41f3-ac70-75226d466f71','1e18ced5-1dda-476d-aa97-762f767b94f4',_binary '');
INSERT INTO `CLIENT_SCOPE_CLIENT` (`CLIENT_ID`, `SCOPE_ID`, `DEFAULT_SCOPE`) VALUES ('3c4d1c6d-ba5d-41f3-ac70-75226d466f71','39ae26bf-20ef-4d02-8b5f-75ad7ec5e000',_binary '\0');
INSERT INTO `CLIENT_SCOPE_CLIENT` (`CLIENT_ID`, `SCOPE_ID`, `DEFAULT_SCOPE`) VALUES ('3c4d1c6d-ba5d-41f3-ac70-75226d466f71','4d5513e1-ff32-496d-a791-a3502c51ced5',_binary '');
INSERT INTO `CLIENT_SCOPE_CLIENT` (`CLIENT_ID`, `SCOPE_ID`, `DEFAULT_SCOPE`) VALUES ('3c4d1c6d-ba5d-41f3-ac70-75226d466f71','6153b616-2951-43fc-9a9c-4b6e214c613a',_binary '');
INSERT INTO `CLIENT_SCOPE_CLIENT` (`CLIENT_ID`, `SCOPE_ID`, `DEFAULT_SCOPE`) VALUES ('3c4d1c6d-ba5d-41f3-ac70-75226d466f71','63c858f6-f215-4b7b-89b7-edb2bf7b0bbd',_binary '');
INSERT INTO `CLIENT_SCOPE_CLIENT` (`CLIENT_ID`, `SCOPE_ID`, `DEFAULT_SCOPE`) VALUES ('3c4d1c6d-ba5d-41f3-ac70-75226d466f71','6def4927-073b-4ced-b340-ca7c6131fe27',_binary '');
INSERT INTO `CLIENT_SCOPE_CLIENT` (`CLIENT_ID`, `SCOPE_ID`, `DEFAULT_SCOPE`) VALUES ('3c4d1c6d-ba5d-41f3-ac70-75226d466f71','7cf1977d-3bd0-477e-955a-0ca107746c7d',_binary '\0');
INSERT INTO `CLIENT_SCOPE_CLIENT` (`CLIENT_ID`, `SCOPE_ID`, `DEFAULT_SCOPE`) VALUES ('3c4d1c6d-ba5d-41f3-ac70-75226d466f71','bba27c61-5c56-44c2-86b8-9dddbf2efaf1',_binary '\0');
INSERT INTO `CLIENT_SCOPE_CLIENT` (`CLIENT_ID`, `SCOPE_ID`, `DEFAULT_SCOPE`) VALUES ('3c4d1c6d-ba5d-41f3-ac70-75226d466f71','d495b4d0-5a42-497b-9fcb-d009d223019a',_binary '\0');
INSERT INTO `CLIENT_SCOPE_CLIENT` (`CLIENT_ID`, `SCOPE_ID`, `DEFAULT_SCOPE`) VALUES ('3d37f65d-2671-40d6-833c-86719b0b570b','1bd5cf12-c78b-47e4-b866-389a9eddfb6e',_binary '\0');
INSERT INTO `CLIENT_SCOPE_CLIENT` (`CLIENT_ID`, `SCOPE_ID`, `DEFAULT_SCOPE`) VALUES ('3d37f65d-2671-40d6-833c-86719b0b570b','1cdf2a00-dc33-4d6f-ad6c-50e314a68e8f',_binary '\0');
INSERT INTO `CLIENT_SCOPE_CLIENT` (`CLIENT_ID`, `SCOPE_ID`, `DEFAULT_SCOPE`) VALUES ('3d37f65d-2671-40d6-833c-86719b0b570b','337ecf75-b755-4e78-9fe2-c127619805f2',_binary '');
INSERT INTO `CLIENT_SCOPE_CLIENT` (`CLIENT_ID`, `SCOPE_ID`, `DEFAULT_SCOPE`) VALUES ('3d37f65d-2671-40d6-833c-86719b0b570b','472221c4-e338-4721-ba0c-3bc8b32b94b0',_binary '');
INSERT INTO `CLIENT_SCOPE_CLIENT` (`CLIENT_ID`, `SCOPE_ID`, `DEFAULT_SCOPE`) VALUES ('3d37f65d-2671-40d6-833c-86719b0b570b','7fd91d53-690e-4969-819e-21b590ada88d',_binary '');
INSERT INTO `CLIENT_SCOPE_CLIENT` (`CLIENT_ID`, `SCOPE_ID`, `DEFAULT_SCOPE`) VALUES ('3d37f65d-2671-40d6-833c-86719b0b570b','a39dccd1-d830-4827-aaef-6f95ecc2f64c',_binary '');
INSERT INTO `CLIENT_SCOPE_CLIENT` (`CLIENT_ID`, `SCOPE_ID`, `DEFAULT_SCOPE`) VALUES ('3d37f65d-2671-40d6-833c-86719b0b570b','b7045491-ba08-47c6-b1e8-a2fc78116915',_binary '\0');
INSERT INTO `CLIENT_SCOPE_CLIENT` (`CLIENT_ID`, `SCOPE_ID`, `DEFAULT_SCOPE`) VALUES ('3d37f65d-2671-40d6-833c-86719b0b570b','cd7d0f7f-6ee2-401a-bd2c-a2e94ae75342',_binary '\0');
INSERT INTO `CLIENT_SCOPE_CLIENT` (`CLIENT_ID`, `SCOPE_ID`, `DEFAULT_SCOPE`) VALUES ('3d37f65d-2671-40d6-833c-86719b0b570b','d4fa7a70-fa00-40c5-98cc-d927e569586d',_binary '');
INSERT INTO `CLIENT_SCOPE_CLIENT` (`CLIENT_ID`, `SCOPE_ID`, `DEFAULT_SCOPE`) VALUES ('50420149-0789-4dac-9ece-b8c8ff2eec6b','1e18ced5-1dda-476d-aa97-762f767b94f4',_binary '');
INSERT INTO `CLIENT_SCOPE_CLIENT` (`CLIENT_ID`, `SCOPE_ID`, `DEFAULT_SCOPE`) VALUES ('50420149-0789-4dac-9ece-b8c8ff2eec6b','39ae26bf-20ef-4d02-8b5f-75ad7ec5e000',_binary '\0');
INSERT INTO `CLIENT_SCOPE_CLIENT` (`CLIENT_ID`, `SCOPE_ID`, `DEFAULT_SCOPE`) VALUES ('50420149-0789-4dac-9ece-b8c8ff2eec6b','4d5513e1-ff32-496d-a791-a3502c51ced5',_binary '');
INSERT INTO `CLIENT_SCOPE_CLIENT` (`CLIENT_ID`, `SCOPE_ID`, `DEFAULT_SCOPE`) VALUES ('50420149-0789-4dac-9ece-b8c8ff2eec6b','6153b616-2951-43fc-9a9c-4b6e214c613a',_binary '');
INSERT INTO `CLIENT_SCOPE_CLIENT` (`CLIENT_ID`, `SCOPE_ID`, `DEFAULT_SCOPE`) VALUES ('50420149-0789-4dac-9ece-b8c8ff2eec6b','63c858f6-f215-4b7b-89b7-edb2bf7b0bbd',_binary '');
INSERT INTO `CLIENT_SCOPE_CLIENT` (`CLIENT_ID`, `SCOPE_ID`, `DEFAULT_SCOPE`) VALUES ('50420149-0789-4dac-9ece-b8c8ff2eec6b','6def4927-073b-4ced-b340-ca7c6131fe27',_binary '');
INSERT INTO `CLIENT_SCOPE_CLIENT` (`CLIENT_ID`, `SCOPE_ID`, `DEFAULT_SCOPE`) VALUES ('50420149-0789-4dac-9ece-b8c8ff2eec6b','7cf1977d-3bd0-477e-955a-0ca107746c7d',_binary '\0');
INSERT INTO `CLIENT_SCOPE_CLIENT` (`CLIENT_ID`, `SCOPE_ID`, `DEFAULT_SCOPE`) VALUES ('50420149-0789-4dac-9ece-b8c8ff2eec6b','bba27c61-5c56-44c2-86b8-9dddbf2efaf1',_binary '\0');
INSERT INTO `CLIENT_SCOPE_CLIENT` (`CLIENT_ID`, `SCOPE_ID`, `DEFAULT_SCOPE`) VALUES ('50420149-0789-4dac-9ece-b8c8ff2eec6b','d495b4d0-5a42-497b-9fcb-d009d223019a',_binary '\0');
INSERT INTO `CLIENT_SCOPE_CLIENT` (`CLIENT_ID`, `SCOPE_ID`, `DEFAULT_SCOPE`) VALUES ('50737d84-bdf6-4907-a0d9-69ef6f4f37e5','1e18ced5-1dda-476d-aa97-762f767b94f4',_binary '');
INSERT INTO `CLIENT_SCOPE_CLIENT` (`CLIENT_ID`, `SCOPE_ID`, `DEFAULT_SCOPE`) VALUES ('50737d84-bdf6-4907-a0d9-69ef6f4f37e5','39ae26bf-20ef-4d02-8b5f-75ad7ec5e000',_binary '\0');
INSERT INTO `CLIENT_SCOPE_CLIENT` (`CLIENT_ID`, `SCOPE_ID`, `DEFAULT_SCOPE`) VALUES ('50737d84-bdf6-4907-a0d9-69ef6f4f37e5','4d5513e1-ff32-496d-a791-a3502c51ced5',_binary '');
INSERT INTO `CLIENT_SCOPE_CLIENT` (`CLIENT_ID`, `SCOPE_ID`, `DEFAULT_SCOPE`) VALUES ('50737d84-bdf6-4907-a0d9-69ef6f4f37e5','6153b616-2951-43fc-9a9c-4b6e214c613a',_binary '');
INSERT INTO `CLIENT_SCOPE_CLIENT` (`CLIENT_ID`, `SCOPE_ID`, `DEFAULT_SCOPE`) VALUES ('50737d84-bdf6-4907-a0d9-69ef6f4f37e5','63c858f6-f215-4b7b-89b7-edb2bf7b0bbd',_binary '');
INSERT INTO `CLIENT_SCOPE_CLIENT` (`CLIENT_ID`, `SCOPE_ID`, `DEFAULT_SCOPE`) VALUES ('50737d84-bdf6-4907-a0d9-69ef6f4f37e5','6def4927-073b-4ced-b340-ca7c6131fe27',_binary '');
INSERT INTO `CLIENT_SCOPE_CLIENT` (`CLIENT_ID`, `SCOPE_ID`, `DEFAULT_SCOPE`) VALUES ('50737d84-bdf6-4907-a0d9-69ef6f4f37e5','7cf1977d-3bd0-477e-955a-0ca107746c7d',_binary '\0');
INSERT INTO `CLIENT_SCOPE_CLIENT` (`CLIENT_ID`, `SCOPE_ID`, `DEFAULT_SCOPE`) VALUES ('50737d84-bdf6-4907-a0d9-69ef6f4f37e5','bba27c61-5c56-44c2-86b8-9dddbf2efaf1',_binary '\0');
INSERT INTO `CLIENT_SCOPE_CLIENT` (`CLIENT_ID`, `SCOPE_ID`, `DEFAULT_SCOPE`) VALUES ('50737d84-bdf6-4907-a0d9-69ef6f4f37e5','d495b4d0-5a42-497b-9fcb-d009d223019a',_binary '\0');
INSERT INTO `CLIENT_SCOPE_CLIENT` (`CLIENT_ID`, `SCOPE_ID`, `DEFAULT_SCOPE`) VALUES ('5112abeb-ec46-4ed0-adfd-802b74b02fca','1e18ced5-1dda-476d-aa97-762f767b94f4',_binary '');
INSERT INTO `CLIENT_SCOPE_CLIENT` (`CLIENT_ID`, `SCOPE_ID`, `DEFAULT_SCOPE`) VALUES ('5112abeb-ec46-4ed0-adfd-802b74b02fca','39ae26bf-20ef-4d02-8b5f-75ad7ec5e000',_binary '\0');
INSERT INTO `CLIENT_SCOPE_CLIENT` (`CLIENT_ID`, `SCOPE_ID`, `DEFAULT_SCOPE`) VALUES ('5112abeb-ec46-4ed0-adfd-802b74b02fca','4d5513e1-ff32-496d-a791-a3502c51ced5',_binary '');
INSERT INTO `CLIENT_SCOPE_CLIENT` (`CLIENT_ID`, `SCOPE_ID`, `DEFAULT_SCOPE`) VALUES ('5112abeb-ec46-4ed0-adfd-802b74b02fca','6153b616-2951-43fc-9a9c-4b6e214c613a',_binary '');
INSERT INTO `CLIENT_SCOPE_CLIENT` (`CLIENT_ID`, `SCOPE_ID`, `DEFAULT_SCOPE`) VALUES ('5112abeb-ec46-4ed0-adfd-802b74b02fca','63c858f6-f215-4b7b-89b7-edb2bf7b0bbd',_binary '');
INSERT INTO `CLIENT_SCOPE_CLIENT` (`CLIENT_ID`, `SCOPE_ID`, `DEFAULT_SCOPE`) VALUES ('5112abeb-ec46-4ed0-adfd-802b74b02fca','6def4927-073b-4ced-b340-ca7c6131fe27',_binary '');
INSERT INTO `CLIENT_SCOPE_CLIENT` (`CLIENT_ID`, `SCOPE_ID`, `DEFAULT_SCOPE`) VALUES ('5112abeb-ec46-4ed0-adfd-802b74b02fca','7cf1977d-3bd0-477e-955a-0ca107746c7d',_binary '\0');
INSERT INTO `CLIENT_SCOPE_CLIENT` (`CLIENT_ID`, `SCOPE_ID`, `DEFAULT_SCOPE`) VALUES ('5112abeb-ec46-4ed0-adfd-802b74b02fca','bba27c61-5c56-44c2-86b8-9dddbf2efaf1',_binary '\0');
INSERT INTO `CLIENT_SCOPE_CLIENT` (`CLIENT_ID`, `SCOPE_ID`, `DEFAULT_SCOPE`) VALUES ('5112abeb-ec46-4ed0-adfd-802b74b02fca','d495b4d0-5a42-497b-9fcb-d009d223019a',_binary '\0');
INSERT INTO `CLIENT_SCOPE_CLIENT` (`CLIENT_ID`, `SCOPE_ID`, `DEFAULT_SCOPE`) VALUES ('55cd9e8d-f5fa-46b6-a5bc-a57e9843554b','1bd5cf12-c78b-47e4-b866-389a9eddfb6e',_binary '\0');
INSERT INTO `CLIENT_SCOPE_CLIENT` (`CLIENT_ID`, `SCOPE_ID`, `DEFAULT_SCOPE`) VALUES ('55cd9e8d-f5fa-46b6-a5bc-a57e9843554b','1cdf2a00-dc33-4d6f-ad6c-50e314a68e8f',_binary '\0');
INSERT INTO `CLIENT_SCOPE_CLIENT` (`CLIENT_ID`, `SCOPE_ID`, `DEFAULT_SCOPE`) VALUES ('55cd9e8d-f5fa-46b6-a5bc-a57e9843554b','337ecf75-b755-4e78-9fe2-c127619805f2',_binary '');
INSERT INTO `CLIENT_SCOPE_CLIENT` (`CLIENT_ID`, `SCOPE_ID`, `DEFAULT_SCOPE`) VALUES ('55cd9e8d-f5fa-46b6-a5bc-a57e9843554b','472221c4-e338-4721-ba0c-3bc8b32b94b0',_binary '');
INSERT INTO `CLIENT_SCOPE_CLIENT` (`CLIENT_ID`, `SCOPE_ID`, `DEFAULT_SCOPE`) VALUES ('55cd9e8d-f5fa-46b6-a5bc-a57e9843554b','7fd91d53-690e-4969-819e-21b590ada88d',_binary '');
INSERT INTO `CLIENT_SCOPE_CLIENT` (`CLIENT_ID`, `SCOPE_ID`, `DEFAULT_SCOPE`) VALUES ('55cd9e8d-f5fa-46b6-a5bc-a57e9843554b','a39dccd1-d830-4827-aaef-6f95ecc2f64c',_binary '');
INSERT INTO `CLIENT_SCOPE_CLIENT` (`CLIENT_ID`, `SCOPE_ID`, `DEFAULT_SCOPE`) VALUES ('55cd9e8d-f5fa-46b6-a5bc-a57e9843554b','b7045491-ba08-47c6-b1e8-a2fc78116915',_binary '\0');
INSERT INTO `CLIENT_SCOPE_CLIENT` (`CLIENT_ID`, `SCOPE_ID`, `DEFAULT_SCOPE`) VALUES ('55cd9e8d-f5fa-46b6-a5bc-a57e9843554b','cd7d0f7f-6ee2-401a-bd2c-a2e94ae75342',_binary '\0');
INSERT INTO `CLIENT_SCOPE_CLIENT` (`CLIENT_ID`, `SCOPE_ID`, `DEFAULT_SCOPE`) VALUES ('55cd9e8d-f5fa-46b6-a5bc-a57e9843554b','d4fa7a70-fa00-40c5-98cc-d927e569586d',_binary '');
INSERT INTO `CLIENT_SCOPE_CLIENT` (`CLIENT_ID`, `SCOPE_ID`, `DEFAULT_SCOPE`) VALUES ('6b66e5c3-7010-4ed6-a8c5-d78210e3047d','1bd5cf12-c78b-47e4-b866-389a9eddfb6e',_binary '\0');
INSERT INTO `CLIENT_SCOPE_CLIENT` (`CLIENT_ID`, `SCOPE_ID`, `DEFAULT_SCOPE`) VALUES ('6b66e5c3-7010-4ed6-a8c5-d78210e3047d','1cdf2a00-dc33-4d6f-ad6c-50e314a68e8f',_binary '\0');
INSERT INTO `CLIENT_SCOPE_CLIENT` (`CLIENT_ID`, `SCOPE_ID`, `DEFAULT_SCOPE`) VALUES ('6b66e5c3-7010-4ed6-a8c5-d78210e3047d','337ecf75-b755-4e78-9fe2-c127619805f2',_binary '');
INSERT INTO `CLIENT_SCOPE_CLIENT` (`CLIENT_ID`, `SCOPE_ID`, `DEFAULT_SCOPE`) VALUES ('6b66e5c3-7010-4ed6-a8c5-d78210e3047d','472221c4-e338-4721-ba0c-3bc8b32b94b0',_binary '');
INSERT INTO `CLIENT_SCOPE_CLIENT` (`CLIENT_ID`, `SCOPE_ID`, `DEFAULT_SCOPE`) VALUES ('6b66e5c3-7010-4ed6-a8c5-d78210e3047d','7fd91d53-690e-4969-819e-21b590ada88d',_binary '');
INSERT INTO `CLIENT_SCOPE_CLIENT` (`CLIENT_ID`, `SCOPE_ID`, `DEFAULT_SCOPE`) VALUES ('6b66e5c3-7010-4ed6-a8c5-d78210e3047d','a39dccd1-d830-4827-aaef-6f95ecc2f64c',_binary '');
INSERT INTO `CLIENT_SCOPE_CLIENT` (`CLIENT_ID`, `SCOPE_ID`, `DEFAULT_SCOPE`) VALUES ('6b66e5c3-7010-4ed6-a8c5-d78210e3047d','b7045491-ba08-47c6-b1e8-a2fc78116915',_binary '\0');
INSERT INTO `CLIENT_SCOPE_CLIENT` (`CLIENT_ID`, `SCOPE_ID`, `DEFAULT_SCOPE`) VALUES ('6b66e5c3-7010-4ed6-a8c5-d78210e3047d','cd7d0f7f-6ee2-401a-bd2c-a2e94ae75342',_binary '\0');
INSERT INTO `CLIENT_SCOPE_CLIENT` (`CLIENT_ID`, `SCOPE_ID`, `DEFAULT_SCOPE`) VALUES ('6b66e5c3-7010-4ed6-a8c5-d78210e3047d','d4fa7a70-fa00-40c5-98cc-d927e569586d',_binary '');
INSERT INTO `CLIENT_SCOPE_CLIENT` (`CLIENT_ID`, `SCOPE_ID`, `DEFAULT_SCOPE`) VALUES ('6daadc18-6b29-4e37-8c67-8fae2f4d670a','1e18ced5-1dda-476d-aa97-762f767b94f4',_binary '');
INSERT INTO `CLIENT_SCOPE_CLIENT` (`CLIENT_ID`, `SCOPE_ID`, `DEFAULT_SCOPE`) VALUES ('6daadc18-6b29-4e37-8c67-8fae2f4d670a','39ae26bf-20ef-4d02-8b5f-75ad7ec5e000',_binary '\0');
INSERT INTO `CLIENT_SCOPE_CLIENT` (`CLIENT_ID`, `SCOPE_ID`, `DEFAULT_SCOPE`) VALUES ('6daadc18-6b29-4e37-8c67-8fae2f4d670a','4d5513e1-ff32-496d-a791-a3502c51ced5',_binary '');
INSERT INTO `CLIENT_SCOPE_CLIENT` (`CLIENT_ID`, `SCOPE_ID`, `DEFAULT_SCOPE`) VALUES ('6daadc18-6b29-4e37-8c67-8fae2f4d670a','6153b616-2951-43fc-9a9c-4b6e214c613a',_binary '');
INSERT INTO `CLIENT_SCOPE_CLIENT` (`CLIENT_ID`, `SCOPE_ID`, `DEFAULT_SCOPE`) VALUES ('6daadc18-6b29-4e37-8c67-8fae2f4d670a','63c858f6-f215-4b7b-89b7-edb2bf7b0bbd',_binary '');
INSERT INTO `CLIENT_SCOPE_CLIENT` (`CLIENT_ID`, `SCOPE_ID`, `DEFAULT_SCOPE`) VALUES ('6daadc18-6b29-4e37-8c67-8fae2f4d670a','6def4927-073b-4ced-b340-ca7c6131fe27',_binary '');
INSERT INTO `CLIENT_SCOPE_CLIENT` (`CLIENT_ID`, `SCOPE_ID`, `DEFAULT_SCOPE`) VALUES ('6daadc18-6b29-4e37-8c67-8fae2f4d670a','7cf1977d-3bd0-477e-955a-0ca107746c7d',_binary '\0');
INSERT INTO `CLIENT_SCOPE_CLIENT` (`CLIENT_ID`, `SCOPE_ID`, `DEFAULT_SCOPE`) VALUES ('6daadc18-6b29-4e37-8c67-8fae2f4d670a','bba27c61-5c56-44c2-86b8-9dddbf2efaf1',_binary '\0');
INSERT INTO `CLIENT_SCOPE_CLIENT` (`CLIENT_ID`, `SCOPE_ID`, `DEFAULT_SCOPE`) VALUES ('6daadc18-6b29-4e37-8c67-8fae2f4d670a','d495b4d0-5a42-497b-9fcb-d009d223019a',_binary '\0');
INSERT INTO `CLIENT_SCOPE_CLIENT` (`CLIENT_ID`, `SCOPE_ID`, `DEFAULT_SCOPE`) VALUES ('79895191-784f-4230-9f7a-9fcc5b935f0d','1bd5cf12-c78b-47e4-b866-389a9eddfb6e',_binary '\0');
INSERT INTO `CLIENT_SCOPE_CLIENT` (`CLIENT_ID`, `SCOPE_ID`, `DEFAULT_SCOPE`) VALUES ('79895191-784f-4230-9f7a-9fcc5b935f0d','1cdf2a00-dc33-4d6f-ad6c-50e314a68e8f',_binary '\0');
INSERT INTO `CLIENT_SCOPE_CLIENT` (`CLIENT_ID`, `SCOPE_ID`, `DEFAULT_SCOPE`) VALUES ('79895191-784f-4230-9f7a-9fcc5b935f0d','337ecf75-b755-4e78-9fe2-c127619805f2',_binary '');
INSERT INTO `CLIENT_SCOPE_CLIENT` (`CLIENT_ID`, `SCOPE_ID`, `DEFAULT_SCOPE`) VALUES ('79895191-784f-4230-9f7a-9fcc5b935f0d','472221c4-e338-4721-ba0c-3bc8b32b94b0',_binary '');
INSERT INTO `CLIENT_SCOPE_CLIENT` (`CLIENT_ID`, `SCOPE_ID`, `DEFAULT_SCOPE`) VALUES ('79895191-784f-4230-9f7a-9fcc5b935f0d','7fd91d53-690e-4969-819e-21b590ada88d',_binary '');
INSERT INTO `CLIENT_SCOPE_CLIENT` (`CLIENT_ID`, `SCOPE_ID`, `DEFAULT_SCOPE`) VALUES ('79895191-784f-4230-9f7a-9fcc5b935f0d','a39dccd1-d830-4827-aaef-6f95ecc2f64c',_binary '');
INSERT INTO `CLIENT_SCOPE_CLIENT` (`CLIENT_ID`, `SCOPE_ID`, `DEFAULT_SCOPE`) VALUES ('79895191-784f-4230-9f7a-9fcc5b935f0d','b7045491-ba08-47c6-b1e8-a2fc78116915',_binary '\0');
INSERT INTO `CLIENT_SCOPE_CLIENT` (`CLIENT_ID`, `SCOPE_ID`, `DEFAULT_SCOPE`) VALUES ('79895191-784f-4230-9f7a-9fcc5b935f0d','cd7d0f7f-6ee2-401a-bd2c-a2e94ae75342',_binary '\0');
INSERT INTO `CLIENT_SCOPE_CLIENT` (`CLIENT_ID`, `SCOPE_ID`, `DEFAULT_SCOPE`) VALUES ('79895191-784f-4230-9f7a-9fcc5b935f0d','d4fa7a70-fa00-40c5-98cc-d927e569586d',_binary '');
INSERT INTO `CLIENT_SCOPE_CLIENT` (`CLIENT_ID`, `SCOPE_ID`, `DEFAULT_SCOPE`) VALUES ('b4638769-9704-4eee-b5f9-0185e43c5100','1bd5cf12-c78b-47e4-b866-389a9eddfb6e',_binary '\0');
INSERT INTO `CLIENT_SCOPE_CLIENT` (`CLIENT_ID`, `SCOPE_ID`, `DEFAULT_SCOPE`) VALUES ('b4638769-9704-4eee-b5f9-0185e43c5100','1cdf2a00-dc33-4d6f-ad6c-50e314a68e8f',_binary '\0');
INSERT INTO `CLIENT_SCOPE_CLIENT` (`CLIENT_ID`, `SCOPE_ID`, `DEFAULT_SCOPE`) VALUES ('b4638769-9704-4eee-b5f9-0185e43c5100','337ecf75-b755-4e78-9fe2-c127619805f2',_binary '');
INSERT INTO `CLIENT_SCOPE_CLIENT` (`CLIENT_ID`, `SCOPE_ID`, `DEFAULT_SCOPE`) VALUES ('b4638769-9704-4eee-b5f9-0185e43c5100','472221c4-e338-4721-ba0c-3bc8b32b94b0',_binary '');
INSERT INTO `CLIENT_SCOPE_CLIENT` (`CLIENT_ID`, `SCOPE_ID`, `DEFAULT_SCOPE`) VALUES ('b4638769-9704-4eee-b5f9-0185e43c5100','7fd91d53-690e-4969-819e-21b590ada88d',_binary '');
INSERT INTO `CLIENT_SCOPE_CLIENT` (`CLIENT_ID`, `SCOPE_ID`, `DEFAULT_SCOPE`) VALUES ('b4638769-9704-4eee-b5f9-0185e43c5100','a39dccd1-d830-4827-aaef-6f95ecc2f64c',_binary '');
INSERT INTO `CLIENT_SCOPE_CLIENT` (`CLIENT_ID`, `SCOPE_ID`, `DEFAULT_SCOPE`) VALUES ('b4638769-9704-4eee-b5f9-0185e43c5100','b7045491-ba08-47c6-b1e8-a2fc78116915',_binary '\0');
INSERT INTO `CLIENT_SCOPE_CLIENT` (`CLIENT_ID`, `SCOPE_ID`, `DEFAULT_SCOPE`) VALUES ('b4638769-9704-4eee-b5f9-0185e43c5100','cd7d0f7f-6ee2-401a-bd2c-a2e94ae75342',_binary '\0');
INSERT INTO `CLIENT_SCOPE_CLIENT` (`CLIENT_ID`, `SCOPE_ID`, `DEFAULT_SCOPE`) VALUES ('b4638769-9704-4eee-b5f9-0185e43c5100','d4fa7a70-fa00-40c5-98cc-d927e569586d',_binary '');
INSERT INTO `CLIENT_SCOPE_CLIENT` (`CLIENT_ID`, `SCOPE_ID`, `DEFAULT_SCOPE`) VALUES ('cbb63608-b314-4ca0-90a4-202d5098305c','1e18ced5-1dda-476d-aa97-762f767b94f4',_binary '');
INSERT INTO `CLIENT_SCOPE_CLIENT` (`CLIENT_ID`, `SCOPE_ID`, `DEFAULT_SCOPE`) VALUES ('cbb63608-b314-4ca0-90a4-202d5098305c','39ae26bf-20ef-4d02-8b5f-75ad7ec5e000',_binary '\0');
INSERT INTO `CLIENT_SCOPE_CLIENT` (`CLIENT_ID`, `SCOPE_ID`, `DEFAULT_SCOPE`) VALUES ('cbb63608-b314-4ca0-90a4-202d5098305c','4d5513e1-ff32-496d-a791-a3502c51ced5',_binary '');
INSERT INTO `CLIENT_SCOPE_CLIENT` (`CLIENT_ID`, `SCOPE_ID`, `DEFAULT_SCOPE`) VALUES ('cbb63608-b314-4ca0-90a4-202d5098305c','6153b616-2951-43fc-9a9c-4b6e214c613a',_binary '');
INSERT INTO `CLIENT_SCOPE_CLIENT` (`CLIENT_ID`, `SCOPE_ID`, `DEFAULT_SCOPE`) VALUES ('cbb63608-b314-4ca0-90a4-202d5098305c','63c858f6-f215-4b7b-89b7-edb2bf7b0bbd',_binary '');
INSERT INTO `CLIENT_SCOPE_CLIENT` (`CLIENT_ID`, `SCOPE_ID`, `DEFAULT_SCOPE`) VALUES ('cbb63608-b314-4ca0-90a4-202d5098305c','6def4927-073b-4ced-b340-ca7c6131fe27',_binary '');
INSERT INTO `CLIENT_SCOPE_CLIENT` (`CLIENT_ID`, `SCOPE_ID`, `DEFAULT_SCOPE`) VALUES ('cbb63608-b314-4ca0-90a4-202d5098305c','7cf1977d-3bd0-477e-955a-0ca107746c7d',_binary '\0');
INSERT INTO `CLIENT_SCOPE_CLIENT` (`CLIENT_ID`, `SCOPE_ID`, `DEFAULT_SCOPE`) VALUES ('cbb63608-b314-4ca0-90a4-202d5098305c','bba27c61-5c56-44c2-86b8-9dddbf2efaf1',_binary '\0');
INSERT INTO `CLIENT_SCOPE_CLIENT` (`CLIENT_ID`, `SCOPE_ID`, `DEFAULT_SCOPE`) VALUES ('cbb63608-b314-4ca0-90a4-202d5098305c','d495b4d0-5a42-497b-9fcb-d009d223019a',_binary '\0');
INSERT INTO `CLIENT_SCOPE_CLIENT` (`CLIENT_ID`, `SCOPE_ID`, `DEFAULT_SCOPE`) VALUES ('e901bea2-3dc1-4bd3-9e18-5a94341b1f48','1e18ced5-1dda-476d-aa97-762f767b94f4',_binary '');
INSERT INTO `CLIENT_SCOPE_CLIENT` (`CLIENT_ID`, `SCOPE_ID`, `DEFAULT_SCOPE`) VALUES ('e901bea2-3dc1-4bd3-9e18-5a94341b1f48','39ae26bf-20ef-4d02-8b5f-75ad7ec5e000',_binary '\0');
INSERT INTO `CLIENT_SCOPE_CLIENT` (`CLIENT_ID`, `SCOPE_ID`, `DEFAULT_SCOPE`) VALUES ('e901bea2-3dc1-4bd3-9e18-5a94341b1f48','4d5513e1-ff32-496d-a791-a3502c51ced5',_binary '');
INSERT INTO `CLIENT_SCOPE_CLIENT` (`CLIENT_ID`, `SCOPE_ID`, `DEFAULT_SCOPE`) VALUES ('e901bea2-3dc1-4bd3-9e18-5a94341b1f48','6153b616-2951-43fc-9a9c-4b6e214c613a',_binary '');
INSERT INTO `CLIENT_SCOPE_CLIENT` (`CLIENT_ID`, `SCOPE_ID`, `DEFAULT_SCOPE`) VALUES ('e901bea2-3dc1-4bd3-9e18-5a94341b1f48','63c858f6-f215-4b7b-89b7-edb2bf7b0bbd',_binary '');
INSERT INTO `CLIENT_SCOPE_CLIENT` (`CLIENT_ID`, `SCOPE_ID`, `DEFAULT_SCOPE`) VALUES ('e901bea2-3dc1-4bd3-9e18-5a94341b1f48','6def4927-073b-4ced-b340-ca7c6131fe27',_binary '');
INSERT INTO `CLIENT_SCOPE_CLIENT` (`CLIENT_ID`, `SCOPE_ID`, `DEFAULT_SCOPE`) VALUES ('e901bea2-3dc1-4bd3-9e18-5a94341b1f48','7cf1977d-3bd0-477e-955a-0ca107746c7d',_binary '\0');
INSERT INTO `CLIENT_SCOPE_CLIENT` (`CLIENT_ID`, `SCOPE_ID`, `DEFAULT_SCOPE`) VALUES ('e901bea2-3dc1-4bd3-9e18-5a94341b1f48','bba27c61-5c56-44c2-86b8-9dddbf2efaf1',_binary '\0');
INSERT INTO `CLIENT_SCOPE_CLIENT` (`CLIENT_ID`, `SCOPE_ID`, `DEFAULT_SCOPE`) VALUES ('e901bea2-3dc1-4bd3-9e18-5a94341b1f48','d495b4d0-5a42-497b-9fcb-d009d223019a',_binary '\0');
INSERT INTO `CLIENT_SCOPE_CLIENT` (`CLIENT_ID`, `SCOPE_ID`, `DEFAULT_SCOPE`) VALUES ('fe427f3d-7f22-4a58-8a07-b5af38a480a3','1bd5cf12-c78b-47e4-b866-389a9eddfb6e',_binary '\0');
INSERT INTO `CLIENT_SCOPE_CLIENT` (`CLIENT_ID`, `SCOPE_ID`, `DEFAULT_SCOPE`) VALUES ('fe427f3d-7f22-4a58-8a07-b5af38a480a3','1cdf2a00-dc33-4d6f-ad6c-50e314a68e8f',_binary '\0');
INSERT INTO `CLIENT_SCOPE_CLIENT` (`CLIENT_ID`, `SCOPE_ID`, `DEFAULT_SCOPE`) VALUES ('fe427f3d-7f22-4a58-8a07-b5af38a480a3','337ecf75-b755-4e78-9fe2-c127619805f2',_binary '');
INSERT INTO `CLIENT_SCOPE_CLIENT` (`CLIENT_ID`, `SCOPE_ID`, `DEFAULT_SCOPE`) VALUES ('fe427f3d-7f22-4a58-8a07-b5af38a480a3','472221c4-e338-4721-ba0c-3bc8b32b94b0',_binary '');
INSERT INTO `CLIENT_SCOPE_CLIENT` (`CLIENT_ID`, `SCOPE_ID`, `DEFAULT_SCOPE`) VALUES ('fe427f3d-7f22-4a58-8a07-b5af38a480a3','7fd91d53-690e-4969-819e-21b590ada88d',_binary '');
INSERT INTO `CLIENT_SCOPE_CLIENT` (`CLIENT_ID`, `SCOPE_ID`, `DEFAULT_SCOPE`) VALUES ('fe427f3d-7f22-4a58-8a07-b5af38a480a3','a39dccd1-d830-4827-aaef-6f95ecc2f64c',_binary '');
INSERT INTO `CLIENT_SCOPE_CLIENT` (`CLIENT_ID`, `SCOPE_ID`, `DEFAULT_SCOPE`) VALUES ('fe427f3d-7f22-4a58-8a07-b5af38a480a3','b7045491-ba08-47c6-b1e8-a2fc78116915',_binary '\0');
INSERT INTO `CLIENT_SCOPE_CLIENT` (`CLIENT_ID`, `SCOPE_ID`, `DEFAULT_SCOPE`) VALUES ('fe427f3d-7f22-4a58-8a07-b5af38a480a3','cd7d0f7f-6ee2-401a-bd2c-a2e94ae75342',_binary '\0');
INSERT INTO `CLIENT_SCOPE_CLIENT` (`CLIENT_ID`, `SCOPE_ID`, `DEFAULT_SCOPE`) VALUES ('fe427f3d-7f22-4a58-8a07-b5af38a480a3','d4fa7a70-fa00-40c5-98cc-d927e569586d',_binary '');
/*!40000 ALTER TABLE `CLIENT_SCOPE_CLIENT` ENABLE KEYS */;
UNLOCK TABLES;

--
-- Table structure for table `CLIENT_SCOPE_ROLE_MAPPING`
--

DROP TABLE IF EXISTS `CLIENT_SCOPE_ROLE_MAPPING`;
/*!40101 SET @saved_cs_client     = @@character_set_client */;
 SET character_set_client = utf8mb4 ;
CREATE TABLE `CLIENT_SCOPE_ROLE_MAPPING` (
  `SCOPE_ID` varchar(36) CHARACTER SET utf8mb4 COLLATE utf8mb4_unicode_ci NOT NULL,
  `ROLE_ID` varchar(36) CHARACTER SET utf8mb4 COLLATE utf8mb4_unicode_ci NOT NULL,
  PRIMARY KEY (`SCOPE_ID`,`ROLE_ID`),
  KEY `IDX_CLSCOPE_ROLE` (`SCOPE_ID`),
  KEY `IDX_ROLE_CLSCOPE` (`ROLE_ID`),
  CONSTRAINT `FK_CL_SCOPE_RM_SCOPE` FOREIGN KEY (`SCOPE_ID`) REFERENCES `CLIENT_SCOPE` (`ID`)
) ENGINE=InnoDB DEFAULT CHARSET=utf8mb4 COLLATE=utf8mb4_unicode_ci;
/*!40101 SET character_set_client = @saved_cs_client */;

--
-- Dumping data for table `CLIENT_SCOPE_ROLE_MAPPING`
--

LOCK TABLES `CLIENT_SCOPE_ROLE_MAPPING` WRITE;
/*!40000 ALTER TABLE `CLIENT_SCOPE_ROLE_MAPPING` DISABLE KEYS */;
INSERT INTO `CLIENT_SCOPE_ROLE_MAPPING` (`SCOPE_ID`, `ROLE_ID`) VALUES ('1bd5cf12-c78b-47e4-b866-389a9eddfb6e','8eab2513-2a95-4d4e-93c7-036abdb386d8');
INSERT INTO `CLIENT_SCOPE_ROLE_MAPPING` (`SCOPE_ID`, `ROLE_ID`) VALUES ('7cf1977d-3bd0-477e-955a-0ca107746c7d','f23409de-de73-4591-9876-77584c9c17f4');
/*!40000 ALTER TABLE `CLIENT_SCOPE_ROLE_MAPPING` ENABLE KEYS */;
UNLOCK TABLES;

--
-- Table structure for table `CLIENT_SESSION`
--

DROP TABLE IF EXISTS `CLIENT_SESSION`;
/*!40101 SET @saved_cs_client     = @@character_set_client */;
 SET character_set_client = utf8mb4 ;
CREATE TABLE `CLIENT_SESSION` (
  `ID` varchar(36) CHARACTER SET utf8mb4 COLLATE utf8mb4_unicode_ci NOT NULL,
  `CLIENT_ID` varchar(36) CHARACTER SET utf8mb4 COLLATE utf8mb4_unicode_ci DEFAULT NULL,
  `REDIRECT_URI` varchar(255) CHARACTER SET utf8mb4 COLLATE utf8mb4_unicode_ci DEFAULT NULL,
  `STATE` varchar(255) CHARACTER SET utf8mb4 COLLATE utf8mb4_unicode_ci DEFAULT NULL,
  `TIMESTAMP` int DEFAULT NULL,
  `SESSION_ID` varchar(36) CHARACTER SET utf8mb4 COLLATE utf8mb4_unicode_ci DEFAULT NULL,
  `AUTH_METHOD` varchar(255) CHARACTER SET utf8mb4 COLLATE utf8mb4_unicode_ci DEFAULT NULL,
  `REALM_ID` varchar(255) CHARACTER SET utf8mb4 COLLATE utf8mb4_unicode_ci DEFAULT NULL,
  `AUTH_USER_ID` varchar(36) CHARACTER SET utf8mb4 COLLATE utf8mb4_unicode_ci DEFAULT NULL,
  `CURRENT_ACTION` varchar(36) CHARACTER SET utf8mb4 COLLATE utf8mb4_unicode_ci DEFAULT NULL,
  PRIMARY KEY (`ID`),
  KEY `IDX_CLIENT_SESSION_SESSION` (`SESSION_ID`),
  CONSTRAINT `FK_B4AO2VCVAT6UKAU74WBWTFQO1` FOREIGN KEY (`SESSION_ID`) REFERENCES `USER_SESSION` (`ID`)
) ENGINE=InnoDB DEFAULT CHARSET=utf8mb4 COLLATE=utf8mb4_unicode_ci;
/*!40101 SET character_set_client = @saved_cs_client */;

--
-- Dumping data for table `CLIENT_SESSION`
--

LOCK TABLES `CLIENT_SESSION` WRITE;
/*!40000 ALTER TABLE `CLIENT_SESSION` DISABLE KEYS */;
/*!40000 ALTER TABLE `CLIENT_SESSION` ENABLE KEYS */;
UNLOCK TABLES;

--
-- Table structure for table `CLIENT_SESSION_AUTH_STATUS`
--

DROP TABLE IF EXISTS `CLIENT_SESSION_AUTH_STATUS`;
/*!40101 SET @saved_cs_client     = @@character_set_client */;
 SET character_set_client = utf8mb4 ;
CREATE TABLE `CLIENT_SESSION_AUTH_STATUS` (
  `AUTHENTICATOR` varchar(36) CHARACTER SET utf8mb4 COLLATE utf8mb4_unicode_ci NOT NULL,
  `STATUS` int DEFAULT NULL,
  `CLIENT_SESSION` varchar(36) CHARACTER SET utf8mb4 COLLATE utf8mb4_unicode_ci NOT NULL,
  PRIMARY KEY (`CLIENT_SESSION`,`AUTHENTICATOR`),
  CONSTRAINT `AUTH_STATUS_CONSTRAINT` FOREIGN KEY (`CLIENT_SESSION`) REFERENCES `CLIENT_SESSION` (`ID`)
) ENGINE=InnoDB DEFAULT CHARSET=utf8mb4 COLLATE=utf8mb4_unicode_ci;
/*!40101 SET character_set_client = @saved_cs_client */;

--
-- Dumping data for table `CLIENT_SESSION_AUTH_STATUS`
--

LOCK TABLES `CLIENT_SESSION_AUTH_STATUS` WRITE;
/*!40000 ALTER TABLE `CLIENT_SESSION_AUTH_STATUS` DISABLE KEYS */;
/*!40000 ALTER TABLE `CLIENT_SESSION_AUTH_STATUS` ENABLE KEYS */;
UNLOCK TABLES;

--
-- Table structure for table `CLIENT_SESSION_NOTE`
--

DROP TABLE IF EXISTS `CLIENT_SESSION_NOTE`;
/*!40101 SET @saved_cs_client     = @@character_set_client */;
 SET character_set_client = utf8mb4 ;
CREATE TABLE `CLIENT_SESSION_NOTE` (
  `NAME` varchar(255) CHARACTER SET utf8mb4 COLLATE utf8mb4_unicode_ci NOT NULL,
  `VALUE` varchar(255) CHARACTER SET utf8mb4 COLLATE utf8mb4_unicode_ci DEFAULT NULL,
  `CLIENT_SESSION` varchar(36) CHARACTER SET utf8mb4 COLLATE utf8mb4_unicode_ci NOT NULL,
  PRIMARY KEY (`CLIENT_SESSION`,`NAME`),
  CONSTRAINT `FK5EDFB00FF51C2736` FOREIGN KEY (`CLIENT_SESSION`) REFERENCES `CLIENT_SESSION` (`ID`)
) ENGINE=InnoDB DEFAULT CHARSET=utf8mb4 COLLATE=utf8mb4_unicode_ci;
/*!40101 SET character_set_client = @saved_cs_client */;

--
-- Dumping data for table `CLIENT_SESSION_NOTE`
--

LOCK TABLES `CLIENT_SESSION_NOTE` WRITE;
/*!40000 ALTER TABLE `CLIENT_SESSION_NOTE` DISABLE KEYS */;
/*!40000 ALTER TABLE `CLIENT_SESSION_NOTE` ENABLE KEYS */;
UNLOCK TABLES;

--
-- Table structure for table `CLIENT_SESSION_PROT_MAPPER`
--

DROP TABLE IF EXISTS `CLIENT_SESSION_PROT_MAPPER`;
/*!40101 SET @saved_cs_client     = @@character_set_client */;
 SET character_set_client = utf8mb4 ;
CREATE TABLE `CLIENT_SESSION_PROT_MAPPER` (
  `PROTOCOL_MAPPER_ID` varchar(36) CHARACTER SET utf8mb4 COLLATE utf8mb4_unicode_ci NOT NULL,
  `CLIENT_SESSION` varchar(36) CHARACTER SET utf8mb4 COLLATE utf8mb4_unicode_ci NOT NULL,
  PRIMARY KEY (`CLIENT_SESSION`,`PROTOCOL_MAPPER_ID`),
  CONSTRAINT `FK_33A8SGQW18I532811V7O2DK89` FOREIGN KEY (`CLIENT_SESSION`) REFERENCES `CLIENT_SESSION` (`ID`)
) ENGINE=InnoDB DEFAULT CHARSET=utf8mb4 COLLATE=utf8mb4_unicode_ci;
/*!40101 SET character_set_client = @saved_cs_client */;

--
-- Dumping data for table `CLIENT_SESSION_PROT_MAPPER`
--

LOCK TABLES `CLIENT_SESSION_PROT_MAPPER` WRITE;
/*!40000 ALTER TABLE `CLIENT_SESSION_PROT_MAPPER` DISABLE KEYS */;
/*!40000 ALTER TABLE `CLIENT_SESSION_PROT_MAPPER` ENABLE KEYS */;
UNLOCK TABLES;

--
-- Table structure for table `CLIENT_SESSION_ROLE`
--

DROP TABLE IF EXISTS `CLIENT_SESSION_ROLE`;
/*!40101 SET @saved_cs_client     = @@character_set_client */;
 SET character_set_client = utf8mb4 ;
CREATE TABLE `CLIENT_SESSION_ROLE` (
  `ROLE_ID` varchar(255) CHARACTER SET utf8mb4 COLLATE utf8mb4_unicode_ci NOT NULL,
  `CLIENT_SESSION` varchar(36) CHARACTER SET utf8mb4 COLLATE utf8mb4_unicode_ci NOT NULL,
  PRIMARY KEY (`CLIENT_SESSION`,`ROLE_ID`),
  CONSTRAINT `FK_11B7SGQW18I532811V7O2DV76` FOREIGN KEY (`CLIENT_SESSION`) REFERENCES `CLIENT_SESSION` (`ID`)
) ENGINE=InnoDB DEFAULT CHARSET=utf8mb4 COLLATE=utf8mb4_unicode_ci;
/*!40101 SET character_set_client = @saved_cs_client */;

--
-- Dumping data for table `CLIENT_SESSION_ROLE`
--

LOCK TABLES `CLIENT_SESSION_ROLE` WRITE;
/*!40000 ALTER TABLE `CLIENT_SESSION_ROLE` DISABLE KEYS */;
/*!40000 ALTER TABLE `CLIENT_SESSION_ROLE` ENABLE KEYS */;
UNLOCK TABLES;

--
-- Table structure for table `CLIENT_USER_SESSION_NOTE`
--

DROP TABLE IF EXISTS `CLIENT_USER_SESSION_NOTE`;
/*!40101 SET @saved_cs_client     = @@character_set_client */;
 SET character_set_client = utf8mb4 ;
CREATE TABLE `CLIENT_USER_SESSION_NOTE` (
  `NAME` varchar(255) CHARACTER SET utf8mb4 COLLATE utf8mb4_unicode_ci NOT NULL,
  `VALUE` text CHARACTER SET utf8mb4 COLLATE utf8mb4_unicode_ci,
  `CLIENT_SESSION` varchar(36) CHARACTER SET utf8mb4 COLLATE utf8mb4_unicode_ci NOT NULL,
  PRIMARY KEY (`CLIENT_SESSION`,`NAME`),
  CONSTRAINT `FK_CL_USR_SES_NOTE` FOREIGN KEY (`CLIENT_SESSION`) REFERENCES `CLIENT_SESSION` (`ID`)
) ENGINE=InnoDB DEFAULT CHARSET=utf8mb4 COLLATE=utf8mb4_unicode_ci;
/*!40101 SET character_set_client = @saved_cs_client */;

--
-- Dumping data for table `CLIENT_USER_SESSION_NOTE`
--

LOCK TABLES `CLIENT_USER_SESSION_NOTE` WRITE;
/*!40000 ALTER TABLE `CLIENT_USER_SESSION_NOTE` DISABLE KEYS */;
/*!40000 ALTER TABLE `CLIENT_USER_SESSION_NOTE` ENABLE KEYS */;
UNLOCK TABLES;

--
-- Table structure for table `COMPONENT`
--

DROP TABLE IF EXISTS `COMPONENT`;
/*!40101 SET @saved_cs_client     = @@character_set_client */;
 SET character_set_client = utf8mb4 ;
CREATE TABLE `COMPONENT` (
  `ID` varchar(36) CHARACTER SET utf8mb4 COLLATE utf8mb4_unicode_ci NOT NULL,
  `NAME` varchar(255) CHARACTER SET utf8mb4 COLLATE utf8mb4_unicode_ci DEFAULT NULL,
  `PARENT_ID` varchar(36) CHARACTER SET utf8mb4 COLLATE utf8mb4_unicode_ci DEFAULT NULL,
  `PROVIDER_ID` varchar(36) CHARACTER SET utf8mb4 COLLATE utf8mb4_unicode_ci DEFAULT NULL,
  `PROVIDER_TYPE` varchar(255) CHARACTER SET utf8mb4 COLLATE utf8mb4_unicode_ci DEFAULT NULL,
  `REALM_ID` varchar(36) CHARACTER SET utf8mb4 COLLATE utf8mb4_unicode_ci DEFAULT NULL,
  `SUB_TYPE` varchar(255) CHARACTER SET utf8mb4 COLLATE utf8mb4_unicode_ci DEFAULT NULL,
  PRIMARY KEY (`ID`),
  KEY `IDX_COMPONENT_REALM` (`REALM_ID`),
  KEY `IDX_COMPONENT_PROVIDER_TYPE` (`PROVIDER_TYPE`),
  CONSTRAINT `FK_COMPONENT_REALM` FOREIGN KEY (`REALM_ID`) REFERENCES `REALM` (`ID`)
) ENGINE=InnoDB DEFAULT CHARSET=utf8mb4 COLLATE=utf8mb4_unicode_ci;
/*!40101 SET character_set_client = @saved_cs_client */;

--
-- Dumping data for table `COMPONENT`
--

LOCK TABLES `COMPONENT` WRITE;
/*!40000 ALTER TABLE `COMPONENT` DISABLE KEYS */;
INSERT INTO `COMPONENT` (`ID`, `NAME`, `PARENT_ID`, `PROVIDER_ID`, `PROVIDER_TYPE`, `REALM_ID`, `SUB_TYPE`) VALUES ('0898bc66-6cf5-47d9-854f-06cd594ab92c','hmac-generated','3586be3d-c811-48bd-ac93-c1efbb056510','hmac-generated','org.keycloak.keys.KeyProvider','3586be3d-c811-48bd-ac93-c1efbb056510',NULL);
INSERT INTO `COMPONENT` (`ID`, `NAME`, `PARENT_ID`, `PROVIDER_ID`, `PROVIDER_TYPE`, `REALM_ID`, `SUB_TYPE`) VALUES ('0f553fa1-74ab-4cae-ac92-e70d42c031e0','Full Scope Disabled','MyReam','scope','org.keycloak.services.clientregistration.policy.ClientRegistrationPolicy','MyReam','anonymous');
INSERT INTO `COMPONENT` (`ID`, `NAME`, `PARENT_ID`, `PROVIDER_ID`, `PROVIDER_TYPE`, `REALM_ID`, `SUB_TYPE`) VALUES ('1068cafb-3e58-47e1-91b4-99a233626d5a','Allowed Protocol Mapper Types','3586be3d-c811-48bd-ac93-c1efbb056510','allowed-protocol-mappers','org.keycloak.services.clientregistration.policy.ClientRegistrationPolicy','3586be3d-c811-48bd-ac93-c1efbb056510','anonymous');
INSERT INTO `COMPONENT` (`ID`, `NAME`, `PARENT_ID`, `PROVIDER_ID`, `PROVIDER_TYPE`, `REALM_ID`, `SUB_TYPE`) VALUES ('21dc519f-ac39-476d-a108-85e624225bba','Consent Required','3586be3d-c811-48bd-ac93-c1efbb056510','consent-required','org.keycloak.services.clientregistration.policy.ClientRegistrationPolicy','3586be3d-c811-48bd-ac93-c1efbb056510','anonymous');
INSERT INTO `COMPONENT` (`ID`, `NAME`, `PARENT_ID`, `PROVIDER_ID`, `PROVIDER_TYPE`, `REALM_ID`, `SUB_TYPE`) VALUES ('241e7727-4097-4e4a-af53-e9d77df45d42','Trusted Hosts','MyReam','trusted-hosts','org.keycloak.services.clientregistration.policy.ClientRegistrationPolicy','MyReam','anonymous');
INSERT INTO `COMPONENT` (`ID`, `NAME`, `PARENT_ID`, `PROVIDER_ID`, `PROVIDER_TYPE`, `REALM_ID`, `SUB_TYPE`) VALUES ('303f8054-ef44-4eeb-b964-5be365db514f','Allowed Protocol Mapper Types','3586be3d-c811-48bd-ac93-c1efbb056510','allowed-protocol-mappers','org.keycloak.services.clientregistration.policy.ClientRegistrationPolicy','3586be3d-c811-48bd-ac93-c1efbb056510','authenticated');
INSERT INTO `COMPONENT` (`ID`, `NAME`, `PARENT_ID`, `PROVIDER_ID`, `PROVIDER_TYPE`, `REALM_ID`, `SUB_TYPE`) VALUES ('3ef9d18d-8962-4c1c-9bf8-93fa005178ea','aes-generated','3586be3d-c811-48bd-ac93-c1efbb056510','aes-generated','org.keycloak.keys.KeyProvider','3586be3d-c811-48bd-ac93-c1efbb056510',NULL);
INSERT INTO `COMPONENT` (`ID`, `NAME`, `PARENT_ID`, `PROVIDER_ID`, `PROVIDER_TYPE`, `REALM_ID`, `SUB_TYPE`) VALUES ('3f50a900-7a0e-41ef-acbd-bac01b7c7784','Full Scope Disabled','3586be3d-c811-48bd-ac93-c1efbb056510','scope','org.keycloak.services.clientregistration.policy.ClientRegistrationPolicy','3586be3d-c811-48bd-ac93-c1efbb056510','anonymous');
INSERT INTO `COMPONENT` (`ID`, `NAME`, `PARENT_ID`, `PROVIDER_ID`, `PROVIDER_TYPE`, `REALM_ID`, `SUB_TYPE`) VALUES ('456a77d1-393f-47c1-831a-c5981240f552','Allowed Client Scopes','3586be3d-c811-48bd-ac93-c1efbb056510','allowed-client-templates','org.keycloak.services.clientregistration.policy.ClientRegistrationPolicy','3586be3d-c811-48bd-ac93-c1efbb056510','authenticated');
INSERT INTO `COMPONENT` (`ID`, `NAME`, `PARENT_ID`, `PROVIDER_ID`, `PROVIDER_TYPE`, `REALM_ID`, `SUB_TYPE`) VALUES ('4735b2b7-c83d-4e08-88f6-a4cbe1a60df5','hmac-generated','MyReam','hmac-generated','org.keycloak.keys.KeyProvider','MyReam',NULL);
INSERT INTO `COMPONENT` (`ID`, `NAME`, `PARENT_ID`, `PROVIDER_ID`, `PROVIDER_TYPE`, `REALM_ID`, `SUB_TYPE`) VALUES ('4802677c-bba7-459f-849b-3d1406cd4574','aes-generated','MyReam','aes-generated','org.keycloak.keys.KeyProvider','MyReam',NULL);
INSERT INTO `COMPONENT` (`ID`, `NAME`, `PARENT_ID`, `PROVIDER_ID`, `PROVIDER_TYPE`, `REALM_ID`, `SUB_TYPE`) VALUES ('69d88c58-bf12-4efb-a528-720aa2c00665','Trusted Hosts','3586be3d-c811-48bd-ac93-c1efbb056510','trusted-hosts','org.keycloak.services.clientregistration.policy.ClientRegistrationPolicy','3586be3d-c811-48bd-ac93-c1efbb056510','anonymous');
INSERT INTO `COMPONENT` (`ID`, `NAME`, `PARENT_ID`, `PROVIDER_ID`, `PROVIDER_TYPE`, `REALM_ID`, `SUB_TYPE`) VALUES ('764dcd17-c092-4d3c-92b1-5f5f9392150c','rsa-enc-generated','MyReam','rsa-enc-generated','org.keycloak.keys.KeyProvider','MyReam',NULL);
INSERT INTO `COMPONENT` (`ID`, `NAME`, `PARENT_ID`, `PROVIDER_ID`, `PROVIDER_TYPE`, `REALM_ID`, `SUB_TYPE`) VALUES ('9dd9121c-efd0-4306-a3b6-3e8b04131a2a','Allowed Client Scopes','MyReam','allowed-client-templates','org.keycloak.services.clientregistration.policy.ClientRegistrationPolicy','MyReam','anonymous');
INSERT INTO `COMPONENT` (`ID`, `NAME`, `PARENT_ID`, `PROVIDER_ID`, `PROVIDER_TYPE`, `REALM_ID`, `SUB_TYPE`) VALUES ('9e5bb7cd-5a6e-4515-9db6-e4a30d8a3a47','rsa-generated','MyReam','rsa-generated','org.keycloak.keys.KeyProvider','MyReam',NULL);
INSERT INTO `COMPONENT` (`ID`, `NAME`, `PARENT_ID`, `PROVIDER_ID`, `PROVIDER_TYPE`, `REALM_ID`, `SUB_TYPE`) VALUES ('b9475362-b1af-4550-bf82-1c913afa76f2','Max Clients Limit','MyReam','max-clients','org.keycloak.services.clientregistration.policy.ClientRegistrationPolicy','MyReam','anonymous');
INSERT INTO `COMPONENT` (`ID`, `NAME`, `PARENT_ID`, `PROVIDER_ID`, `PROVIDER_TYPE`, `REALM_ID`, `SUB_TYPE`) VALUES ('cbf17472-545e-40a4-bdf3-5a50d4a4b49d','rsa-enc-generated','3586be3d-c811-48bd-ac93-c1efbb056510','rsa-enc-generated','org.keycloak.keys.KeyProvider','3586be3d-c811-48bd-ac93-c1efbb056510',NULL);
INSERT INTO `COMPONENT` (`ID`, `NAME`, `PARENT_ID`, `PROVIDER_ID`, `PROVIDER_TYPE`, `REALM_ID`, `SUB_TYPE`) VALUES ('cd554e52-0103-4749-9e9c-4a4f0ccc15d4','Allowed Protocol Mapper Types','MyReam','allowed-protocol-mappers','org.keycloak.services.clientregistration.policy.ClientRegistrationPolicy','MyReam','anonymous');
INSERT INTO `COMPONENT` (`ID`, `NAME`, `PARENT_ID`, `PROVIDER_ID`, `PROVIDER_TYPE`, `REALM_ID`, `SUB_TYPE`) VALUES ('d55f072d-6e61-4d0c-9b53-99a75f8d27cd','Consent Required','MyReam','consent-required','org.keycloak.services.clientregistration.policy.ClientRegistrationPolicy','MyReam','anonymous');
INSERT INTO `COMPONENT` (`ID`, `NAME`, `PARENT_ID`, `PROVIDER_ID`, `PROVIDER_TYPE`, `REALM_ID`, `SUB_TYPE`) VALUES ('d626c9d5-19d9-4796-9c4c-5cb68382e6b6','Allowed Protocol Mapper Types','MyReam','allowed-protocol-mappers','org.keycloak.services.clientregistration.policy.ClientRegistrationPolicy','MyReam','authenticated');
INSERT INTO `COMPONENT` (`ID`, `NAME`, `PARENT_ID`, `PROVIDER_ID`, `PROVIDER_TYPE`, `REALM_ID`, `SUB_TYPE`) VALUES ('e6cf04ce-1599-4a4a-ae94-a4793d0e4141','Allowed Client Scopes','3586be3d-c811-48bd-ac93-c1efbb056510','allowed-client-templates','org.keycloak.services.clientregistration.policy.ClientRegistrationPolicy','3586be3d-c811-48bd-ac93-c1efbb056510','anonymous');
INSERT INTO `COMPONENT` (`ID`, `NAME`, `PARENT_ID`, `PROVIDER_ID`, `PROVIDER_TYPE`, `REALM_ID`, `SUB_TYPE`) VALUES ('ec971aa6-da4e-448a-8307-a2b254f83009','rsa-generated','3586be3d-c811-48bd-ac93-c1efbb056510','rsa-generated','org.keycloak.keys.KeyProvider','3586be3d-c811-48bd-ac93-c1efbb056510',NULL);
INSERT INTO `COMPONENT` (`ID`, `NAME`, `PARENT_ID`, `PROVIDER_ID`, `PROVIDER_TYPE`, `REALM_ID`, `SUB_TYPE`) VALUES ('f73049f9-5123-45e3-bd47-5fb491f2798c','Allowed Client Scopes','MyReam','allowed-client-templates','org.keycloak.services.clientregistration.policy.ClientRegistrationPolicy','MyReam','authenticated');
INSERT INTO `COMPONENT` (`ID`, `NAME`, `PARENT_ID`, `PROVIDER_ID`, `PROVIDER_TYPE`, `REALM_ID`, `SUB_TYPE`) VALUES ('fc09133f-e9d5-4883-84df-444cae80623f','Max Clients Limit','3586be3d-c811-48bd-ac93-c1efbb056510','max-clients','org.keycloak.services.clientregistration.policy.ClientRegistrationPolicy','3586be3d-c811-48bd-ac93-c1efbb056510','anonymous');
/*!40000 ALTER TABLE `COMPONENT` ENABLE KEYS */;
UNLOCK TABLES;

--
-- Table structure for table `COMPONENT_CONFIG`
--

DROP TABLE IF EXISTS `COMPONENT_CONFIG`;
/*!40101 SET @saved_cs_client     = @@character_set_client */;
 SET character_set_client = utf8mb4 ;
CREATE TABLE `COMPONENT_CONFIG` (
  `ID` varchar(36) CHARACTER SET utf8mb4 COLLATE utf8mb4_unicode_ci NOT NULL,
  `COMPONENT_ID` varchar(36) CHARACTER SET utf8mb4 COLLATE utf8mb4_unicode_ci NOT NULL,
  `NAME` varchar(255) CHARACTER SET utf8mb4 COLLATE utf8mb4_unicode_ci NOT NULL,
  `VALUE` varchar(4000) CHARACTER SET utf8mb3 COLLATE utf8mb3_general_ci DEFAULT NULL,
  PRIMARY KEY (`ID`),
  KEY `IDX_COMPO_CONFIG_COMPO` (`COMPONENT_ID`),
  CONSTRAINT `FK_COMPONENT_CONFIG` FOREIGN KEY (`COMPONENT_ID`) REFERENCES `COMPONENT` (`ID`)
) ENGINE=InnoDB DEFAULT CHARSET=utf8mb4 COLLATE=utf8mb4_unicode_ci;
/*!40101 SET character_set_client = @saved_cs_client */;

--
-- Dumping data for table `COMPONENT_CONFIG`
--

LOCK TABLES `COMPONENT_CONFIG` WRITE;
/*!40000 ALTER TABLE `COMPONENT_CONFIG` DISABLE KEYS */;
INSERT INTO `COMPONENT_CONFIG` (`ID`, `COMPONENT_ID`, `NAME`, `VALUE`) VALUES ('069d4541-b8d3-4632-95e0-554b7e9edf7e','cbf17472-545e-40a4-bdf3-5a50d4a4b49d','certificate','MIICmzCCAYMCBgGNVbWY0zANBgkqhkiG9w0BAQsFADARMQ8wDQYDVQQDDAZtYXN0ZXIwHhcNMjQwMTI5MTQ1MTIxWhcNMzQwMTI5MTQ1MzAxWjARMQ8wDQYDVQQDDAZtYXN0ZXIwggEiMA0GCSqGSIb3DQEBAQUAA4IBDwAwggEKAoIBAQCnlOV7qiAvZkRzgXp9SdEwkZT/UjgO1yBOH+d4CoKjqY3+1rM/ukIWVaqzM/Qvq9R+T9HUxBQm2AIBC2KlJy5x8fupPntRfFSzu6MISHcjAHwnJLUSS/WbP34R5SxnIKCEagrc8A4HTVckGOdGav8ENJLj6YU+zBuL91CJzpgEH3jTrCzAhIXJQneyOXCCRHZT3SBEI/oW9xoO2wkJ1BhFT3Sc0ctmWgSGZlg1m7W4ox771MnjFPcC8y9Gw5CEDcXmQFjWcVKEuQvFdmy/+/AlKoN0jpDwrAqEWcSg7/ImqMbp4Oe/msoQk5IerFwI2rsAUg/4M0Ca/b60oNcAJ8VBAgMBAAEwDQYJKoZIhvcNAQELBQADggEBAF1tuKWwOPaeTEbCN/8nh4RJ3mBFwv8YDqm2ngmHX2b/8wTNdtD2m7JtfIonPlCXL5KZ9bxBKQkisGHPb9QOnWl4Vf2hjp5ukFyMku41aibWTuesBiNLBAtSBCU/9ZmenCzcS1G3RndpR14Hkip91H3UuLUdgIPxLk8gr676lxeF1eylShAlXFtd1uNjyTJZn0GmHGLiVewH2C3Hocy5bPSTfaUINJRXuSHtO6fir+v+oPNSq1dmR64YpXZy7aFOZq9BFA/YANPsu3wGihF5MH6CJ1i18APnkIJHUoDJuYjyNFPLjd88IcvoJLDOpa2rcZVqkVQ+Ol8AvtYnz+u1z08=');
INSERT INTO `COMPONENT_CONFIG` (`ID`, `COMPONENT_ID`, `NAME`, `VALUE`) VALUES ('0c19abeb-f243-434f-b923-d19eb96bbb4d','4735b2b7-c83d-4e08-88f6-a4cbe1a60df5','algorithm','HS256');
INSERT INTO `COMPONENT_CONFIG` (`ID`, `COMPONENT_ID`, `NAME`, `VALUE`) VALUES ('1352a156-8253-4bdf-91ce-ac0865cce620','764dcd17-c092-4d3c-92b1-5f5f9392150c','priority','100');
INSERT INTO `COMPONENT_CONFIG` (`ID`, `COMPONENT_ID`, `NAME`, `VALUE`) VALUES ('16ad8cb7-428b-4009-bf7d-886aea08590b','4802677c-bba7-459f-849b-3d1406cd4574','priority','100');
INSERT INTO `COMPONENT_CONFIG` (`ID`, `COMPONENT_ID`, `NAME`, `VALUE`) VALUES ('1892c7fa-8512-42b8-b198-9cf2192dcc1b','cbf17472-545e-40a4-bdf3-5a50d4a4b49d','algorithm','RSA-OAEP');
INSERT INTO `COMPONENT_CONFIG` (`ID`, `COMPONENT_ID`, `NAME`, `VALUE`) VALUES ('197f5da8-5aa3-4ce3-9b0a-e0570db2424d','9e5bb7cd-5a6e-4515-9db6-e4a30d8a3a47','keyUse','SIG');
INSERT INTO `COMPONENT_CONFIG` (`ID`, `COMPONENT_ID`, `NAME`, `VALUE`) VALUES ('1eb9500e-64d9-42e2-bbbd-a468ac9a80e4','4735b2b7-c83d-4e08-88f6-a4cbe1a60df5','secret','5HSIqa1EfYnPRPWfCjkhDkg5KdM7BYIv9kjsTf7-yy3m70myIoddnEmR_VQ5PPoD_U7IG7W_ITj5pYLJehWICQ');
INSERT INTO `COMPONENT_CONFIG` (`ID`, `COMPONENT_ID`, `NAME`, `VALUE`) VALUES ('1ec95e29-bf00-4c57-b236-219749106733','4802677c-bba7-459f-849b-3d1406cd4574','secret','tuyIWPKsJwHA2z6e6rJFNQ');
INSERT INTO `COMPONENT_CONFIG` (`ID`, `COMPONENT_ID`, `NAME`, `VALUE`) VALUES ('20b5361a-9a2e-45b3-ba31-6da3e8eede70','0898bc66-6cf5-47d9-854f-06cd594ab92c','priority','100');
INSERT INTO `COMPONENT_CONFIG` (`ID`, `COMPONENT_ID`, `NAME`, `VALUE`) VALUES ('2218d781-a6fe-4f28-a6bb-025e0c14c92b','cd554e52-0103-4749-9e9c-4a4f0ccc15d4','allowed-protocol-mapper-types','oidc-sha256-pairwise-sub-mapper');
INSERT INTO `COMPONENT_CONFIG` (`ID`, `COMPONENT_ID`, `NAME`, `VALUE`) VALUES ('2c7f85bd-7909-47fa-b1e8-a0705fc9dbb5','9dd9121c-efd0-4306-a3b6-3e8b04131a2a','allow-default-scopes','true');
INSERT INTO `COMPONENT_CONFIG` (`ID`, `COMPONENT_ID`, `NAME`, `VALUE`) VALUES ('31f5a29e-7d40-4b03-b146-493f39e1879f','ec971aa6-da4e-448a-8307-a2b254f83009','certificate','MIICmzCCAYMCBgGNVbWYODANBgkqhkiG9w0BAQsFADARMQ8wDQYDVQQDDAZtYXN0ZXIwHhcNMjQwMTI5MTQ1MTIwWhcNMzQwMTI5MTQ1MzAwWjARMQ8wDQYDVQQDDAZtYXN0ZXIwggEiMA0GCSqGSIb3DQEBAQUAA4IBDwAwggEKAoIBAQCG0BUQ+8tEBQSXVNI28ziFhNyBmHGLufhOwvIt2v206zJM/7hBxf4DHRcFbqibGormWZ0EGHRJ4fTvtfMq22Dnogwm1SenqIUWYVf2ys5ZE9xXiKWh4SaqeS+xNTe9KUlpve9D94puf3HEqjDf++aVBcPHbRMTXgiI2m+b0fldKO/dmpa69I2w2YbY+CrTMO8V6jFHq0acB7FD5j3x9auXyASFQRFw8RRqPaDM5N0doYz2BJCySaEM7Dlw5N0jqDkkQtgE/jazN1kWCUS0m4dMDeKuwnPWuuEzO0VKLCfaC0iIrPQdLxchNkDHgfLM88ZXAsFrTF/GTVj7GrqUMynZAgMBAAEwDQYJKoZIhvcNAQELBQADggEBAC+xLW91ti5m2gqGkg5czpQFwdgS0CNvVSyzs5s3UG3ln7KmQM+aiIBrjTT71l6suBN8UIuwZZU3VRmSrFl+FmQ9nXt4Uxo+mZ/0yUoQ6vgfBOFZUzncRrpsPActYQve4M1iXIWaed/PuCIiZpWe6gSsBC3vxmsgq1TpV1AAGiBuhsoyUkMybFQ215BYv0uJdZ1REOLMimigLaEZXop/dlUjUIqkmbZLDfzbKqdff/HA5tx37Id0lH71pnMCOt5QF88d9MH7JZAuuOe4BvY/pquw66O63XBPQH8e7O2s9/fTPBiJo5hwKEXN7ufLL4yOtY+6Rd2xn8GV0Zkip+Hcve8=');
INSERT INTO `COMPONENT_CONFIG` (`ID`, `COMPONENT_ID`, `NAME`, `VALUE`) VALUES ('32eccda3-a1f3-4591-af91-24ff14391ecd','cbf17472-545e-40a4-bdf3-5a50d4a4b49d','privateKey','MIIEogIBAAKCAQEAp5Tle6ogL2ZEc4F6fUnRMJGU/1I4DtcgTh/neAqCo6mN/tazP7pCFlWqszP0L6vUfk/R1MQUJtgCAQtipScucfH7qT57UXxUs7ujCEh3IwB8JyS1Ekv1mz9+EeUsZyCghGoK3PAOB01XJBjnRmr/BDSS4+mFPswbi/dQic6YBB9406wswISFyUJ3sjlwgkR2U90gRCP6FvcaDtsJCdQYRU90nNHLZloEhmZYNZu1uKMe+9TJ4xT3AvMvRsOQhA3F5kBY1nFShLkLxXZsv/vwJSqDdI6Q8KwKhFnEoO/yJqjG6eDnv5rKEJOSHqxcCNq7AFIP+DNAmv2+tKDXACfFQQIDAQABAoIBAA7Bus9/9KOX4tE1Bp8/v88CEtfE2rDb2rlmb9CPRF+7D4jwSQqEkUs8MfLj0U3dWLHiv3x347pj7RFAemhGof1grKODoAJV63OEQ1/4WZ1YbpZX0iYRUEhid+yFfLp8EgZ2/Avmi6Wy9shz9PGrfFdXddPh/VzBRm+10H7CFXrPUi6bQl337kqeqQPe6XFWMcFavKxeXSXWjjTKR0ApbfDle0Xa++/tHUrJkO8zPhvH1VHMb9l6xzjuZtjlxBufhVRMBLfmSXcV55snPsL6tfXF9gz6PhTyy8CWgIXJso9SphO9PtgAer2L6bDWhL4sY/XTq3C7pr9+uSqCt7L8HhECgYEA0R7vUTilh12FrK6VJ3MaheU2O7DK6h2eKp4EZyT+J+ZKCLEso0Thj9GSWR645tjYa96cXV7AI9vHRsaNlG8e4xIjA35XNvvb6LYIg5KsKaLV0nEZICyOTS//vGBLnuGvtvfvGZ7Je3/HNwzzglwpHKJvid+GKU1JUnvRp+T9GQUCgYEAzSYaA58w6isbhGoSU/XwceTZSMeOwlXlHC81eMC9tscdXkl/ufH1fwvpnKpfzNUl5hmMol+S2looUyw18Kn/kUJVRTNqj1di5S0GHOP2yuEWMkfN2Mf7G58KzQT34jIQ/7E1mvhvmAYwgm1ng109WIjuIlucY/NeEcMVcMWPgA0CgYBXN2SuZka7JykqNQHmGx5zu34b9QccD1A5DABgGFCbyXMVHvez/HVqqwgzfRm2xbe1fXmPg4X1LqN1BDhmMNYb9COAQIAVYYN9EfaJEXIWR2CQTTUicxLCZINvSGYhlJTZZZxl/hCgHlGyxwcEVnWbCLAmO4BT13T+Hr/5GwroFQKBgGQ6cE1CsnBF/Vy1Qh0ZNI9AotQHA31438XkXriPWmD5aSTOvgOH7kxS8qDjMIjvvmNsKiSOkz3w/HCeUgAx3jYG9YgotbAwnpWfaLQmwEWgsOqB4FVAZzO4gVtnSQCPO3ThDHKZXFQm+f5PG1q37CfcRpQss/y1Q0lkSY5eR1zlAoGAL5nb3Qq2ohF96UPdF7X73HQ+nud444zm8T7PPE3L/pIlFikwSNZljF6UYtjBRQb2bQ5OlQBbvpH+68HOHgy/o4Bxx0bwxvCVuPuwp18vAeUEIQsK/fliUappl9Hembax4MGyw9UVHMlMjxiwOmDBID6vyQ1y+OeN1ljEmpCVZWs=');
INSERT INTO `COMPONENT_CONFIG` (`ID`, `COMPONENT_ID`, `NAME`, `VALUE`) VALUES ('36dd4fb1-5a01-4781-98ac-1487b832d5ed','1068cafb-3e58-47e1-91b4-99a233626d5a','allowed-protocol-mapper-types','saml-user-attribute-mapper');
INSERT INTO `COMPONENT_CONFIG` (`ID`, `COMPONENT_ID`, `NAME`, `VALUE`) VALUES ('37827dc5-0774-4c47-a137-942db4a863c4','303f8054-ef44-4eeb-b964-5be365db514f','allowed-protocol-mapper-types','saml-role-list-mapper');
INSERT INTO `COMPONENT_CONFIG` (`ID`, `COMPONENT_ID`, `NAME`, `VALUE`) VALUES ('38192f78-32ca-4a19-aa3a-20882d77f690','1068cafb-3e58-47e1-91b4-99a233626d5a','allowed-protocol-mapper-types','saml-role-list-mapper');
INSERT INTO `COMPONENT_CONFIG` (`ID`, `COMPONENT_ID`, `NAME`, `VALUE`) VALUES ('3fd27e50-927f-4d3c-8239-4bed1c1e7c31','f73049f9-5123-45e3-bd47-5fb491f2798c','allow-default-scopes','true');
INSERT INTO `COMPONENT_CONFIG` (`ID`, `COMPONENT_ID`, `NAME`, `VALUE`) VALUES ('437f7418-d038-4269-97c1-35741f63b8f4','d626c9d5-19d9-4796-9c4c-5cb68382e6b6','allowed-protocol-mapper-types','oidc-sha256-pairwise-sub-mapper');
INSERT INTO `COMPONENT_CONFIG` (`ID`, `COMPONENT_ID`, `NAME`, `VALUE`) VALUES ('473140ad-0850-4454-915e-188d7642c84c','9e5bb7cd-5a6e-4515-9db6-e4a30d8a3a47','privateKey','MIIEowIBAAKCAQEAoByGn0oXjo7kh2WvHLdVY81aWTtvDEIMs+l0Eq95NNDqeBx45GtserHPz4muRAG0xMe8ZfCOLyEnL/zF+3YRbGJYRDCbGSUHvwWW3EaMgyQBNwUEKdXW1ObCEQILL5TQEtvdZRXRfiZ3nWxDPD0I58WEU/Xn48DBip16B3Mq+dht3mYHsCaSOetqnnYcS5gg8epNEemirENCDDcT33yoJqhQSK3Vy7SUOMYZ5uOKnw4FJyxXLur0MUJm+yuFzOgEGpqrOBaDDUkG2tlBXP0efGJJ7J2jaVqn73kfmeXx7BTmGLHCxSTg7y+n2SLeCdOjA/Z3IWhhYeILN6SPBQ+f8QIDAQABAoIBAFaGs/X3W32uGTBWsmipZxsVSgM5DE0qkKTVv+WtMKprUJrygB6pMymnWC/HLwcPiPpjGpxYgO5VU1EqoG/Boa7aAutu/RJ8oZAI3DtUYPEqDwIF0vcs2fmabzwzx4nCOSRH74CGZv1ummvXqwotzdc7NcUN+nBppe5cJitKgOodv6/ck8csrhE5K4unz0oG2mJFPvMBrzf0DZfmk4gwT30T2UW1C/Oy1SNKzpKXJlZgzl7UZi4Xbq7+twCDbwofkCqsPaDMnQubPIuH5xfjds2UeNM/J8njCi9INX9hk732fG0Spl+5f8TSOUQwgs9yrM/X0ene33ZAX/a588im20ECgYEA7dO7+HISjtUMSM7N4wnZMfN/ADjh/q7PPiJqscGujbirc9hXmwiekGn9Id1Sk8mC6fkQLRH5eouXs+cNZmKFuNN7s04F5AbNURlVDLp/vaWTnPpRAlD9nurPmprWPXE42j0m+n03KOlEGUJ/jr/8bNlnvrzL+URAZcZ0ROfIhUkCgYEArFiNmP3RA30bHsxbx2oT9neD6vC/hCydcXTcH4K0R4JIMMXmzXWlHLGEwfXoXEjuzILpnFJgbd6Oi7vowM8tKF8M7LtnxbdTVu5oR1e9P6PJ95RPxfVhXUgn7WNz7DKta/z4yrT5QF2gdKhzIkz1sN4sQowV5TScZ377B1fqTWkCgYEApuHTXZOWCBnhI9nRyQWpHY7ySBKiKlc53yzBV3hD5vh1frWJS6Vxtn5Y/IFUJ5XYQhvdyPJ68A2x5rAzy+tIUBg+DeSq54YKXmT7NBJN/qKIATf4zjpMrU2xXZhWywh+z0zn5A8nPJLqkRsDbQS0uSCY1tOeAYxt77yg65UFNNkCgYBmyVF5wzba68w27A54ug0520Gz5u1xuOIVfmqh6GP4mfzQCdeDBfz5Re41d6GjGGRDWHhXINId9LPzJpjEFUuLXlTpA0P6qUFtATb0BaH6yIZ1v+Br4dK1vYkCjWPfpMHFO9RtoM1e0/gUWzp/ZILLf1XKQp30WxJEr3irgoVcsQKBgH+YCjuUXwKbckrC6Nks4UShuykdU/kAXXFyhTFdavtU5kUUx+HZ6SlPMB82F15UV+nmPkkyY9noupw3hhdT0NKYYhAj/iTUQSQ50vziwlnO+cFmwoOti2QNH2GIYUoByCF5LhyzJsxliiE97e1XVrSiuvotUSZ0KqhfPT9+g/IU');
INSERT INTO `COMPONENT_CONFIG` (`ID`, `COMPONENT_ID`, `NAME`, `VALUE`) VALUES ('481f6d28-eede-42d9-a9af-6f54a5dbf185','ec971aa6-da4e-448a-8307-a2b254f83009','priority','100');
INSERT INTO `COMPONENT_CONFIG` (`ID`, `COMPONENT_ID`, `NAME`, `VALUE`) VALUES ('488cf605-ce8e-486f-bcc5-0d0353ac981a','cbf17472-545e-40a4-bdf3-5a50d4a4b49d','keyUse','ENC');
INSERT INTO `COMPONENT_CONFIG` (`ID`, `COMPONENT_ID`, `NAME`, `VALUE`) VALUES ('4e26e7e5-83ca-4071-9618-d7108d9aac99','d626c9d5-19d9-4796-9c4c-5cb68382e6b6','allowed-protocol-mapper-types','saml-user-property-mapper');
INSERT INTO `COMPONENT_CONFIG` (`ID`, `COMPONENT_ID`, `NAME`, `VALUE`) VALUES ('508beb97-f1bc-4071-885c-a176256c1ae3','4735b2b7-c83d-4e08-88f6-a4cbe1a60df5','priority','100');
INSERT INTO `COMPONENT_CONFIG` (`ID`, `COMPONENT_ID`, `NAME`, `VALUE`) VALUES ('5093f10d-bb79-40cc-b5fe-7e405f0c8191','3ef9d18d-8962-4c1c-9bf8-93fa005178ea','secret','yJuWe23WUofP67BX0rYUaQ');
INSERT INTO `COMPONENT_CONFIG` (`ID`, `COMPONENT_ID`, `NAME`, `VALUE`) VALUES ('5a2dbe0e-46c5-4ed6-8ab8-a135735e7088','1068cafb-3e58-47e1-91b4-99a233626d5a','allowed-protocol-mapper-types','saml-user-property-mapper');
INSERT INTO `COMPONENT_CONFIG` (`ID`, `COMPONENT_ID`, `NAME`, `VALUE`) VALUES ('5aa4a4d3-e6f6-4518-9775-259af96b2800','cd554e52-0103-4749-9e9c-4a4f0ccc15d4','allowed-protocol-mapper-types','saml-role-list-mapper');
INSERT INTO `COMPONENT_CONFIG` (`ID`, `COMPONENT_ID`, `NAME`, `VALUE`) VALUES ('64813e48-706f-4799-9c56-9ccfe94eb4c1','fc09133f-e9d5-4883-84df-444cae80623f','max-clients','200');
INSERT INTO `COMPONENT_CONFIG` (`ID`, `COMPONENT_ID`, `NAME`, `VALUE`) VALUES ('6b7f1dd2-41c2-4f69-a623-743c737bb2fd','0898bc66-6cf5-47d9-854f-06cd594ab92c','kid','0609fa2b-fdb3-4d86-852e-6fda29aebaa8');
INSERT INTO `COMPONENT_CONFIG` (`ID`, `COMPONENT_ID`, `NAME`, `VALUE`) VALUES ('739d107e-4c96-479f-9c9f-2073ebb12242','cd554e52-0103-4749-9e9c-4a4f0ccc15d4','allowed-protocol-mapper-types','saml-user-attribute-mapper');
INSERT INTO `COMPONENT_CONFIG` (`ID`, `COMPONENT_ID`, `NAME`, `VALUE`) VALUES ('741209ef-f07b-4e3f-9bdf-7ffb948913ef','303f8054-ef44-4eeb-b964-5be365db514f','allowed-protocol-mapper-types','oidc-usermodel-attribute-mapper');
INSERT INTO `COMPONENT_CONFIG` (`ID`, `COMPONENT_ID`, `NAME`, `VALUE`) VALUES ('7532470a-3039-491a-90e6-5eccda343c84','1068cafb-3e58-47e1-91b4-99a233626d5a','allowed-protocol-mapper-types','oidc-address-mapper');
INSERT INTO `COMPONENT_CONFIG` (`ID`, `COMPONENT_ID`, `NAME`, `VALUE`) VALUES ('75aae69f-d6bf-4009-bbab-ff51742dee05','1068cafb-3e58-47e1-91b4-99a233626d5a','allowed-protocol-mapper-types','oidc-usermodel-property-mapper');
INSERT INTO `COMPONENT_CONFIG` (`ID`, `COMPONENT_ID`, `NAME`, `VALUE`) VALUES ('78df92fc-437e-4e75-a749-8c87ff919ee4','456a77d1-393f-47c1-831a-c5981240f552','allow-default-scopes','true');
INSERT INTO `COMPONENT_CONFIG` (`ID`, `COMPONENT_ID`, `NAME`, `VALUE`) VALUES ('7a1d50bf-fbd9-487b-a9b7-13747fbc40aa','b9475362-b1af-4550-bf82-1c913afa76f2','max-clients','200');
INSERT INTO `COMPONENT_CONFIG` (`ID`, `COMPONENT_ID`, `NAME`, `VALUE`) VALUES ('80959f4f-acf2-48d3-8e2e-8d9cf5b7cd54','241e7727-4097-4e4a-af53-e9d77df45d42','host-sending-registration-request-must-match','true');
INSERT INTO `COMPONENT_CONFIG` (`ID`, `COMPONENT_ID`, `NAME`, `VALUE`) VALUES ('842767ef-234c-48c9-bb88-56b1ed8d8968','3ef9d18d-8962-4c1c-9bf8-93fa005178ea','kid','bb06ab44-6391-45ee-8a9b-fa511c16f39c');
INSERT INTO `COMPONENT_CONFIG` (`ID`, `COMPONENT_ID`, `NAME`, `VALUE`) VALUES ('893734bf-d9df-4d09-85f7-b94428885edc','9e5bb7cd-5a6e-4515-9db6-e4a30d8a3a47','certificate','MIICmzCCAYMCBgGNVbc/xjANBgkqhkiG9w0BAQsFADARMQ8wDQYDVQQDDAZNeVJlYW0wHhcNMjQwMTI5MTQ1MzA5WhcNMzQwMTI5MTQ1NDQ5WjARMQ8wDQYDVQQDDAZNeVJlYW0wggEiMA0GCSqGSIb3DQEBAQUAA4IBDwAwggEKAoIBAQCgHIafSheOjuSHZa8ct1VjzVpZO28MQgyz6XQSr3k00Op4HHjka2x6sc/Pia5EAbTEx7xl8I4vIScv/MX7dhFsYlhEMJsZJQe/BZbcRoyDJAE3BQQp1dbU5sIRAgsvlNAS291lFdF+JnedbEM8PQjnxYRT9efjwMGKnXoHcyr52G3eZgewJpI562qedhxLmCDx6k0R6aKsQ0IMNxPffKgmqFBIrdXLtJQ4xhnm44qfDgUnLFcu6vQxQmb7K4XM6AQamqs4FoMNSQba2UFc/R58YknsnaNpWqfveR+Z5fHsFOYYscLFJODvL6fZIt4J06MD9nchaGFh4gs3pI8FD5/xAgMBAAEwDQYJKoZIhvcNAQELBQADggEBAJkbyo3iPZl12kJad0szTfkwKkVNJSiolnJ8u0jlEQSfgSdYpaWYGWBJrsh+i61GrekeD+0p58fL3Ft/aaa5UbA0KzK2fG0WCNIvXu5cJnuOFYPRjAkZNeLqhir8Ja+r4uzA5mZUEVhURqlx+LaR3bqV8O6pU1gyPcg8zG/3W9iBs76ZXZ9+K0CiwtgPJ280Xg9pw0KS4i4jFEdcaE4E4Wxmjt7wxfYhIu0qOYq6usP6agwCYovTqMOMEhOZIJaIasEI9Ja52fsIHCIagNASSnJPtyaa40gQpm/F1bR0JZ5jPUd+Nqz2sWYc5sEFJ+S4jSgTLaxSZgoT53IGtPv4WiY=');
INSERT INTO `COMPONENT_CONFIG` (`ID`, `COMPONENT_ID`, `NAME`, `VALUE`) VALUES ('899c0d5d-15d6-4205-9816-0355bfe6a7ea','d626c9d5-19d9-4796-9c4c-5cb68382e6b6','allowed-protocol-mapper-types','oidc-address-mapper');
INSERT INTO `COMPONENT_CONFIG` (`ID`, `COMPONENT_ID`, `NAME`, `VALUE`) VALUES ('8a70baa1-4695-4eff-bb09-2dc81a89f29e','4735b2b7-c83d-4e08-88f6-a4cbe1a60df5','kid','a92da893-4710-45c2-a11c-5d3d104f5f6d');
INSERT INTO `COMPONENT_CONFIG` (`ID`, `COMPONENT_ID`, `NAME`, `VALUE`) VALUES ('8a7f3054-6e06-4f3a-91ac-ea606404f5ac','0898bc66-6cf5-47d9-854f-06cd594ab92c','algorithm','HS256');
INSERT INTO `COMPONENT_CONFIG` (`ID`, `COMPONENT_ID`, `NAME`, `VALUE`) VALUES ('8aa842ec-954d-4a3d-9417-aa2931e20f3d','764dcd17-c092-4d3c-92b1-5f5f9392150c','privateKey','MIIEpQIBAAKCAQEAiPXFeJAesSIqWHBcasS2D12GrMPK87DO0opaO7wT5RGIQ/CEWefXCkSvpcrTY/kBWxU00vYY5LaHr1C84Gc3aadXnLzwYnxW345/gotV14bdBzELrIhBs5SIHvMc0N1Ji9HTZno3vBzFQRkp0A/iJsMGuvP5nZHdDBPgg0tl86Eq0H2CnjrQSHi8nDLCL9Rd66jfjjzLYY42T5Lwwugjki1oUaWYAwSzLT0d6mi2k8d+vARc1CHrvSfEXUCRz6FitRS+y0h5GCccGTygCo8Joxv51Y9DmMvpPwxW7B1IRPC1iOXI9GjAhyS4+kWSe0PPRKrSh3T6pgce0zcouJee/wIDAQABAoIBABBTW4qXg1ESBYItQpbng9wpBdiqLhMGTGEEZOUh8i0n/do7XUtqO1PaBCX7G1+bWvIEgRt0glsg9uOK+Di3lP9fFy5zxyO2NpTHY6OoAD+Er+wfiIi0ZUCGwAMQb6rl9dJY3J4mi2Y897ZezYEjo42DSdYXJvYFYRgDdouv/SMhMSlyxYJKeEKuFJrxVqiopalSd3L+k9RI1ZFDEecG/qVrMWKu8a3wdgFFtfp5XJABCxXf6gvon0/3SxXn/2nTHViBu6AfeJHPtXuHtDv6KVq/QA/HVzP3YLL5WRV0PGPZ+VhT8BqwZa3HqsytmXDA+Y0WcBQgpdPzT7H7IjYkkYECgYEA67Iv2X3Qc67SQVS5qyRCHCBcs3LxPNGD7zHRfPSQLLFEbRCMpQEuJMrnQv3Nh0zUkKX/8B/Zk8SLE0eTSrsr6cnDW31yM83Sml7p1LewWfMD6iH4eHMNd/ZUl5Ix1pTFvHf08gKQXYSqFxkDV489SH391Pql8tifGCtbV4x/Xk8CgYEAlMIn8ZRKjoEPwzVziDuzWCTzzIBKrYjwqAwJ95qrJUR4jb2c73BmWmtjpKahghNAKoythVpnsodF8pXnTZL/66CAT3M5ec/CxLweocgbueHifQ3sSpSNqKdr+ynFG7JRmjg5DP6suZUdJy1nQak59yzrNyQuyUHmRJ1HjxDeuFECgYEAz3Ff/etnGTon4cpBM+jQqtKs5F/pBN9eYJsXRwQ1FLDciaWENAIK6+UNj/+z8j5j4//GeECADjdxNIHNmHuOVdD3uUF6zy97CdU5trgJZdGmg15sww54LzpGD7VjWfpM4uktVAd/ql+GGJgyQdFXXcNOMjJ89nVD6VDXrwGAZK8CgYEAj9ZgmxXBNaOTozRm3t6jHmK0nhOaoctcr5Dcfl8+h016p8slGNx9C4b1FTrNxiFpFPtruRreU+C7AMJzoi22aZaLGseWVrNOZ75ifBoqvQSuZC73QHH9u4sPPQ95eLtmbhFZELicOOH3C2+6fOHtm5QCaBIDbzTaO5Q8ohg00tECgYEAiyImZaA+Bc43z+a79j7jElYGRDSojma9x9soDl9OakSFsO5OzOzHIu+MfKPft7tmg00GjhsIyXIVJyJgPX9KndyNFP9gpAQgI+tGqRzKTkYFsNkQGzs5U++SemZGnmxleNIe9rG5Rtj/VeFKKgIUBoFEFH2+QZJeTzFxK3xqv1A=');
INSERT INTO `COMPONENT_CONFIG` (`ID`, `COMPONENT_ID`, `NAME`, `VALUE`) VALUES ('902efd61-2270-4455-add1-6dbf9949d5fc','ec971aa6-da4e-448a-8307-a2b254f83009','keyUse','SIG');
INSERT INTO `COMPONENT_CONFIG` (`ID`, `COMPONENT_ID`, `NAME`, `VALUE`) VALUES ('91b92981-7eff-48a4-94bf-ca65795394d9','764dcd17-c092-4d3c-92b1-5f5f9392150c','certificate','MIICmzCCAYMCBgGNVbdAHjANBgkqhkiG9w0BAQsFADARMQ8wDQYDVQQDDAZNeVJlYW0wHhcNMjQwMTI5MTQ1MzA5WhcNMzQwMTI5MTQ1NDQ5WjARMQ8wDQYDVQQDDAZNeVJlYW0wggEiMA0GCSqGSIb3DQEBAQUAA4IBDwAwggEKAoIBAQCI9cV4kB6xIipYcFxqxLYPXYasw8rzsM7Silo7vBPlEYhD8IRZ59cKRK+lytNj+QFbFTTS9hjktoevULzgZzdpp1ecvPBifFbfjn+Ci1XXht0HMQusiEGzlIge8xzQ3UmL0dNmeje8HMVBGSnQD+Imwwa68/mdkd0ME+CDS2XzoSrQfYKeOtBIeLycMsIv1F3rqN+OPMthjjZPkvDC6COSLWhRpZgDBLMtPR3qaLaTx368BFzUIeu9J8RdQJHPoWK1FL7LSHkYJxwZPKAKjwmjG/nVj0OYy+k/DFbsHUhE8LWI5cj0aMCHJLj6RZJ7Q89EqtKHdPqmBx7TNyi4l57/AgMBAAEwDQYJKoZIhvcNAQELBQADggEBAIXhUVF23aeVHmYK7eKh6UM9/ig5s0Np4jfo5uYNujU89w1dEswsS+wEUsB+vvr8Rl/98gQwPac1aHxsnaPvnm0veqSN/TmJRd9TerH37RqgaG5m0UtLwKLQKT98IOTtn8n0jm2gQlHrSBUY7M+NSIHyYbHiAqoqRUoBk963mM1g6Tcz6dJZ7o9wk9ZSgESJ7dMZHI4yNmMlUzVnB7xgzR1MtJhl+YFA6EQzJjx+6HRfUtS07i50CFjm8V2EGjqV14U46g8DpH6/3lzldVH5fFVoxHhLtxXWHdby8GDM0r6UlbCTFT9ibqd38Gl/5jH98XJRru/G2meoBIeuKXM+wyU=');
INSERT INTO `COMPONENT_CONFIG` (`ID`, `COMPONENT_ID`, `NAME`, `VALUE`) VALUES ('925eef28-22b4-469b-881f-a0a00f5f7313','d626c9d5-19d9-4796-9c4c-5cb68382e6b6','allowed-protocol-mapper-types','oidc-usermodel-attribute-mapper');
INSERT INTO `COMPONENT_CONFIG` (`ID`, `COMPONENT_ID`, `NAME`, `VALUE`) VALUES ('96005690-8160-4797-83b9-de0d5973d548','3ef9d18d-8962-4c1c-9bf8-93fa005178ea','priority','100');
INSERT INTO `COMPONENT_CONFIG` (`ID`, `COMPONENT_ID`, `NAME`, `VALUE`) VALUES ('97da4266-61bb-4339-a644-d0f3691211f1','e6cf04ce-1599-4a4a-ae94-a4793d0e4141','allow-default-scopes','true');
INSERT INTO `COMPONENT_CONFIG` (`ID`, `COMPONENT_ID`, `NAME`, `VALUE`) VALUES ('9a3b25ee-b7a8-4ad9-9141-7e53e0b086ae','1068cafb-3e58-47e1-91b4-99a233626d5a','allowed-protocol-mapper-types','oidc-usermodel-attribute-mapper');
INSERT INTO `COMPONENT_CONFIG` (`ID`, `COMPONENT_ID`, `NAME`, `VALUE`) VALUES ('9d242a4b-beba-4c7b-bd59-cb8a87766c93','9e5bb7cd-5a6e-4515-9db6-e4a30d8a3a47','priority','100');
INSERT INTO `COMPONENT_CONFIG` (`ID`, `COMPONENT_ID`, `NAME`, `VALUE`) VALUES ('a1d55376-b3e6-40cd-b446-9530831fdc12','241e7727-4097-4e4a-af53-e9d77df45d42','client-uris-must-match','true');
INSERT INTO `COMPONENT_CONFIG` (`ID`, `COMPONENT_ID`, `NAME`, `VALUE`) VALUES ('a515f676-60dd-482a-93b6-bda200933974','cd554e52-0103-4749-9e9c-4a4f0ccc15d4','allowed-protocol-mapper-types','oidc-usermodel-property-mapper');
INSERT INTO `COMPONENT_CONFIG` (`ID`, `COMPONENT_ID`, `NAME`, `VALUE`) VALUES ('b29a1886-1081-40e2-b1a4-71eeed73a18b','69d88c58-bf12-4efb-a528-720aa2c00665','client-uris-must-match','true');
INSERT INTO `COMPONENT_CONFIG` (`ID`, `COMPONENT_ID`, `NAME`, `VALUE`) VALUES ('b7796043-66fe-4952-bbfb-3d60e4e9a7f0','d626c9d5-19d9-4796-9c4c-5cb68382e6b6','allowed-protocol-mapper-types','oidc-usermodel-property-mapper');
INSERT INTO `COMPONENT_CONFIG` (`ID`, `COMPONENT_ID`, `NAME`, `VALUE`) VALUES ('bc81156f-03b6-4832-abf9-ebb022ade679','d626c9d5-19d9-4796-9c4c-5cb68382e6b6','allowed-protocol-mapper-types','saml-user-attribute-mapper');
INSERT INTO `COMPONENT_CONFIG` (`ID`, `COMPONENT_ID`, `NAME`, `VALUE`) VALUES ('be10dea7-e07a-4ac1-b7f2-77b28aa78602','303f8054-ef44-4eeb-b964-5be365db514f','allowed-protocol-mapper-types','oidc-usermodel-property-mapper');
INSERT INTO `COMPONENT_CONFIG` (`ID`, `COMPONENT_ID`, `NAME`, `VALUE`) VALUES ('bede862e-87f2-4bc7-81f7-5693946084e0','4802677c-bba7-459f-849b-3d1406cd4574','kid','6b893ebc-2169-49ec-8d98-2936e3da32b5');
INSERT INTO `COMPONENT_CONFIG` (`ID`, `COMPONENT_ID`, `NAME`, `VALUE`) VALUES ('bf1bc86a-b6a8-431e-9935-6dbcc75c4130','303f8054-ef44-4eeb-b964-5be365db514f','allowed-protocol-mapper-types','oidc-address-mapper');
INSERT INTO `COMPONENT_CONFIG` (`ID`, `COMPONENT_ID`, `NAME`, `VALUE`) VALUES ('c35bdcf1-9e01-482a-93e3-50967dbbd648','0898bc66-6cf5-47d9-854f-06cd594ab92c','secret','sbsbSt7aKyMyYMb9eSzR1Z30uiM-0R6jNkkUR-8uSYvETEzPMIMpSVmVYC6F7Abs3wNHhQR8Sz1TFzqPVmi0zA');
INSERT INTO `COMPONENT_CONFIG` (`ID`, `COMPONENT_ID`, `NAME`, `VALUE`) VALUES ('c3a73250-71ad-4760-9cb6-96c3c5f4b18c','cbf17472-545e-40a4-bdf3-5a50d4a4b49d','priority','100');
INSERT INTO `COMPONENT_CONFIG` (`ID`, `COMPONENT_ID`, `NAME`, `VALUE`) VALUES ('c7cc3d22-8def-48a8-a03c-b3f1c73dc5b3','ec971aa6-da4e-448a-8307-a2b254f83009','privateKey','MIIEogIBAAKCAQEAhtAVEPvLRAUEl1TSNvM4hYTcgZhxi7n4TsLyLdr9tOsyTP+4QcX+Ax0XBW6omxqK5lmdBBh0SeH077XzKttg56IMJtUnp6iFFmFX9srOWRPcV4iloeEmqnkvsTU3vSlJab3vQ/eKbn9xxKow3/vmlQXDx20TE14IiNpvm9H5XSjv3ZqWuvSNsNmG2Pgq0zDvFeoxR6tGnAexQ+Y98fWrl8gEhUERcPEUaj2gzOTdHaGM9gSQskmhDOw5cOTdI6g5JELYBP42szdZFglEtJuHTA3irsJz1rrhMztFSiwn2gtIiKz0HS8XITZAx4HyzPPGVwLBa0xfxk1Y+xq6lDMp2QIDAQABAoIBABSi5Zaj9ImE+x7vLP6cXJqTq+1qmHb7ELd9v/SlAREgr6J5worO9AMmANAkEEst1PVN4msuEx78J7JJ998nlb3fYFzRZDCV60lxvTVZ9hxMnf4IPNJ61KBjzJkjvFSIbWRyXp3Y1qfzekbQhorC1JkbOMzeNX1Rd5z7UvpXOgS4dmKecAVoTNcXjlPWOoRugCzi2HGhmSkIdQS4b2pD2PsVXUijgUgpsHkvDi15+SFlSsiJsz3HRePGPEBeyO1NBIElHC3mO5kQrqE8oNiVNCxC4CCmYSglfyAb+1n48FUtccI09UMZbaIOEp0aUR+mQD9rPP507gDb7TbSiXwDAAECgYEAy4OBb+zzE/j3p/mY7H69cYyorbZel7rEPcphIPKoicEbzRlmEcHemUPSHz2PfsrYRaqLuLUAFKKZre9fgem+6knieBTdUDtDlC58bHrEcc2LR+qi97hkynKEYCSFp8XAVb4jnXWYyTLsPdIMrPZMmTOihrs9GlrXdz9R7p9UCAECgYEAqZTE+ctX+fAdV9hQlj/ObBjl65Fzmpot3Hpmy0UJRcuw5wnYS7ysmHlQx3dxx8gBuHKNxj3wCeNGtCquW1N7blapHojEyrj3P1fzrnJwRtw84OcR9w1tLRDdY/lx+cx9ZljcCA6CsAlYl0reqGQkhmjmpjrUkTbyDVnM3y7wYdkCgYA1iF8I6QQ70babac1vEBuW/c/0+c7CDK/ILS8Fcq8gpTpB5hdyPlPmbu+bph7T1Fm1YZolOP9PbkIMfbXav3inuk2nFp3sl9o75Up3YofAA7hKb470qH1iv2LQw2qg6iSgqUZHCgLpkcqQrGsHKDaX6fwrgp8dCp440OAla6W4AQKBgHR6qh2FrWUQp6cJ/rhlFU0sgOigXI5prmyNaoPeZHMbaOQY4AeNjeOhGHoZsf5ug7gEfxsWugSgppTj6CT0n4h3X+yINtuj1rgcmlVNZ49UgUBdlvphr4bP2bFsyfuxmMSu7lteVCfEE6S/mVaCipAEB8FQEWe5HONMtirqW9RpAoGAE9JLYQ25Mh62NKkHvj6bqdlEOhGrkKJ031dYc/d1yyzu3KUhNS1WyriH1kNP54mvD5bpcKZ8Y1yJVtoZksSyLHrR/DDZ2NyveOBbhNJBonsp8HmWlR7gP/2O98Hu3FkonrejSwyXeXkLbk8pgR2HmKzCQKlA9WQocmhsVtKS+nI=');
INSERT INTO `COMPONENT_CONFIG` (`ID`, `COMPONENT_ID`, `NAME`, `VALUE`) VALUES ('c979449c-8d41-479f-8504-c1daac7efdf9','cd554e52-0103-4749-9e9c-4a4f0ccc15d4','allowed-protocol-mapper-types','oidc-usermodel-attribute-mapper');
INSERT INTO `COMPONENT_CONFIG` (`ID`, `COMPONENT_ID`, `NAME`, `VALUE`) VALUES ('d08d95b1-3016-4891-af97-fe7577dbde09','d626c9d5-19d9-4796-9c4c-5cb68382e6b6','allowed-protocol-mapper-types','saml-role-list-mapper');
INSERT INTO `COMPONENT_CONFIG` (`ID`, `COMPONENT_ID`, `NAME`, `VALUE`) VALUES ('d2bddaf4-2b65-4244-9532-a12126695d20','69d88c58-bf12-4efb-a528-720aa2c00665','host-sending-registration-request-must-match','true');
INSERT INTO `COMPONENT_CONFIG` (`ID`, `COMPONENT_ID`, `NAME`, `VALUE`) VALUES ('d2c432b6-13b0-4edf-8215-401496b889fe','764dcd17-c092-4d3c-92b1-5f5f9392150c','algorithm','RSA-OAEP');
INSERT INTO `COMPONENT_CONFIG` (`ID`, `COMPONENT_ID`, `NAME`, `VALUE`) VALUES ('db30f78f-8f82-4d87-88a4-b631966cff21','d626c9d5-19d9-4796-9c4c-5cb68382e6b6','allowed-protocol-mapper-types','oidc-full-name-mapper');
INSERT INTO `COMPONENT_CONFIG` (`ID`, `COMPONENT_ID`, `NAME`, `VALUE`) VALUES ('dc1f82b6-519c-44f9-b28c-34d6dd838061','cd554e52-0103-4749-9e9c-4a4f0ccc15d4','allowed-protocol-mapper-types','oidc-address-mapper');
INSERT INTO `COMPONENT_CONFIG` (`ID`, `COMPONENT_ID`, `NAME`, `VALUE`) VALUES ('e288e0ee-3ca8-42bf-9047-2b3bc7efd6e7','303f8054-ef44-4eeb-b964-5be365db514f','allowed-protocol-mapper-types','oidc-sha256-pairwise-sub-mapper');
INSERT INTO `COMPONENT_CONFIG` (`ID`, `COMPONENT_ID`, `NAME`, `VALUE`) VALUES ('e9ce1bc9-d613-4b09-b264-59b31f10a994','1068cafb-3e58-47e1-91b4-99a233626d5a','allowed-protocol-mapper-types','oidc-sha256-pairwise-sub-mapper');
INSERT INTO `COMPONENT_CONFIG` (`ID`, `COMPONENT_ID`, `NAME`, `VALUE`) VALUES ('eb1b7df8-54a2-4e51-adcb-45dc6b8cfb86','cd554e52-0103-4749-9e9c-4a4f0ccc15d4','allowed-protocol-mapper-types','saml-user-property-mapper');
INSERT INTO `COMPONENT_CONFIG` (`ID`, `COMPONENT_ID`, `NAME`, `VALUE`) VALUES ('eb7a141d-0e64-4f13-b779-329338c8a244','1068cafb-3e58-47e1-91b4-99a233626d5a','allowed-protocol-mapper-types','oidc-full-name-mapper');
INSERT INTO `COMPONENT_CONFIG` (`ID`, `COMPONENT_ID`, `NAME`, `VALUE`) VALUES ('ebcdd796-b23b-466c-b793-6d0466e04d14','303f8054-ef44-4eeb-b964-5be365db514f','allowed-protocol-mapper-types','saml-user-property-mapper');
INSERT INTO `COMPONENT_CONFIG` (`ID`, `COMPONENT_ID`, `NAME`, `VALUE`) VALUES ('f152099e-deec-4b1c-b038-bc77922736cc','303f8054-ef44-4eeb-b964-5be365db514f','allowed-protocol-mapper-types','saml-user-attribute-mapper');
INSERT INTO `COMPONENT_CONFIG` (`ID`, `COMPONENT_ID`, `NAME`, `VALUE`) VALUES ('f35ef563-af68-4d1d-ba42-9897d2604032','764dcd17-c092-4d3c-92b1-5f5f9392150c','keyUse','ENC');
INSERT INTO `COMPONENT_CONFIG` (`ID`, `COMPONENT_ID`, `NAME`, `VALUE`) VALUES ('f51cd6a0-1ff7-46c2-ad15-fa3bb42a6c14','cd554e52-0103-4749-9e9c-4a4f0ccc15d4','allowed-protocol-mapper-types','oidc-full-name-mapper');
INSERT INTO `COMPONENT_CONFIG` (`ID`, `COMPONENT_ID`, `NAME`, `VALUE`) VALUES ('ff52884d-1455-45b8-9a9e-1d89a1ba0fd9','303f8054-ef44-4eeb-b964-5be365db514f','allowed-protocol-mapper-types','oidc-full-name-mapper');
/*!40000 ALTER TABLE `COMPONENT_CONFIG` ENABLE KEYS */;
UNLOCK TABLES;

--
-- Table structure for table `COMPOSITE_ROLE`
--

DROP TABLE IF EXISTS `COMPOSITE_ROLE`;
/*!40101 SET @saved_cs_client     = @@character_set_client */;
 SET character_set_client = utf8mb4 ;
CREATE TABLE `COMPOSITE_ROLE` (
  `COMPOSITE` varchar(36) CHARACTER SET utf8mb4 COLLATE utf8mb4_unicode_ci NOT NULL,
  `CHILD_ROLE` varchar(36) CHARACTER SET utf8mb4 COLLATE utf8mb4_unicode_ci NOT NULL,
  PRIMARY KEY (`COMPOSITE`,`CHILD_ROLE`),
  KEY `IDX_COMPOSITE` (`COMPOSITE`),
  KEY `IDX_COMPOSITE_CHILD` (`CHILD_ROLE`),
  CONSTRAINT `FK_A63WVEKFTU8JO1PNJ81E7MCE2` FOREIGN KEY (`COMPOSITE`) REFERENCES `KEYCLOAK_ROLE` (`ID`),
  CONSTRAINT `FK_GR7THLLB9LU8Q4VQA4524JJY8` FOREIGN KEY (`CHILD_ROLE`) REFERENCES `KEYCLOAK_ROLE` (`ID`)
) ENGINE=InnoDB DEFAULT CHARSET=utf8mb4 COLLATE=utf8mb4_unicode_ci;
/*!40101 SET character_set_client = @saved_cs_client */;

--
-- Dumping data for table `COMPOSITE_ROLE`
--

LOCK TABLES `COMPOSITE_ROLE` WRITE;
/*!40000 ALTER TABLE `COMPOSITE_ROLE` DISABLE KEYS */;
INSERT INTO `COMPOSITE_ROLE` (`COMPOSITE`, `CHILD_ROLE`) VALUES ('00dfe37a-8f27-44fa-aa9d-c1c6b2f589aa','a8537ff6-939f-4ca2-8cc9-889f90643230');
INSERT INTO `COMPOSITE_ROLE` (`COMPOSITE`, `CHILD_ROLE`) VALUES ('19da9bed-6179-4a16-9d77-9ba68bc83f7b','9c46b895-17f4-4225-98a2-23844171e366');
INSERT INTO `COMPOSITE_ROLE` (`COMPOSITE`, `CHILD_ROLE`) VALUES ('21e0f48a-9255-43e8-be19-77fa1b08b739','252e6c84-de9d-4d75-a1ac-1a4e40258ee2');
INSERT INTO `COMPOSITE_ROLE` (`COMPOSITE`, `CHILD_ROLE`) VALUES ('315f8e38-b9fd-4dd3-af5c-7b854f015b7c','2d6e4219-4f6b-4b31-953a-714ea871cb74');
INSERT INTO `COMPOSITE_ROLE` (`COMPOSITE`, `CHILD_ROLE`) VALUES ('315f8e38-b9fd-4dd3-af5c-7b854f015b7c','5ab8a052-727c-4a95-aea3-ef2d839a9aaa');
INSERT INTO `COMPOSITE_ROLE` (`COMPOSITE`, `CHILD_ROLE`) VALUES ('315f8e38-b9fd-4dd3-af5c-7b854f015b7c','611452d9-6f94-48c3-bb28-c0d223210662');
INSERT INTO `COMPOSITE_ROLE` (`COMPOSITE`, `CHILD_ROLE`) VALUES ('315f8e38-b9fd-4dd3-af5c-7b854f015b7c','73cbcb19-1d4f-40ac-9893-ff92602097f2');
INSERT INTO `COMPOSITE_ROLE` (`COMPOSITE`, `CHILD_ROLE`) VALUES ('315f8e38-b9fd-4dd3-af5c-7b854f015b7c','a5bd5378-78c3-463d-bfff-e65c41a4cd52');
INSERT INTO `COMPOSITE_ROLE` (`COMPOSITE`, `CHILD_ROLE`) VALUES ('315f8e38-b9fd-4dd3-af5c-7b854f015b7c','aaaaa0ce-64dd-47f5-8e4b-539ada51b421');
INSERT INTO `COMPOSITE_ROLE` (`COMPOSITE`, `CHILD_ROLE`) VALUES ('315f8e38-b9fd-4dd3-af5c-7b854f015b7c','ab9995db-5bb7-4808-aec8-3077bb40dbd9');
INSERT INTO `COMPOSITE_ROLE` (`COMPOSITE`, `CHILD_ROLE`) VALUES ('315f8e38-b9fd-4dd3-af5c-7b854f015b7c','ae205fb2-4c0b-4fc1-9877-4ad94b6e826e');
INSERT INTO `COMPOSITE_ROLE` (`COMPOSITE`, `CHILD_ROLE`) VALUES ('315f8e38-b9fd-4dd3-af5c-7b854f015b7c','aedb6b8b-4a3e-4f0d-b973-5f69da58e256');
INSERT INTO `COMPOSITE_ROLE` (`COMPOSITE`, `CHILD_ROLE`) VALUES ('315f8e38-b9fd-4dd3-af5c-7b854f015b7c','afbfeb2c-b43b-4b77-93e7-1bc28920b2d1');
INSERT INTO `COMPOSITE_ROLE` (`COMPOSITE`, `CHILD_ROLE`) VALUES ('315f8e38-b9fd-4dd3-af5c-7b854f015b7c','c5318282-409e-4768-9e60-f821256abff5');
INSERT INTO `COMPOSITE_ROLE` (`COMPOSITE`, `CHILD_ROLE`) VALUES ('315f8e38-b9fd-4dd3-af5c-7b854f015b7c','c7b53edd-677f-49f6-9c61-d738d1b0429a');
INSERT INTO `COMPOSITE_ROLE` (`COMPOSITE`, `CHILD_ROLE`) VALUES ('315f8e38-b9fd-4dd3-af5c-7b854f015b7c','d1601e00-6b75-4fa5-9021-e14b1c75f700');
INSERT INTO `COMPOSITE_ROLE` (`COMPOSITE`, `CHILD_ROLE`) VALUES ('315f8e38-b9fd-4dd3-af5c-7b854f015b7c','d456a997-1cad-470c-b1d4-a2e3124aeed3');
INSERT INTO `COMPOSITE_ROLE` (`COMPOSITE`, `CHILD_ROLE`) VALUES ('315f8e38-b9fd-4dd3-af5c-7b854f015b7c','e333cb87-8db3-4b60-8c55-e732c8ec8496');
INSERT INTO `COMPOSITE_ROLE` (`COMPOSITE`, `CHILD_ROLE`) VALUES ('315f8e38-b9fd-4dd3-af5c-7b854f015b7c','e4874de0-6a34-4977-819b-c645490086ba');
INSERT INTO `COMPOSITE_ROLE` (`COMPOSITE`, `CHILD_ROLE`) VALUES ('315f8e38-b9fd-4dd3-af5c-7b854f015b7c','ebdb82db-aa62-4eb1-a31c-f877f5f386f9');
INSERT INTO `COMPOSITE_ROLE` (`COMPOSITE`, `CHILD_ROLE`) VALUES ('315f8e38-b9fd-4dd3-af5c-7b854f015b7c','ed79d518-9471-4a9f-9ed5-d8baa34c0028');
INSERT INTO `COMPOSITE_ROLE` (`COMPOSITE`, `CHILD_ROLE`) VALUES ('50ff6aee-ef76-4797-b7b5-ad43464a520d','f32c16cf-ec2b-4601-9f06-9cd7fbd6ce3a');
INSERT INTO `COMPOSITE_ROLE` (`COMPOSITE`, `CHILD_ROLE`) VALUES ('6433db14-f19a-4ecd-874e-e035db735427','6dfd4cfe-4592-43f7-8d0e-5829b4d8a7b6');
INSERT INTO `COMPOSITE_ROLE` (`COMPOSITE`, `CHILD_ROLE`) VALUES ('6aeeaabc-5e8e-4727-a6f3-5f9d45340672','0369aec8-45df-4691-ac9e-d85f6d842df1');
INSERT INTO `COMPOSITE_ROLE` (`COMPOSITE`, `CHILD_ROLE`) VALUES ('6aeeaabc-5e8e-4727-a6f3-5f9d45340672','14bc1122-4929-4ed1-a674-a6e18355070b');
INSERT INTO `COMPOSITE_ROLE` (`COMPOSITE`, `CHILD_ROLE`) VALUES ('6aeeaabc-5e8e-4727-a6f3-5f9d45340672','19da9bed-6179-4a16-9d77-9ba68bc83f7b');
INSERT INTO `COMPOSITE_ROLE` (`COMPOSITE`, `CHILD_ROLE`) VALUES ('6aeeaabc-5e8e-4727-a6f3-5f9d45340672','1a9c0ebd-8782-4c3e-a195-20a9888ced89');
INSERT INTO `COMPOSITE_ROLE` (`COMPOSITE`, `CHILD_ROLE`) VALUES ('6aeeaabc-5e8e-4727-a6f3-5f9d45340672','1bf02fa1-c6cd-465d-8f0d-381cf3d7574c');
INSERT INTO `COMPOSITE_ROLE` (`COMPOSITE`, `CHILD_ROLE`) VALUES ('6aeeaabc-5e8e-4727-a6f3-5f9d45340672','2a5bae29-78c2-4e45-8ec0-93486dbbe532');
INSERT INTO `COMPOSITE_ROLE` (`COMPOSITE`, `CHILD_ROLE`) VALUES ('6aeeaabc-5e8e-4727-a6f3-5f9d45340672','2e156669-0a0e-4b89-b1ac-a8afd9413e85');
INSERT INTO `COMPOSITE_ROLE` (`COMPOSITE`, `CHILD_ROLE`) VALUES ('6aeeaabc-5e8e-4727-a6f3-5f9d45340672','340e700b-e6fb-43e1-800d-d4adde566ee6');
INSERT INTO `COMPOSITE_ROLE` (`COMPOSITE`, `CHILD_ROLE`) VALUES ('6aeeaabc-5e8e-4727-a6f3-5f9d45340672','3b271756-3139-4984-89fe-3f59a4cc6edf');
INSERT INTO `COMPOSITE_ROLE` (`COMPOSITE`, `CHILD_ROLE`) VALUES ('6aeeaabc-5e8e-4727-a6f3-5f9d45340672','53911d05-bdcc-488e-a9fd-7ac7a2282b32');
INSERT INTO `COMPOSITE_ROLE` (`COMPOSITE`, `CHILD_ROLE`) VALUES ('6aeeaabc-5e8e-4727-a6f3-5f9d45340672','5f32140a-03d6-4802-88bb-a9751a0765b7');
INSERT INTO `COMPOSITE_ROLE` (`COMPOSITE`, `CHILD_ROLE`) VALUES ('6aeeaabc-5e8e-4727-a6f3-5f9d45340672','6a925419-8d41-4b14-8d5f-241d591d4571');
INSERT INTO `COMPOSITE_ROLE` (`COMPOSITE`, `CHILD_ROLE`) VALUES ('6aeeaabc-5e8e-4727-a6f3-5f9d45340672','70a2beb0-a57c-4ddc-bd71-11d21ab9e3a9');
INSERT INTO `COMPOSITE_ROLE` (`COMPOSITE`, `CHILD_ROLE`) VALUES ('6aeeaabc-5e8e-4727-a6f3-5f9d45340672','74661862-e9ba-4171-aade-c3060de04827');
INSERT INTO `COMPOSITE_ROLE` (`COMPOSITE`, `CHILD_ROLE`) VALUES ('6aeeaabc-5e8e-4727-a6f3-5f9d45340672','79a520b6-26a9-4bad-84b2-b17c88332ca0');
INSERT INTO `COMPOSITE_ROLE` (`COMPOSITE`, `CHILD_ROLE`) VALUES ('6aeeaabc-5e8e-4727-a6f3-5f9d45340672','805bffad-b712-4af6-9869-7f122f6c7d33');
INSERT INTO `COMPOSITE_ROLE` (`COMPOSITE`, `CHILD_ROLE`) VALUES ('6aeeaabc-5e8e-4727-a6f3-5f9d45340672','80e7461d-9a17-4ebe-9ea0-ae29b1030050');
INSERT INTO `COMPOSITE_ROLE` (`COMPOSITE`, `CHILD_ROLE`) VALUES ('6aeeaabc-5e8e-4727-a6f3-5f9d45340672','826d0637-4c7a-471f-8896-9edd5adc886c');
INSERT INTO `COMPOSITE_ROLE` (`COMPOSITE`, `CHILD_ROLE`) VALUES ('6aeeaabc-5e8e-4727-a6f3-5f9d45340672','84a785e0-fccd-4aea-a3dc-58bfdb2edced');
INSERT INTO `COMPOSITE_ROLE` (`COMPOSITE`, `CHILD_ROLE`) VALUES ('6aeeaabc-5e8e-4727-a6f3-5f9d45340672','87460607-7b50-405d-b610-0019b7deb69b');
INSERT INTO `COMPOSITE_ROLE` (`COMPOSITE`, `CHILD_ROLE`) VALUES ('6aeeaabc-5e8e-4727-a6f3-5f9d45340672','8fcf6896-32c0-411f-b012-01297d661dc5');
INSERT INTO `COMPOSITE_ROLE` (`COMPOSITE`, `CHILD_ROLE`) VALUES ('6aeeaabc-5e8e-4727-a6f3-5f9d45340672','95c69bc9-26d7-432c-bd9f-758d137ad17e');
INSERT INTO `COMPOSITE_ROLE` (`COMPOSITE`, `CHILD_ROLE`) VALUES ('6aeeaabc-5e8e-4727-a6f3-5f9d45340672','9c46b895-17f4-4225-98a2-23844171e366');
INSERT INTO `COMPOSITE_ROLE` (`COMPOSITE`, `CHILD_ROLE`) VALUES ('6aeeaabc-5e8e-4727-a6f3-5f9d45340672','9e46d5a0-7b26-479e-81b7-b7f61efeaac7');
INSERT INTO `COMPOSITE_ROLE` (`COMPOSITE`, `CHILD_ROLE`) VALUES ('6aeeaabc-5e8e-4727-a6f3-5f9d45340672','a878465d-8d0a-4ea4-af4c-200c5ae1b280');
INSERT INTO `COMPOSITE_ROLE` (`COMPOSITE`, `CHILD_ROLE`) VALUES ('6aeeaabc-5e8e-4727-a6f3-5f9d45340672','abda513c-46e5-4f19-aa46-8281459ec4bc');
INSERT INTO `COMPOSITE_ROLE` (`COMPOSITE`, `CHILD_ROLE`) VALUES ('6aeeaabc-5e8e-4727-a6f3-5f9d45340672','b145c4fd-13b2-4dc0-972e-57955b60d5a6');
INSERT INTO `COMPOSITE_ROLE` (`COMPOSITE`, `CHILD_ROLE`) VALUES ('6aeeaabc-5e8e-4727-a6f3-5f9d45340672','b16eeed6-aec1-4e19-86a9-48a4a8942bda');
INSERT INTO `COMPOSITE_ROLE` (`COMPOSITE`, `CHILD_ROLE`) VALUES ('6aeeaabc-5e8e-4727-a6f3-5f9d45340672','b391cf5a-dd58-44b2-bf14-7f430e71e5e7');
INSERT INTO `COMPOSITE_ROLE` (`COMPOSITE`, `CHILD_ROLE`) VALUES ('6aeeaabc-5e8e-4727-a6f3-5f9d45340672','b620285f-7baf-441c-b946-e0ba1fcc64a4');
INSERT INTO `COMPOSITE_ROLE` (`COMPOSITE`, `CHILD_ROLE`) VALUES ('6aeeaabc-5e8e-4727-a6f3-5f9d45340672','c310e938-205a-4569-a4e5-be3ad3536514');
INSERT INTO `COMPOSITE_ROLE` (`COMPOSITE`, `CHILD_ROLE`) VALUES ('6aeeaabc-5e8e-4727-a6f3-5f9d45340672','d1a2e666-af66-4aa5-b7da-b64492de093a');
INSERT INTO `COMPOSITE_ROLE` (`COMPOSITE`, `CHILD_ROLE`) VALUES ('6aeeaabc-5e8e-4727-a6f3-5f9d45340672','e654b8ec-eb87-4196-adf9-3efd693df62b');
INSERT INTO `COMPOSITE_ROLE` (`COMPOSITE`, `CHILD_ROLE`) VALUES ('6aeeaabc-5e8e-4727-a6f3-5f9d45340672','f4848eca-89b2-4635-87fc-f25e573b60ef');
INSERT INTO `COMPOSITE_ROLE` (`COMPOSITE`, `CHILD_ROLE`) VALUES ('6aeeaabc-5e8e-4727-a6f3-5f9d45340672','f6c8025a-4e4a-4e72-8692-12215db19ca7');
INSERT INTO `COMPOSITE_ROLE` (`COMPOSITE`, `CHILD_ROLE`) VALUES ('6aeeaabc-5e8e-4727-a6f3-5f9d45340672','f97e4d91-96fb-46ff-ba27-d7fde45b1256');
INSERT INTO `COMPOSITE_ROLE` (`COMPOSITE`, `CHILD_ROLE`) VALUES ('6aeeaabc-5e8e-4727-a6f3-5f9d45340672','fb9d8e82-0a52-4d57-83b1-83e676201a47');
INSERT INTO `COMPOSITE_ROLE` (`COMPOSITE`, `CHILD_ROLE`) VALUES ('79a520b6-26a9-4bad-84b2-b17c88332ca0','b145c4fd-13b2-4dc0-972e-57955b60d5a6');
INSERT INTO `COMPOSITE_ROLE` (`COMPOSITE`, `CHILD_ROLE`) VALUES ('7bdf0230-a980-44b4-b14e-9c9359fe582e','21e0f48a-9255-43e8-be19-77fa1b08b739');
INSERT INTO `COMPOSITE_ROLE` (`COMPOSITE`, `CHILD_ROLE`) VALUES ('7bdf0230-a980-44b4-b14e-9c9359fe582e','8eab2513-2a95-4d4e-93c7-036abdb386d8');
INSERT INTO `COMPOSITE_ROLE` (`COMPOSITE`, `CHILD_ROLE`) VALUES ('7bdf0230-a980-44b4-b14e-9c9359fe582e','c24532b7-3777-431c-9df2-152e7ac2c885');
INSERT INTO `COMPOSITE_ROLE` (`COMPOSITE`, `CHILD_ROLE`) VALUES ('7bdf0230-a980-44b4-b14e-9c9359fe582e','e90024dd-fea1-4970-b02f-390c7c6e5b12');
INSERT INTO `COMPOSITE_ROLE` (`COMPOSITE`, `CHILD_ROLE`) VALUES ('95c69bc9-26d7-432c-bd9f-758d137ad17e','340e700b-e6fb-43e1-800d-d4adde566ee6');
INSERT INTO `COMPOSITE_ROLE` (`COMPOSITE`, `CHILD_ROLE`) VALUES ('95c69bc9-26d7-432c-bd9f-758d137ad17e','9e46d5a0-7b26-479e-81b7-b7f61efeaac7');
INSERT INTO `COMPOSITE_ROLE` (`COMPOSITE`, `CHILD_ROLE`) VALUES ('a5bd5378-78c3-463d-bfff-e65c41a4cd52','611452d9-6f94-48c3-bb28-c0d223210662');
INSERT INTO `COMPOSITE_ROLE` (`COMPOSITE`, `CHILD_ROLE`) VALUES ('a5bd5378-78c3-463d-bfff-e65c41a4cd52','e333cb87-8db3-4b60-8c55-e732c8ec8496');
INSERT INTO `COMPOSITE_ROLE` (`COMPOSITE`, `CHILD_ROLE`) VALUES ('a878465d-8d0a-4ea4-af4c-200c5ae1b280','805bffad-b712-4af6-9869-7f122f6c7d33');
INSERT INTO `COMPOSITE_ROLE` (`COMPOSITE`, `CHILD_ROLE`) VALUES ('a878465d-8d0a-4ea4-af4c-200c5ae1b280','fb9d8e82-0a52-4d57-83b1-83e676201a47');
INSERT INTO `COMPOSITE_ROLE` (`COMPOSITE`, `CHILD_ROLE`) VALUES ('e83825bd-5587-41cd-b14d-da6797a60ae4','00dfe37a-8f27-44fa-aa9d-c1c6b2f589aa');
INSERT INTO `COMPOSITE_ROLE` (`COMPOSITE`, `CHILD_ROLE`) VALUES ('e83825bd-5587-41cd-b14d-da6797a60ae4','286e281c-8bce-4346-8dd4-67fc3bef6727');
INSERT INTO `COMPOSITE_ROLE` (`COMPOSITE`, `CHILD_ROLE`) VALUES ('e83825bd-5587-41cd-b14d-da6797a60ae4','6f002f0c-111c-42d2-b34c-89d271301757');
INSERT INTO `COMPOSITE_ROLE` (`COMPOSITE`, `CHILD_ROLE`) VALUES ('e83825bd-5587-41cd-b14d-da6797a60ae4','f23409de-de73-4591-9876-77584c9c17f4');
INSERT INTO `COMPOSITE_ROLE` (`COMPOSITE`, `CHILD_ROLE`) VALUES ('ed79d518-9471-4a9f-9ed5-d8baa34c0028','c7b53edd-677f-49f6-9c61-d738d1b0429a');
/*!40000 ALTER TABLE `COMPOSITE_ROLE` ENABLE KEYS */;
UNLOCK TABLES;

--
-- Table structure for table `CREDENTIAL`
--

DROP TABLE IF EXISTS `CREDENTIAL`;
/*!40101 SET @saved_cs_client     = @@character_set_client */;
 SET character_set_client = utf8mb4 ;
CREATE TABLE `CREDENTIAL` (
  `ID` varchar(36) CHARACTER SET utf8mb4 COLLATE utf8mb4_unicode_ci NOT NULL,
  `SALT` tinyblob,
  `TYPE` varchar(255) CHARACTER SET utf8mb4 COLLATE utf8mb4_unicode_ci DEFAULT NULL,
  `USER_ID` varchar(36) CHARACTER SET utf8mb4 COLLATE utf8mb4_unicode_ci DEFAULT NULL,
  `CREATED_DATE` bigint DEFAULT NULL,
  `USER_LABEL` varchar(255) CHARACTER SET utf8mb4 COLLATE utf8mb4_unicode_ci DEFAULT NULL,
  `SECRET_DATA` longtext CHARACTER SET utf8mb4 COLLATE utf8mb4_unicode_ci,
  `CREDENTIAL_DATA` longtext CHARACTER SET utf8mb4 COLLATE utf8mb4_unicode_ci,
  `PRIORITY` int DEFAULT NULL,
  PRIMARY KEY (`ID`),
  KEY `IDX_USER_CREDENTIAL` (`USER_ID`),
  CONSTRAINT `FK_PFYR0GLASQYL0DEI3KL69R6V0` FOREIGN KEY (`USER_ID`) REFERENCES `USER_ENTITY` (`ID`)
) ENGINE=InnoDB DEFAULT CHARSET=utf8mb4 COLLATE=utf8mb4_unicode_ci;
/*!40101 SET character_set_client = @saved_cs_client */;

--
-- Dumping data for table `CREDENTIAL`
--

LOCK TABLES `CREDENTIAL` WRITE;
/*!40000 ALTER TABLE `CREDENTIAL` DISABLE KEYS */;
INSERT INTO `CREDENTIAL` (`ID`, `SALT`, `TYPE`, `USER_ID`, `CREATED_DATE`, `USER_LABEL`, `SECRET_DATA`, `CREDENTIAL_DATA`, `PRIORITY`) VALUES ('40713889-5403-4687-af14-836c6abf2eb4',NULL,'password','f9c4d268-71df-4866-a706-4e48795f49eb',1706539981536,NULL,'{\"value\":\"JAlrKSsEKQxWtLJBoITWhil0cW7GBA9MJU+6s+6/4v6bewaJ/0UcqaykP7id+u00x8E9XMnUeek7CUYl+Tewaw==\",\"salt\":\"ZH8K1VVebU+pb3dn6Bo/SQ==\",\"additionalParameters\":{}}','{\"hashIterations\":27500,\"algorithm\":\"pbkdf2-sha256\",\"additionalParameters\":{}}',10);
INSERT INTO `CREDENTIAL` (`ID`, `SALT`, `TYPE`, `USER_ID`, `CREATED_DATE`, `USER_LABEL`, `SECRET_DATA`, `CREDENTIAL_DATA`, `PRIORITY`) VALUES ('eb2d4757-8c1b-4c58-92e4-e648529e4ed1',NULL,'password','ea077498-0eb8-467f-ac40-9d69ed08d7e2',1706542572175,NULL,'{\"value\":\"a+HJJOxUgSkgfa6OAfIgPdxxkeQW4CpbfNPkromOztIUvhfgr1X3H24beULLxDokqz+3+DgvifM2ubdm25ElFg==\",\"salt\":\"9smwKXKbgoB2Hex14ODwiw==\",\"additionalParameters\":{}}','{\"hashIterations\":27500,\"algorithm\":\"pbkdf2-sha256\",\"additionalParameters\":{}}',10);
/*!40000 ALTER TABLE `CREDENTIAL` ENABLE KEYS */;
UNLOCK TABLES;

--
-- Table structure for table `DATABASECHANGELOG`
--

DROP TABLE IF EXISTS `DATABASECHANGELOG`;
/*!40101 SET @saved_cs_client     = @@character_set_client */;
 SET character_set_client = utf8mb4 ;
CREATE TABLE `DATABASECHANGELOG` (
  `ID` varchar(255) CHARACTER SET utf8mb4 COLLATE utf8mb4_unicode_ci NOT NULL,
  `AUTHOR` varchar(255) CHARACTER SET utf8mb4 COLLATE utf8mb4_unicode_ci NOT NULL,
  `FILENAME` varchar(255) CHARACTER SET utf8mb4 COLLATE utf8mb4_unicode_ci NOT NULL,
  `DATEEXECUTED` datetime NOT NULL,
  `ORDEREXECUTED` int NOT NULL,
  `EXECTYPE` varchar(10) CHARACTER SET utf8mb4 COLLATE utf8mb4_unicode_ci NOT NULL,
  `MD5SUM` varchar(35) CHARACTER SET utf8mb4 COLLATE utf8mb4_unicode_ci DEFAULT NULL,
  `DESCRIPTION` varchar(255) CHARACTER SET utf8mb4 COLLATE utf8mb4_unicode_ci DEFAULT NULL,
  `COMMENTS` varchar(255) CHARACTER SET utf8mb4 COLLATE utf8mb4_unicode_ci DEFAULT NULL,
  `TAG` varchar(255) CHARACTER SET utf8mb4 COLLATE utf8mb4_unicode_ci DEFAULT NULL,
  `LIQUIBASE` varchar(20) CHARACTER SET utf8mb4 COLLATE utf8mb4_unicode_ci DEFAULT NULL,
  `CONTEXTS` varchar(255) CHARACTER SET utf8mb4 COLLATE utf8mb4_unicode_ci DEFAULT NULL,
  `LABELS` varchar(255) CHARACTER SET utf8mb4 COLLATE utf8mb4_unicode_ci DEFAULT NULL,
  `DEPLOYMENT_ID` varchar(10) CHARACTER SET utf8mb4 COLLATE utf8mb4_unicode_ci DEFAULT NULL
) ENGINE=InnoDB DEFAULT CHARSET=utf8mb4 COLLATE=utf8mb4_unicode_ci;
/*!40101 SET character_set_client = @saved_cs_client */;

--
-- Dumping data for table `DATABASECHANGELOG`
--

LOCK TABLES `DATABASECHANGELOG` WRITE;
/*!40000 ALTER TABLE `DATABASECHANGELOG` DISABLE KEYS */;
INSERT INTO `DATABASECHANGELOG` (`ID`, `AUTHOR`, `FILENAME`, `DATEEXECUTED`, `ORDEREXECUTED`, `EXECTYPE`, `MD5SUM`, `DESCRIPTION`, `COMMENTS`, `TAG`, `LIQUIBASE`, `CONTEXTS`, `LABELS`, `DEPLOYMENT_ID`) VALUES ('1.0.0.Final-KEYCLOAK-5461','sthorger@redhat.com','META-INF/jpa-changelog-1.0.0.Final.xml','2024-01-29 14:52:50',1,'EXECUTED','8:bda77d94bf90182a1e30c24f1c155ec7','createTable tableName=APPLICATION_DEFAULT_ROLES; createTable tableName=CLIENT; createTable tableName=CLIENT_SESSION; createTable tableName=CLIENT_SESSION_ROLE; createTable tableName=COMPOSITE_ROLE; createTable tableName=CREDENTIAL; createTable tab...','',NULL,'4.8.0',NULL,NULL,'6539969377');
INSERT INTO `DATABASECHANGELOG` (`ID`, `AUTHOR`, `FILENAME`, `DATEEXECUTED`, `ORDEREXECUTED`, `EXECTYPE`, `MD5SUM`, `DESCRIPTION`, `COMMENTS`, `TAG`, `LIQUIBASE`, `CONTEXTS`, `LABELS`, `DEPLOYMENT_ID`) VALUES ('1.0.0.Final-KEYCLOAK-5461','sthorger@redhat.com','META-INF/db2-jpa-changelog-1.0.0.Final.xml','2024-01-29 14:52:50',2,'MARK_RAN','8:1ecb330f30986693d1cba9ab579fa219','createTable tableName=APPLICATION_DEFAULT_ROLES; createTable tableName=CLIENT; createTable tableName=CLIENT_SESSION; createTable tableName=CLIENT_SESSION_ROLE; createTable tableName=COMPOSITE_ROLE; createTable tableName=CREDENTIAL; createTable tab...','',NULL,'4.8.0',NULL,NULL,'6539969377');
INSERT INTO `DATABASECHANGELOG` (`ID`, `AUTHOR`, `FILENAME`, `DATEEXECUTED`, `ORDEREXECUTED`, `EXECTYPE`, `MD5SUM`, `DESCRIPTION`, `COMMENTS`, `TAG`, `LIQUIBASE`, `CONTEXTS`, `LABELS`, `DEPLOYMENT_ID`) VALUES ('1.1.0.Beta1','sthorger@redhat.com','META-INF/jpa-changelog-1.1.0.Beta1.xml','2024-01-29 14:52:50',3,'EXECUTED','8:cb7ace19bc6d959f305605d255d4c843','delete tableName=CLIENT_SESSION_ROLE; delete tableName=CLIENT_SESSION; delete tableName=USER_SESSION; createTable tableName=CLIENT_ATTRIBUTES; createTable tableName=CLIENT_SESSION_NOTE; createTable tableName=APP_NODE_REGISTRATIONS; addColumn table...','',NULL,'4.8.0',NULL,NULL,'6539969377');
INSERT INTO `DATABASECHANGELOG` (`ID`, `AUTHOR`, `FILENAME`, `DATEEXECUTED`, `ORDEREXECUTED`, `EXECTYPE`, `MD5SUM`, `DESCRIPTION`, `COMMENTS`, `TAG`, `LIQUIBASE`, `CONTEXTS`, `LABELS`, `DEPLOYMENT_ID`) VALUES ('1.1.0.Final','sthorger@redhat.com','META-INF/jpa-changelog-1.1.0.Final.xml','2024-01-29 14:52:50',4,'EXECUTED','8:80230013e961310e6872e871be424a63','renameColumn newColumnName=EVENT_TIME, oldColumnName=TIME, tableName=EVENT_ENTITY','',NULL,'4.8.0',NULL,NULL,'6539969377');
INSERT INTO `DATABASECHANGELOG` (`ID`, `AUTHOR`, `FILENAME`, `DATEEXECUTED`, `ORDEREXECUTED`, `EXECTYPE`, `MD5SUM`, `DESCRIPTION`, `COMMENTS`, `TAG`, `LIQUIBASE`, `CONTEXTS`, `LABELS`, `DEPLOYMENT_ID`) VALUES ('1.2.0.Beta1','psilva@redhat.com','META-INF/jpa-changelog-1.2.0.Beta1.xml','2024-01-29 14:52:51',5,'EXECUTED','8:67f4c20929126adc0c8e9bf48279d244','delete tableName=CLIENT_SESSION_ROLE; delete tableName=CLIENT_SESSION_NOTE; delete tableName=CLIENT_SESSION; delete tableName=USER_SESSION; createTable tableName=PROTOCOL_MAPPER; createTable tableName=PROTOCOL_MAPPER_CONFIG; createTable tableName=...','',NULL,'4.8.0',NULL,NULL,'6539969377');
INSERT INTO `DATABASECHANGELOG` (`ID`, `AUTHOR`, `FILENAME`, `DATEEXECUTED`, `ORDEREXECUTED`, `EXECTYPE`, `MD5SUM`, `DESCRIPTION`, `COMMENTS`, `TAG`, `LIQUIBASE`, `CONTEXTS`, `LABELS`, `DEPLOYMENT_ID`) VALUES ('1.2.0.Beta1','psilva@redhat.com','META-INF/db2-jpa-changelog-1.2.0.Beta1.xml','2024-01-29 14:52:51',6,'MARK_RAN','8:7311018b0b8179ce14628ab412bb6783','delete tableName=CLIENT_SESSION_ROLE; delete tableName=CLIENT_SESSION_NOTE; delete tableName=CLIENT_SESSION; delete tableName=USER_SESSION; createTable tableName=PROTOCOL_MAPPER; createTable tableName=PROTOCOL_MAPPER_CONFIG; createTable tableName=...','',NULL,'4.8.0',NULL,NULL,'6539969377');
INSERT INTO `DATABASECHANGELOG` (`ID`, `AUTHOR`, `FILENAME`, `DATEEXECUTED`, `ORDEREXECUTED`, `EXECTYPE`, `MD5SUM`, `DESCRIPTION`, `COMMENTS`, `TAG`, `LIQUIBASE`, `CONTEXTS`, `LABELS`, `DEPLOYMENT_ID`) VALUES ('1.2.0.RC1','bburke@redhat.com','META-INF/jpa-changelog-1.2.0.CR1.xml','2024-01-29 14:52:52',7,'EXECUTED','8:037ba1216c3640f8785ee6b8e7c8e3c1','delete tableName=CLIENT_SESSION_ROLE; delete tableName=CLIENT_SESSION_NOTE; delete tableName=CLIENT_SESSION; delete tableName=USER_SESSION_NOTE; delete tableName=USER_SESSION; createTable tableName=MIGRATION_MODEL; createTable tableName=IDENTITY_P...','',NULL,'4.8.0',NULL,NULL,'6539969377');
INSERT INTO `DATABASECHANGELOG` (`ID`, `AUTHOR`, `FILENAME`, `DATEEXECUTED`, `ORDEREXECUTED`, `EXECTYPE`, `MD5SUM`, `DESCRIPTION`, `COMMENTS`, `TAG`, `LIQUIBASE`, `CONTEXTS`, `LABELS`, `DEPLOYMENT_ID`) VALUES ('1.2.0.RC1','bburke@redhat.com','META-INF/db2-jpa-changelog-1.2.0.CR1.xml','2024-01-29 14:52:52',8,'MARK_RAN','8:7fe6ffe4af4df289b3157de32c624263','delete tableName=CLIENT_SESSION_ROLE; delete tableName=CLIENT_SESSION_NOTE; delete tableName=CLIENT_SESSION; delete tableName=USER_SESSION_NOTE; delete tableName=USER_SESSION; createTable tableName=MIGRATION_MODEL; createTable tableName=IDENTITY_P...','',NULL,'4.8.0',NULL,NULL,'6539969377');
INSERT INTO `DATABASECHANGELOG` (`ID`, `AUTHOR`, `FILENAME`, `DATEEXECUTED`, `ORDEREXECUTED`, `EXECTYPE`, `MD5SUM`, `DESCRIPTION`, `COMMENTS`, `TAG`, `LIQUIBASE`, `CONTEXTS`, `LABELS`, `DEPLOYMENT_ID`) VALUES ('1.2.0.Final','keycloak','META-INF/jpa-changelog-1.2.0.Final.xml','2024-01-29 14:52:52',9,'EXECUTED','8:9c136bc3187083a98745c7d03bc8a303','update tableName=CLIENT; update tableName=CLIENT; update tableName=CLIENT','',NULL,'4.8.0',NULL,NULL,'6539969377');
INSERT INTO `DATABASECHANGELOG` (`ID`, `AUTHOR`, `FILENAME`, `DATEEXECUTED`, `ORDEREXECUTED`, `EXECTYPE`, `MD5SUM`, `DESCRIPTION`, `COMMENTS`, `TAG`, `LIQUIBASE`, `CONTEXTS`, `LABELS`, `DEPLOYMENT_ID`) VALUES ('1.3.0','bburke@redhat.com','META-INF/jpa-changelog-1.3.0.xml','2024-01-29 14:52:52',10,'EXECUTED','8:b5f09474dca81fb56a97cf5b6553d331','delete tableName=CLIENT_SESSION_ROLE; delete tableName=CLIENT_SESSION_PROT_MAPPER; delete tableName=CLIENT_SESSION_NOTE; delete tableName=CLIENT_SESSION; delete tableName=USER_SESSION_NOTE; delete tableName=USER_SESSION; createTable tableName=ADMI...','',NULL,'4.8.0',NULL,NULL,'6539969377');
INSERT INTO `DATABASECHANGELOG` (`ID`, `AUTHOR`, `FILENAME`, `DATEEXECUTED`, `ORDEREXECUTED`, `EXECTYPE`, `MD5SUM`, `DESCRIPTION`, `COMMENTS`, `TAG`, `LIQUIBASE`, `CONTEXTS`, `LABELS`, `DEPLOYMENT_ID`) VALUES ('1.4.0','bburke@redhat.com','META-INF/jpa-changelog-1.4.0.xml','2024-01-29 14:52:52',11,'EXECUTED','8:ca924f31bd2a3b219fdcfe78c82dacf4','delete tableName=CLIENT_SESSION_AUTH_STATUS; delete tableName=CLIENT_SESSION_ROLE; delete tableName=CLIENT_SESSION_PROT_MAPPER; delete tableName=CLIENT_SESSION_NOTE; delete tableName=CLIENT_SESSION; delete tableName=USER_SESSION_NOTE; delete table...','',NULL,'4.8.0',NULL,NULL,'6539969377');
INSERT INTO `DATABASECHANGELOG` (`ID`, `AUTHOR`, `FILENAME`, `DATEEXECUTED`, `ORDEREXECUTED`, `EXECTYPE`, `MD5SUM`, `DESCRIPTION`, `COMMENTS`, `TAG`, `LIQUIBASE`, `CONTEXTS`, `LABELS`, `DEPLOYMENT_ID`) VALUES ('1.4.0','bburke@redhat.com','META-INF/db2-jpa-changelog-1.4.0.xml','2024-01-29 14:52:52',12,'MARK_RAN','8:8acad7483e106416bcfa6f3b824a16cd','delete tableName=CLIENT_SESSION_AUTH_STATUS; delete tableName=CLIENT_SESSION_ROLE; delete tableName=CLIENT_SESSION_PROT_MAPPER; delete tableName=CLIENT_SESSION_NOTE; delete tableName=CLIENT_SESSION; delete tableName=USER_SESSION_NOTE; delete table...','',NULL,'4.8.0',NULL,NULL,'6539969377');
INSERT INTO `DATABASECHANGELOG` (`ID`, `AUTHOR`, `FILENAME`, `DATEEXECUTED`, `ORDEREXECUTED`, `EXECTYPE`, `MD5SUM`, `DESCRIPTION`, `COMMENTS`, `TAG`, `LIQUIBASE`, `CONTEXTS`, `LABELS`, `DEPLOYMENT_ID`) VALUES ('1.5.0','bburke@redhat.com','META-INF/jpa-changelog-1.5.0.xml','2024-01-29 14:52:52',13,'EXECUTED','8:9b1266d17f4f87c78226f5055408fd5e','delete tableName=CLIENT_SESSION_AUTH_STATUS; delete tableName=CLIENT_SESSION_ROLE; delete tableName=CLIENT_SESSION_PROT_MAPPER; delete tableName=CLIENT_SESSION_NOTE; delete tableName=CLIENT_SESSION; delete tableName=USER_SESSION_NOTE; delete table...','',NULL,'4.8.0',NULL,NULL,'6539969377');
INSERT INTO `DATABASECHANGELOG` (`ID`, `AUTHOR`, `FILENAME`, `DATEEXECUTED`, `ORDEREXECUTED`, `EXECTYPE`, `MD5SUM`, `DESCRIPTION`, `COMMENTS`, `TAG`, `LIQUIBASE`, `CONTEXTS`, `LABELS`, `DEPLOYMENT_ID`) VALUES ('1.6.1_from15','mposolda@redhat.com','META-INF/jpa-changelog-1.6.1.xml','2024-01-29 14:52:53',14,'EXECUTED','8:d80ec4ab6dbfe573550ff72396c7e910','addColumn tableName=REALM; addColumn tableName=KEYCLOAK_ROLE; addColumn tableName=CLIENT; createTable tableName=OFFLINE_USER_SESSION; createTable tableName=OFFLINE_CLIENT_SESSION; addPrimaryKey constraintName=CONSTRAINT_OFFL_US_SES_PK2, tableName=...','',NULL,'4.8.0',NULL,NULL,'6539969377');
INSERT INTO `DATABASECHANGELOG` (`ID`, `AUTHOR`, `FILENAME`, `DATEEXECUTED`, `ORDEREXECUTED`, `EXECTYPE`, `MD5SUM`, `DESCRIPTION`, `COMMENTS`, `TAG`, `LIQUIBASE`, `CONTEXTS`, `LABELS`, `DEPLOYMENT_ID`) VALUES ('1.6.1_from16-pre','mposolda@redhat.com','META-INF/jpa-changelog-1.6.1.xml','2024-01-29 14:52:53',15,'MARK_RAN','8:d86eb172171e7c20b9c849b584d147b2','delete tableName=OFFLINE_CLIENT_SESSION; delete tableName=OFFLINE_USER_SESSION','',NULL,'4.8.0',NULL,NULL,'6539969377');
INSERT INTO `DATABASECHANGELOG` (`ID`, `AUTHOR`, `FILENAME`, `DATEEXECUTED`, `ORDEREXECUTED`, `EXECTYPE`, `MD5SUM`, `DESCRIPTION`, `COMMENTS`, `TAG`, `LIQUIBASE`, `CONTEXTS`, `LABELS`, `DEPLOYMENT_ID`) VALUES ('1.6.1_from16','mposolda@redhat.com','META-INF/jpa-changelog-1.6.1.xml','2024-01-29 14:52:53',16,'MARK_RAN','8:5735f46f0fa60689deb0ecdc2a0dea22','dropPrimaryKey constraintName=CONSTRAINT_OFFLINE_US_SES_PK, tableName=OFFLINE_USER_SESSION; dropPrimaryKey constraintName=CONSTRAINT_OFFLINE_CL_SES_PK, tableName=OFFLINE_CLIENT_SESSION; addColumn tableName=OFFLINE_USER_SESSION; update tableName=OF...','',NULL,'4.8.0',NULL,NULL,'6539969377');
INSERT INTO `DATABASECHANGELOG` (`ID`, `AUTHOR`, `FILENAME`, `DATEEXECUTED`, `ORDEREXECUTED`, `EXECTYPE`, `MD5SUM`, `DESCRIPTION`, `COMMENTS`, `TAG`, `LIQUIBASE`, `CONTEXTS`, `LABELS`, `DEPLOYMENT_ID`) VALUES ('1.6.1','mposolda@redhat.com','META-INF/jpa-changelog-1.6.1.xml','2024-01-29 14:52:53',17,'EXECUTED','8:d41d8cd98f00b204e9800998ecf8427e','empty','',NULL,'4.8.0',NULL,NULL,'6539969377');
INSERT INTO `DATABASECHANGELOG` (`ID`, `AUTHOR`, `FILENAME`, `DATEEXECUTED`, `ORDEREXECUTED`, `EXECTYPE`, `MD5SUM`, `DESCRIPTION`, `COMMENTS`, `TAG`, `LIQUIBASE`, `CONTEXTS`, `LABELS`, `DEPLOYMENT_ID`) VALUES ('1.7.0','bburke@redhat.com','META-INF/jpa-changelog-1.7.0.xml','2024-01-29 14:52:53',18,'EXECUTED','8:5c1a8fd2014ac7fc43b90a700f117b23','createTable tableName=KEYCLOAK_GROUP; createTable tableName=GROUP_ROLE_MAPPING; createTable tableName=GROUP_ATTRIBUTE; createTable tableName=USER_GROUP_MEMBERSHIP; createTable tableName=REALM_DEFAULT_GROUPS; addColumn tableName=IDENTITY_PROVIDER; ...','',NULL,'4.8.0',NULL,NULL,'6539969377');
INSERT INTO `DATABASECHANGELOG` (`ID`, `AUTHOR`, `FILENAME`, `DATEEXECUTED`, `ORDEREXECUTED`, `EXECTYPE`, `MD5SUM`, `DESCRIPTION`, `COMMENTS`, `TAG`, `LIQUIBASE`, `CONTEXTS`, `LABELS`, `DEPLOYMENT_ID`) VALUES ('1.8.0','mposolda@redhat.com','META-INF/jpa-changelog-1.8.0.xml','2024-01-29 14:52:53',19,'EXECUTED','8:1f6c2c2dfc362aff4ed75b3f0ef6b331','addColumn tableName=IDENTITY_PROVIDER; createTable tableName=CLIENT_TEMPLATE; createTable tableName=CLIENT_TEMPLATE_ATTRIBUTES; createTable tableName=TEMPLATE_SCOPE_MAPPING; dropNotNullConstraint columnName=CLIENT_ID, tableName=PROTOCOL_MAPPER; ad...','',NULL,'4.8.0',NULL,NULL,'6539969377');
INSERT INTO `DATABASECHANGELOG` (`ID`, `AUTHOR`, `FILENAME`, `DATEEXECUTED`, `ORDEREXECUTED`, `EXECTYPE`, `MD5SUM`, `DESCRIPTION`, `COMMENTS`, `TAG`, `LIQUIBASE`, `CONTEXTS`, `LABELS`, `DEPLOYMENT_ID`) VALUES ('1.8.0-2','keycloak','META-INF/jpa-changelog-1.8.0.xml','2024-01-29 14:52:53',20,'EXECUTED','8:dee9246280915712591f83a127665107','dropDefaultValue columnName=ALGORITHM, tableName=CREDENTIAL; update tableName=CREDENTIAL','',NULL,'4.8.0',NULL,NULL,'6539969377');
INSERT INTO `DATABASECHANGELOG` (`ID`, `AUTHOR`, `FILENAME`, `DATEEXECUTED`, `ORDEREXECUTED`, `EXECTYPE`, `MD5SUM`, `DESCRIPTION`, `COMMENTS`, `TAG`, `LIQUIBASE`, `CONTEXTS`, `LABELS`, `DEPLOYMENT_ID`) VALUES ('1.8.0','mposolda@redhat.com','META-INF/db2-jpa-changelog-1.8.0.xml','2024-01-29 14:52:53',21,'MARK_RAN','8:9eb2ee1fa8ad1c5e426421a6f8fdfa6a','addColumn tableName=IDENTITY_PROVIDER; createTable tableName=CLIENT_TEMPLATE; createTable tableName=CLIENT_TEMPLATE_ATTRIBUTES; createTable tableName=TEMPLATE_SCOPE_MAPPING; dropNotNullConstraint columnName=CLIENT_ID, tableName=PROTOCOL_MAPPER; ad...','',NULL,'4.8.0',NULL,NULL,'6539969377');
INSERT INTO `DATABASECHANGELOG` (`ID`, `AUTHOR`, `FILENAME`, `DATEEXECUTED`, `ORDEREXECUTED`, `EXECTYPE`, `MD5SUM`, `DESCRIPTION`, `COMMENTS`, `TAG`, `LIQUIBASE`, `CONTEXTS`, `LABELS`, `DEPLOYMENT_ID`) VALUES ('1.8.0-2','keycloak','META-INF/db2-jpa-changelog-1.8.0.xml','2024-01-29 14:52:53',22,'MARK_RAN','8:dee9246280915712591f83a127665107','dropDefaultValue columnName=ALGORITHM, tableName=CREDENTIAL; update tableName=CREDENTIAL','',NULL,'4.8.0',NULL,NULL,'6539969377');
INSERT INTO `DATABASECHANGELOG` (`ID`, `AUTHOR`, `FILENAME`, `DATEEXECUTED`, `ORDEREXECUTED`, `EXECTYPE`, `MD5SUM`, `DESCRIPTION`, `COMMENTS`, `TAG`, `LIQUIBASE`, `CONTEXTS`, `LABELS`, `DEPLOYMENT_ID`) VALUES ('1.9.0','mposolda@redhat.com','META-INF/jpa-changelog-1.9.0.xml','2024-01-29 14:52:53',23,'EXECUTED','8:d9fa18ffa355320395b86270680dd4fe','update tableName=REALM; update tableName=REALM; update tableName=REALM; update tableName=REALM; update tableName=CREDENTIAL; update tableName=CREDENTIAL; update tableName=CREDENTIAL; update tableName=REALM; update tableName=REALM; customChange; dr...','',NULL,'4.8.0',NULL,NULL,'6539969377');
INSERT INTO `DATABASECHANGELOG` (`ID`, `AUTHOR`, `FILENAME`, `DATEEXECUTED`, `ORDEREXECUTED`, `EXECTYPE`, `MD5SUM`, `DESCRIPTION`, `COMMENTS`, `TAG`, `LIQUIBASE`, `CONTEXTS`, `LABELS`, `DEPLOYMENT_ID`) VALUES ('1.9.1','keycloak','META-INF/jpa-changelog-1.9.1.xml','2024-01-29 14:52:53',24,'EXECUTED','8:90cff506fedb06141ffc1c71c4a1214c','modifyDataType columnName=PRIVATE_KEY, tableName=REALM; modifyDataType columnName=PUBLIC_KEY, tableName=REALM; modifyDataType columnName=CERTIFICATE, tableName=REALM','',NULL,'4.8.0',NULL,NULL,'6539969377');
INSERT INTO `DATABASECHANGELOG` (`ID`, `AUTHOR`, `FILENAME`, `DATEEXECUTED`, `ORDEREXECUTED`, `EXECTYPE`, `MD5SUM`, `DESCRIPTION`, `COMMENTS`, `TAG`, `LIQUIBASE`, `CONTEXTS`, `LABELS`, `DEPLOYMENT_ID`) VALUES ('1.9.1','keycloak','META-INF/db2-jpa-changelog-1.9.1.xml','2024-01-29 14:52:53',25,'MARK_RAN','8:11a788aed4961d6d29c427c063af828c','modifyDataType columnName=PRIVATE_KEY, tableName=REALM; modifyDataType columnName=CERTIFICATE, tableName=REALM','',NULL,'4.8.0',NULL,NULL,'6539969377');
INSERT INTO `DATABASECHANGELOG` (`ID`, `AUTHOR`, `FILENAME`, `DATEEXECUTED`, `ORDEREXECUTED`, `EXECTYPE`, `MD5SUM`, `DESCRIPTION`, `COMMENTS`, `TAG`, `LIQUIBASE`, `CONTEXTS`, `LABELS`, `DEPLOYMENT_ID`) VALUES ('1.9.2','keycloak','META-INF/jpa-changelog-1.9.2.xml','2024-01-29 14:52:54',26,'EXECUTED','8:a4218e51e1faf380518cce2af5d39b43','createIndex indexName=IDX_USER_EMAIL, tableName=USER_ENTITY; createIndex indexName=IDX_USER_ROLE_MAPPING, tableName=USER_ROLE_MAPPING; createIndex indexName=IDX_USER_GROUP_MAPPING, tableName=USER_GROUP_MEMBERSHIP; createIndex indexName=IDX_USER_CO...','',NULL,'4.8.0',NULL,NULL,'6539969377');
INSERT INTO `DATABASECHANGELOG` (`ID`, `AUTHOR`, `FILENAME`, `DATEEXECUTED`, `ORDEREXECUTED`, `EXECTYPE`, `MD5SUM`, `DESCRIPTION`, `COMMENTS`, `TAG`, `LIQUIBASE`, `CONTEXTS`, `LABELS`, `DEPLOYMENT_ID`) VALUES ('authz-2.0.0','psilva@redhat.com','META-INF/jpa-changelog-authz-2.0.0.xml','2024-01-29 14:52:54',27,'EXECUTED','8:d9e9a1bfaa644da9952456050f07bbdc','createTable tableName=RESOURCE_SERVER; addPrimaryKey constraintName=CONSTRAINT_FARS, tableName=RESOURCE_SERVER; addUniqueConstraint constraintName=UK_AU8TT6T700S9V50BU18WS5HA6, tableName=RESOURCE_SERVER; createTable tableName=RESOURCE_SERVER_RESOU...','',NULL,'4.8.0',NULL,NULL,'6539969377');
INSERT INTO `DATABASECHANGELOG` (`ID`, `AUTHOR`, `FILENAME`, `DATEEXECUTED`, `ORDEREXECUTED`, `EXECTYPE`, `MD5SUM`, `DESCRIPTION`, `COMMENTS`, `TAG`, `LIQUIBASE`, `CONTEXTS`, `LABELS`, `DEPLOYMENT_ID`) VALUES ('authz-2.5.1','psilva@redhat.com','META-INF/jpa-changelog-authz-2.5.1.xml','2024-01-29 14:52:54',28,'EXECUTED','8:d1bf991a6163c0acbfe664b615314505','update tableName=RESOURCE_SERVER_POLICY','',NULL,'4.8.0',NULL,NULL,'6539969377');
INSERT INTO `DATABASECHANGELOG` (`ID`, `AUTHOR`, `FILENAME`, `DATEEXECUTED`, `ORDEREXECUTED`, `EXECTYPE`, `MD5SUM`, `DESCRIPTION`, `COMMENTS`, `TAG`, `LIQUIBASE`, `CONTEXTS`, `LABELS`, `DEPLOYMENT_ID`) VALUES ('2.1.0-KEYCLOAK-5461','bburke@redhat.com','META-INF/jpa-changelog-2.1.0.xml','2024-01-29 14:52:54',29,'EXECUTED','8:88a743a1e87ec5e30bf603da68058a8c','createTable tableName=BROKER_LINK; createTable tableName=FED_USER_ATTRIBUTE; createTable tableName=FED_USER_CONSENT; createTable tableName=FED_USER_CONSENT_ROLE; createTable tableName=FED_USER_CONSENT_PROT_MAPPER; createTable tableName=FED_USER_CR...','',NULL,'4.8.0',NULL,NULL,'6539969377');
INSERT INTO `DATABASECHANGELOG` (`ID`, `AUTHOR`, `FILENAME`, `DATEEXECUTED`, `ORDEREXECUTED`, `EXECTYPE`, `MD5SUM`, `DESCRIPTION`, `COMMENTS`, `TAG`, `LIQUIBASE`, `CONTEXTS`, `LABELS`, `DEPLOYMENT_ID`) VALUES ('2.2.0','bburke@redhat.com','META-INF/jpa-changelog-2.2.0.xml','2024-01-29 14:52:54',30,'EXECUTED','8:c5517863c875d325dea463d00ec26d7a','addColumn tableName=ADMIN_EVENT_ENTITY; createTable tableName=CREDENTIAL_ATTRIBUTE; createTable tableName=FED_CREDENTIAL_ATTRIBUTE; modifyDataType columnName=VALUE, tableName=CREDENTIAL; addForeignKeyConstraint baseTableName=FED_CREDENTIAL_ATTRIBU...','',NULL,'4.8.0',NULL,NULL,'6539969377');
INSERT INTO `DATABASECHANGELOG` (`ID`, `AUTHOR`, `FILENAME`, `DATEEXECUTED`, `ORDEREXECUTED`, `EXECTYPE`, `MD5SUM`, `DESCRIPTION`, `COMMENTS`, `TAG`, `LIQUIBASE`, `CONTEXTS`, `LABELS`, `DEPLOYMENT_ID`) VALUES ('2.3.0','bburke@redhat.com','META-INF/jpa-changelog-2.3.0.xml','2024-01-29 14:52:55',31,'EXECUTED','8:ada8b4833b74a498f376d7136bc7d327','createTable tableName=FEDERATED_USER; addPrimaryKey constraintName=CONSTR_FEDERATED_USER, tableName=FEDERATED_USER; dropDefaultValue columnName=TOTP, tableName=USER_ENTITY; dropColumn columnName=TOTP, tableName=USER_ENTITY; addColumn tableName=IDE...','',NULL,'4.8.0',NULL,NULL,'6539969377');
INSERT INTO `DATABASECHANGELOG` (`ID`, `AUTHOR`, `FILENAME`, `DATEEXECUTED`, `ORDEREXECUTED`, `EXECTYPE`, `MD5SUM`, `DESCRIPTION`, `COMMENTS`, `TAG`, `LIQUIBASE`, `CONTEXTS`, `LABELS`, `DEPLOYMENT_ID`) VALUES ('2.4.0','bburke@redhat.com','META-INF/jpa-changelog-2.4.0.xml','2024-01-29 14:52:55',32,'EXECUTED','8:b9b73c8ea7299457f99fcbb825c263ba','customChange','',NULL,'4.8.0',NULL,NULL,'6539969377');
INSERT INTO `DATABASECHANGELOG` (`ID`, `AUTHOR`, `FILENAME`, `DATEEXECUTED`, `ORDEREXECUTED`, `EXECTYPE`, `MD5SUM`, `DESCRIPTION`, `COMMENTS`, `TAG`, `LIQUIBASE`, `CONTEXTS`, `LABELS`, `DEPLOYMENT_ID`) VALUES ('2.5.0','bburke@redhat.com','META-INF/jpa-changelog-2.5.0.xml','2024-01-29 14:52:55',33,'EXECUTED','8:07724333e625ccfcfc5adc63d57314f3','customChange; modifyDataType columnName=USER_ID, tableName=OFFLINE_USER_SESSION','',NULL,'4.8.0',NULL,NULL,'6539969377');
INSERT INTO `DATABASECHANGELOG` (`ID`, `AUTHOR`, `FILENAME`, `DATEEXECUTED`, `ORDEREXECUTED`, `EXECTYPE`, `MD5SUM`, `DESCRIPTION`, `COMMENTS`, `TAG`, `LIQUIBASE`, `CONTEXTS`, `LABELS`, `DEPLOYMENT_ID`) VALUES ('2.5.0-unicode-oracle','hmlnarik@redhat.com','META-INF/jpa-changelog-2.5.0.xml','2024-01-29 14:52:55',34,'MARK_RAN','8:8b6fd445958882efe55deb26fc541a7b','modifyDataType columnName=DESCRIPTION, tableName=AUTHENTICATION_FLOW; modifyDataType columnName=DESCRIPTION, tableName=CLIENT_TEMPLATE; modifyDataType columnName=DESCRIPTION, tableName=RESOURCE_SERVER_POLICY; modifyDataType columnName=DESCRIPTION,...','',NULL,'4.8.0',NULL,NULL,'6539969377');
INSERT INTO `DATABASECHANGELOG` (`ID`, `AUTHOR`, `FILENAME`, `DATEEXECUTED`, `ORDEREXECUTED`, `EXECTYPE`, `MD5SUM`, `DESCRIPTION`, `COMMENTS`, `TAG`, `LIQUIBASE`, `CONTEXTS`, `LABELS`, `DEPLOYMENT_ID`) VALUES ('2.5.0-unicode-other-dbs','hmlnarik@redhat.com','META-INF/jpa-changelog-2.5.0.xml','2024-01-29 14:52:55',35,'EXECUTED','8:29b29cfebfd12600897680147277a9d7','modifyDataType columnName=DESCRIPTION, tableName=AUTHENTICATION_FLOW; modifyDataType columnName=DESCRIPTION, tableName=CLIENT_TEMPLATE; modifyDataType columnName=DESCRIPTION, tableName=RESOURCE_SERVER_POLICY; modifyDataType columnName=DESCRIPTION,...','',NULL,'4.8.0',NULL,NULL,'6539969377');
INSERT INTO `DATABASECHANGELOG` (`ID`, `AUTHOR`, `FILENAME`, `DATEEXECUTED`, `ORDEREXECUTED`, `EXECTYPE`, `MD5SUM`, `DESCRIPTION`, `COMMENTS`, `TAG`, `LIQUIBASE`, `CONTEXTS`, `LABELS`, `DEPLOYMENT_ID`) VALUES ('2.5.0-duplicate-email-support','slawomir@dabek.name','META-INF/jpa-changelog-2.5.0.xml','2024-01-29 14:52:55',36,'EXECUTED','8:73ad77ca8fd0410c7f9f15a471fa52bc','addColumn tableName=REALM','',NULL,'4.8.0',NULL,NULL,'6539969377');
INSERT INTO `DATABASECHANGELOG` (`ID`, `AUTHOR`, `FILENAME`, `DATEEXECUTED`, `ORDEREXECUTED`, `EXECTYPE`, `MD5SUM`, `DESCRIPTION`, `COMMENTS`, `TAG`, `LIQUIBASE`, `CONTEXTS`, `LABELS`, `DEPLOYMENT_ID`) VALUES ('2.5.0-unique-group-names','hmlnarik@redhat.com','META-INF/jpa-changelog-2.5.0.xml','2024-01-29 14:52:55',37,'EXECUTED','8:64f27a6fdcad57f6f9153210f2ec1bdb','addUniqueConstraint constraintName=SIBLING_NAMES, tableName=KEYCLOAK_GROUP','',NULL,'4.8.0',NULL,NULL,'6539969377');
INSERT INTO `DATABASECHANGELOG` (`ID`, `AUTHOR`, `FILENAME`, `DATEEXECUTED`, `ORDEREXECUTED`, `EXECTYPE`, `MD5SUM`, `DESCRIPTION`, `COMMENTS`, `TAG`, `LIQUIBASE`, `CONTEXTS`, `LABELS`, `DEPLOYMENT_ID`) VALUES ('2.5.1','bburke@redhat.com','META-INF/jpa-changelog-2.5.1.xml','2024-01-29 14:52:55',38,'EXECUTED','8:27180251182e6c31846c2ddab4bc5781','addColumn tableName=FED_USER_CONSENT','',NULL,'4.8.0',NULL,NULL,'6539969377');
INSERT INTO `DATABASECHANGELOG` (`ID`, `AUTHOR`, `FILENAME`, `DATEEXECUTED`, `ORDEREXECUTED`, `EXECTYPE`, `MD5SUM`, `DESCRIPTION`, `COMMENTS`, `TAG`, `LIQUIBASE`, `CONTEXTS`, `LABELS`, `DEPLOYMENT_ID`) VALUES ('3.0.0','bburke@redhat.com','META-INF/jpa-changelog-3.0.0.xml','2024-01-29 14:52:55',39,'EXECUTED','8:d56f201bfcfa7a1413eb3e9bc02978f9','addColumn tableName=IDENTITY_PROVIDER','',NULL,'4.8.0',NULL,NULL,'6539969377');
INSERT INTO `DATABASECHANGELOG` (`ID`, `AUTHOR`, `FILENAME`, `DATEEXECUTED`, `ORDEREXECUTED`, `EXECTYPE`, `MD5SUM`, `DESCRIPTION`, `COMMENTS`, `TAG`, `LIQUIBASE`, `CONTEXTS`, `LABELS`, `DEPLOYMENT_ID`) VALUES ('3.2.0-fix','keycloak','META-INF/jpa-changelog-3.2.0.xml','2024-01-29 14:52:55',40,'MARK_RAN','8:91f5522bf6afdc2077dfab57fbd3455c','addNotNullConstraint columnName=REALM_ID, tableName=CLIENT_INITIAL_ACCESS','',NULL,'4.8.0',NULL,NULL,'6539969377');
INSERT INTO `DATABASECHANGELOG` (`ID`, `AUTHOR`, `FILENAME`, `DATEEXECUTED`, `ORDEREXECUTED`, `EXECTYPE`, `MD5SUM`, `DESCRIPTION`, `COMMENTS`, `TAG`, `LIQUIBASE`, `CONTEXTS`, `LABELS`, `DEPLOYMENT_ID`) VALUES ('3.2.0-fix-with-keycloak-5416','keycloak','META-INF/jpa-changelog-3.2.0.xml','2024-01-29 14:52:55',41,'MARK_RAN','8:0f01b554f256c22caeb7d8aee3a1cdc8','dropIndex indexName=IDX_CLIENT_INIT_ACC_REALM, tableName=CLIENT_INITIAL_ACCESS; addNotNullConstraint columnName=REALM_ID, tableName=CLIENT_INITIAL_ACCESS; createIndex indexName=IDX_CLIENT_INIT_ACC_REALM, tableName=CLIENT_INITIAL_ACCESS','',NULL,'4.8.0',NULL,NULL,'6539969377');
INSERT INTO `DATABASECHANGELOG` (`ID`, `AUTHOR`, `FILENAME`, `DATEEXECUTED`, `ORDEREXECUTED`, `EXECTYPE`, `MD5SUM`, `DESCRIPTION`, `COMMENTS`, `TAG`, `LIQUIBASE`, `CONTEXTS`, `LABELS`, `DEPLOYMENT_ID`) VALUES ('3.2.0-fix-offline-sessions','hmlnarik','META-INF/jpa-changelog-3.2.0.xml','2024-01-29 14:52:55',42,'EXECUTED','8:ab91cf9cee415867ade0e2df9651a947','customChange','',NULL,'4.8.0',NULL,NULL,'6539969377');
INSERT INTO `DATABASECHANGELOG` (`ID`, `AUTHOR`, `FILENAME`, `DATEEXECUTED`, `ORDEREXECUTED`, `EXECTYPE`, `MD5SUM`, `DESCRIPTION`, `COMMENTS`, `TAG`, `LIQUIBASE`, `CONTEXTS`, `LABELS`, `DEPLOYMENT_ID`) VALUES ('3.2.0-fixed','keycloak','META-INF/jpa-changelog-3.2.0.xml','2024-01-29 14:52:56',43,'EXECUTED','8:ceac9b1889e97d602caf373eadb0d4b7','addColumn tableName=REALM; dropPrimaryKey constraintName=CONSTRAINT_OFFL_CL_SES_PK2, tableName=OFFLINE_CLIENT_SESSION; dropColumn columnName=CLIENT_SESSION_ID, tableName=OFFLINE_CLIENT_SESSION; addPrimaryKey constraintName=CONSTRAINT_OFFL_CL_SES_P...','',NULL,'4.8.0',NULL,NULL,'6539969377');
INSERT INTO `DATABASECHANGELOG` (`ID`, `AUTHOR`, `FILENAME`, `DATEEXECUTED`, `ORDEREXECUTED`, `EXECTYPE`, `MD5SUM`, `DESCRIPTION`, `COMMENTS`, `TAG`, `LIQUIBASE`, `CONTEXTS`, `LABELS`, `DEPLOYMENT_ID`) VALUES ('3.3.0','keycloak','META-INF/jpa-changelog-3.3.0.xml','2024-01-29 14:52:56',44,'EXECUTED','8:84b986e628fe8f7fd8fd3c275c5259f2','addColumn tableName=USER_ENTITY','',NULL,'4.8.0',NULL,NULL,'6539969377');
INSERT INTO `DATABASECHANGELOG` (`ID`, `AUTHOR`, `FILENAME`, `DATEEXECUTED`, `ORDEREXECUTED`, `EXECTYPE`, `MD5SUM`, `DESCRIPTION`, `COMMENTS`, `TAG`, `LIQUIBASE`, `CONTEXTS`, `LABELS`, `DEPLOYMENT_ID`) VALUES ('authz-3.4.0.CR1-resource-server-pk-change-part1','glavoie@gmail.com','META-INF/jpa-changelog-authz-3.4.0.CR1.xml','2024-01-29 14:52:56',45,'EXECUTED','8:a164ae073c56ffdbc98a615493609a52','addColumn tableName=RESOURCE_SERVER_POLICY; addColumn tableName=RESOURCE_SERVER_RESOURCE; addColumn tableName=RESOURCE_SERVER_SCOPE','',NULL,'4.8.0',NULL,NULL,'6539969377');
INSERT INTO `DATABASECHANGELOG` (`ID`, `AUTHOR`, `FILENAME`, `DATEEXECUTED`, `ORDEREXECUTED`, `EXECTYPE`, `MD5SUM`, `DESCRIPTION`, `COMMENTS`, `TAG`, `LIQUIBASE`, `CONTEXTS`, `LABELS`, `DEPLOYMENT_ID`) VALUES ('authz-3.4.0.CR1-resource-server-pk-change-part2-KEYCLOAK-6095','hmlnarik@redhat.com','META-INF/jpa-changelog-authz-3.4.0.CR1.xml','2024-01-29 14:52:56',46,'EXECUTED','8:70a2b4f1f4bd4dbf487114bdb1810e64','customChange','',NULL,'4.8.0',NULL,NULL,'6539969377');
INSERT INTO `DATABASECHANGELOG` (`ID`, `AUTHOR`, `FILENAME`, `DATEEXECUTED`, `ORDEREXECUTED`, `EXECTYPE`, `MD5SUM`, `DESCRIPTION`, `COMMENTS`, `TAG`, `LIQUIBASE`, `CONTEXTS`, `LABELS`, `DEPLOYMENT_ID`) VALUES ('authz-3.4.0.CR1-resource-server-pk-change-part3-fixed','glavoie@gmail.com','META-INF/jpa-changelog-authz-3.4.0.CR1.xml','2024-01-29 14:52:56',47,'MARK_RAN','8:7be68b71d2f5b94b8df2e824f2860fa2','dropIndex indexName=IDX_RES_SERV_POL_RES_SERV, tableName=RESOURCE_SERVER_POLICY; dropIndex indexName=IDX_RES_SRV_RES_RES_SRV, tableName=RESOURCE_SERVER_RESOURCE; dropIndex indexName=IDX_RES_SRV_SCOPE_RES_SRV, tableName=RESOURCE_SERVER_SCOPE','',NULL,'4.8.0',NULL,NULL,'6539969377');
INSERT INTO `DATABASECHANGELOG` (`ID`, `AUTHOR`, `FILENAME`, `DATEEXECUTED`, `ORDEREXECUTED`, `EXECTYPE`, `MD5SUM`, `DESCRIPTION`, `COMMENTS`, `TAG`, `LIQUIBASE`, `CONTEXTS`, `LABELS`, `DEPLOYMENT_ID`) VALUES ('authz-3.4.0.CR1-resource-server-pk-change-part3-fixed-nodropindex','glavoie@gmail.com','META-INF/jpa-changelog-authz-3.4.0.CR1.xml','2024-01-29 14:52:56',48,'EXECUTED','8:bab7c631093c3861d6cf6144cd944982','addNotNullConstraint columnName=RESOURCE_SERVER_CLIENT_ID, tableName=RESOURCE_SERVER_POLICY; addNotNullConstraint columnName=RESOURCE_SERVER_CLIENT_ID, tableName=RESOURCE_SERVER_RESOURCE; addNotNullConstraint columnName=RESOURCE_SERVER_CLIENT_ID, ...','',NULL,'4.8.0',NULL,NULL,'6539969377');
INSERT INTO `DATABASECHANGELOG` (`ID`, `AUTHOR`, `FILENAME`, `DATEEXECUTED`, `ORDEREXECUTED`, `EXECTYPE`, `MD5SUM`, `DESCRIPTION`, `COMMENTS`, `TAG`, `LIQUIBASE`, `CONTEXTS`, `LABELS`, `DEPLOYMENT_ID`) VALUES ('authn-3.4.0.CR1-refresh-token-max-reuse','glavoie@gmail.com','META-INF/jpa-changelog-authz-3.4.0.CR1.xml','2024-01-29 14:52:56',49,'EXECUTED','8:fa809ac11877d74d76fe40869916daad','addColumn tableName=REALM','',NULL,'4.8.0',NULL,NULL,'6539969377');
INSERT INTO `DATABASECHANGELOG` (`ID`, `AUTHOR`, `FILENAME`, `DATEEXECUTED`, `ORDEREXECUTED`, `EXECTYPE`, `MD5SUM`, `DESCRIPTION`, `COMMENTS`, `TAG`, `LIQUIBASE`, `CONTEXTS`, `LABELS`, `DEPLOYMENT_ID`) VALUES ('3.4.0','keycloak','META-INF/jpa-changelog-3.4.0.xml','2024-01-29 14:52:56',50,'EXECUTED','8:fac23540a40208f5f5e326f6ceb4d291','addPrimaryKey constraintName=CONSTRAINT_REALM_DEFAULT_ROLES, tableName=REALM_DEFAULT_ROLES; addPrimaryKey constraintName=CONSTRAINT_COMPOSITE_ROLE, tableName=COMPOSITE_ROLE; addPrimaryKey constraintName=CONSTR_REALM_DEFAULT_GROUPS, tableName=REALM...','',NULL,'4.8.0',NULL,NULL,'6539969377');
INSERT INTO `DATABASECHANGELOG` (`ID`, `AUTHOR`, `FILENAME`, `DATEEXECUTED`, `ORDEREXECUTED`, `EXECTYPE`, `MD5SUM`, `DESCRIPTION`, `COMMENTS`, `TAG`, `LIQUIBASE`, `CONTEXTS`, `LABELS`, `DEPLOYMENT_ID`) VALUES ('3.4.0-KEYCLOAK-5230','hmlnarik@redhat.com','META-INF/jpa-changelog-3.4.0.xml','2024-01-29 14:52:56',51,'EXECUTED','8:2612d1b8a97e2b5588c346e817307593','createIndex indexName=IDX_FU_ATTRIBUTE, tableName=FED_USER_ATTRIBUTE; createIndex indexName=IDX_FU_CONSENT, tableName=FED_USER_CONSENT; createIndex indexName=IDX_FU_CONSENT_RU, tableName=FED_USER_CONSENT; createIndex indexName=IDX_FU_CREDENTIAL, t...','',NULL,'4.8.0',NULL,NULL,'6539969377');
INSERT INTO `DATABASECHANGELOG` (`ID`, `AUTHOR`, `FILENAME`, `DATEEXECUTED`, `ORDEREXECUTED`, `EXECTYPE`, `MD5SUM`, `DESCRIPTION`, `COMMENTS`, `TAG`, `LIQUIBASE`, `CONTEXTS`, `LABELS`, `DEPLOYMENT_ID`) VALUES ('3.4.1','psilva@redhat.com','META-INF/jpa-changelog-3.4.1.xml','2024-01-29 14:52:56',52,'EXECUTED','8:9842f155c5db2206c88bcb5d1046e941','modifyDataType columnName=VALUE, tableName=CLIENT_ATTRIBUTES','',NULL,'4.8.0',NULL,NULL,'6539969377');
INSERT INTO `DATABASECHANGELOG` (`ID`, `AUTHOR`, `FILENAME`, `DATEEXECUTED`, `ORDEREXECUTED`, `EXECTYPE`, `MD5SUM`, `DESCRIPTION`, `COMMENTS`, `TAG`, `LIQUIBASE`, `CONTEXTS`, `LABELS`, `DEPLOYMENT_ID`) VALUES ('3.4.2','keycloak','META-INF/jpa-changelog-3.4.2.xml','2024-01-29 14:52:56',53,'EXECUTED','8:2e12e06e45498406db72d5b3da5bbc76','update tableName=REALM','',NULL,'4.8.0',NULL,NULL,'6539969377');
INSERT INTO `DATABASECHANGELOG` (`ID`, `AUTHOR`, `FILENAME`, `DATEEXECUTED`, `ORDEREXECUTED`, `EXECTYPE`, `MD5SUM`, `DESCRIPTION`, `COMMENTS`, `TAG`, `LIQUIBASE`, `CONTEXTS`, `LABELS`, `DEPLOYMENT_ID`) VALUES ('3.4.2-KEYCLOAK-5172','mkanis@redhat.com','META-INF/jpa-changelog-3.4.2.xml','2024-01-29 14:52:56',54,'EXECUTED','8:33560e7c7989250c40da3abdabdc75a4','update tableName=CLIENT','',NULL,'4.8.0',NULL,NULL,'6539969377');
INSERT INTO `DATABASECHANGELOG` (`ID`, `AUTHOR`, `FILENAME`, `DATEEXECUTED`, `ORDEREXECUTED`, `EXECTYPE`, `MD5SUM`, `DESCRIPTION`, `COMMENTS`, `TAG`, `LIQUIBASE`, `CONTEXTS`, `LABELS`, `DEPLOYMENT_ID`) VALUES ('4.0.0-KEYCLOAK-6335','bburke@redhat.com','META-INF/jpa-changelog-4.0.0.xml','2024-01-29 14:52:57',55,'EXECUTED','8:87a8d8542046817a9107c7eb9cbad1cd','createTable tableName=CLIENT_AUTH_FLOW_BINDINGS; addPrimaryKey constraintName=C_CLI_FLOW_BIND, tableName=CLIENT_AUTH_FLOW_BINDINGS','',NULL,'4.8.0',NULL,NULL,'6539969377');
INSERT INTO `DATABASECHANGELOG` (`ID`, `AUTHOR`, `FILENAME`, `DATEEXECUTED`, `ORDEREXECUTED`, `EXECTYPE`, `MD5SUM`, `DESCRIPTION`, `COMMENTS`, `TAG`, `LIQUIBASE`, `CONTEXTS`, `LABELS`, `DEPLOYMENT_ID`) VALUES ('4.0.0-CLEANUP-UNUSED-TABLE','bburke@redhat.com','META-INF/jpa-changelog-4.0.0.xml','2024-01-29 14:52:57',56,'EXECUTED','8:3ea08490a70215ed0088c273d776311e','dropTable tableName=CLIENT_IDENTITY_PROV_MAPPING','',NULL,'4.8.0',NULL,NULL,'6539969377');
INSERT INTO `DATABASECHANGELOG` (`ID`, `AUTHOR`, `FILENAME`, `DATEEXECUTED`, `ORDEREXECUTED`, `EXECTYPE`, `MD5SUM`, `DESCRIPTION`, `COMMENTS`, `TAG`, `LIQUIBASE`, `CONTEXTS`, `LABELS`, `DEPLOYMENT_ID`) VALUES ('4.0.0-KEYCLOAK-6228','bburke@redhat.com','META-INF/jpa-changelog-4.0.0.xml','2024-01-29 14:52:57',57,'EXECUTED','8:2d56697c8723d4592ab608ce14b6ed68','dropUniqueConstraint constraintName=UK_JKUWUVD56ONTGSUHOGM8UEWRT, tableName=USER_CONSENT; dropNotNullConstraint columnName=CLIENT_ID, tableName=USER_CONSENT; addColumn tableName=USER_CONSENT; addUniqueConstraint constraintName=UK_JKUWUVD56ONTGSUHO...','',NULL,'4.8.0',NULL,NULL,'6539969377');
INSERT INTO `DATABASECHANGELOG` (`ID`, `AUTHOR`, `FILENAME`, `DATEEXECUTED`, `ORDEREXECUTED`, `EXECTYPE`, `MD5SUM`, `DESCRIPTION`, `COMMENTS`, `TAG`, `LIQUIBASE`, `CONTEXTS`, `LABELS`, `DEPLOYMENT_ID`) VALUES ('4.0.0-KEYCLOAK-5579-fixed','mposolda@redhat.com','META-INF/jpa-changelog-4.0.0.xml','2024-01-29 14:52:57',58,'EXECUTED','8:3e423e249f6068ea2bbe48bf907f9d86','dropForeignKeyConstraint baseTableName=CLIENT_TEMPLATE_ATTRIBUTES, constraintName=FK_CL_TEMPL_ATTR_TEMPL; renameTable newTableName=CLIENT_SCOPE_ATTRIBUTES, oldTableName=CLIENT_TEMPLATE_ATTRIBUTES; renameColumn newColumnName=SCOPE_ID, oldColumnName...','',NULL,'4.8.0',NULL,NULL,'6539969377');
INSERT INTO `DATABASECHANGELOG` (`ID`, `AUTHOR`, `FILENAME`, `DATEEXECUTED`, `ORDEREXECUTED`, `EXECTYPE`, `MD5SUM`, `DESCRIPTION`, `COMMENTS`, `TAG`, `LIQUIBASE`, `CONTEXTS`, `LABELS`, `DEPLOYMENT_ID`) VALUES ('authz-4.0.0.CR1','psilva@redhat.com','META-INF/jpa-changelog-authz-4.0.0.CR1.xml','2024-01-29 14:52:58',59,'EXECUTED','8:15cabee5e5df0ff099510a0fc03e4103','createTable tableName=RESOURCE_SERVER_PERM_TICKET; addPrimaryKey constraintName=CONSTRAINT_FAPMT, tableName=RESOURCE_SERVER_PERM_TICKET; addForeignKeyConstraint baseTableName=RESOURCE_SERVER_PERM_TICKET, constraintName=FK_FRSRHO213XCX4WNKOG82SSPMT...','',NULL,'4.8.0',NULL,NULL,'6539969377');
INSERT INTO `DATABASECHANGELOG` (`ID`, `AUTHOR`, `FILENAME`, `DATEEXECUTED`, `ORDEREXECUTED`, `EXECTYPE`, `MD5SUM`, `DESCRIPTION`, `COMMENTS`, `TAG`, `LIQUIBASE`, `CONTEXTS`, `LABELS`, `DEPLOYMENT_ID`) VALUES ('authz-4.0.0.Beta3','psilva@redhat.com','META-INF/jpa-changelog-authz-4.0.0.Beta3.xml','2024-01-29 14:52:58',60,'EXECUTED','8:4b80200af916ac54d2ffbfc47918ab0e','addColumn tableName=RESOURCE_SERVER_POLICY; addColumn tableName=RESOURCE_SERVER_PERM_TICKET; addForeignKeyConstraint baseTableName=RESOURCE_SERVER_PERM_TICKET, constraintName=FK_FRSRPO2128CX4WNKOG82SSRFY, referencedTableName=RESOURCE_SERVER_POLICY','',NULL,'4.8.0',NULL,NULL,'6539969377');
INSERT INTO `DATABASECHANGELOG` (`ID`, `AUTHOR`, `FILENAME`, `DATEEXECUTED`, `ORDEREXECUTED`, `EXECTYPE`, `MD5SUM`, `DESCRIPTION`, `COMMENTS`, `TAG`, `LIQUIBASE`, `CONTEXTS`, `LABELS`, `DEPLOYMENT_ID`) VALUES ('authz-4.2.0.Final','mhajas@redhat.com','META-INF/jpa-changelog-authz-4.2.0.Final.xml','2024-01-29 14:52:58',61,'EXECUTED','8:66564cd5e168045d52252c5027485bbb','createTable tableName=RESOURCE_URIS; addForeignKeyConstraint baseTableName=RESOURCE_URIS, constraintName=FK_RESOURCE_SERVER_URIS, referencedTableName=RESOURCE_SERVER_RESOURCE; customChange; dropColumn columnName=URI, tableName=RESOURCE_SERVER_RESO...','',NULL,'4.8.0',NULL,NULL,'6539969377');
INSERT INTO `DATABASECHANGELOG` (`ID`, `AUTHOR`, `FILENAME`, `DATEEXECUTED`, `ORDEREXECUTED`, `EXECTYPE`, `MD5SUM`, `DESCRIPTION`, `COMMENTS`, `TAG`, `LIQUIBASE`, `CONTEXTS`, `LABELS`, `DEPLOYMENT_ID`) VALUES ('authz-4.2.0.Final-KEYCLOAK-9944','hmlnarik@redhat.com','META-INF/jpa-changelog-authz-4.2.0.Final.xml','2024-01-29 14:52:58',62,'EXECUTED','8:1c7064fafb030222be2bd16ccf690f6f','addPrimaryKey constraintName=CONSTRAINT_RESOUR_URIS_PK, tableName=RESOURCE_URIS','',NULL,'4.8.0',NULL,NULL,'6539969377');
INSERT INTO `DATABASECHANGELOG` (`ID`, `AUTHOR`, `FILENAME`, `DATEEXECUTED`, `ORDEREXECUTED`, `EXECTYPE`, `MD5SUM`, `DESCRIPTION`, `COMMENTS`, `TAG`, `LIQUIBASE`, `CONTEXTS`, `LABELS`, `DEPLOYMENT_ID`) VALUES ('4.2.0-KEYCLOAK-6313','wadahiro@gmail.com','META-INF/jpa-changelog-4.2.0.xml','2024-01-29 14:52:58',63,'EXECUTED','8:2de18a0dce10cdda5c7e65c9b719b6e5','addColumn tableName=REQUIRED_ACTION_PROVIDER','',NULL,'4.8.0',NULL,NULL,'6539969377');
INSERT INTO `DATABASECHANGELOG` (`ID`, `AUTHOR`, `FILENAME`, `DATEEXECUTED`, `ORDEREXECUTED`, `EXECTYPE`, `MD5SUM`, `DESCRIPTION`, `COMMENTS`, `TAG`, `LIQUIBASE`, `CONTEXTS`, `LABELS`, `DEPLOYMENT_ID`) VALUES ('4.3.0-KEYCLOAK-7984','wadahiro@gmail.com','META-INF/jpa-changelog-4.3.0.xml','2024-01-29 14:52:58',64,'EXECUTED','8:03e413dd182dcbd5c57e41c34d0ef682','update tableName=REQUIRED_ACTION_PROVIDER','',NULL,'4.8.0',NULL,NULL,'6539969377');
INSERT INTO `DATABASECHANGELOG` (`ID`, `AUTHOR`, `FILENAME`, `DATEEXECUTED`, `ORDEREXECUTED`, `EXECTYPE`, `MD5SUM`, `DESCRIPTION`, `COMMENTS`, `TAG`, `LIQUIBASE`, `CONTEXTS`, `LABELS`, `DEPLOYMENT_ID`) VALUES ('4.6.0-KEYCLOAK-7950','psilva@redhat.com','META-INF/jpa-changelog-4.6.0.xml','2024-01-29 14:52:58',65,'EXECUTED','8:d27b42bb2571c18fbe3fe4e4fb7582a7','update tableName=RESOURCE_SERVER_RESOURCE','',NULL,'4.8.0',NULL,NULL,'6539969377');
INSERT INTO `DATABASECHANGELOG` (`ID`, `AUTHOR`, `FILENAME`, `DATEEXECUTED`, `ORDEREXECUTED`, `EXECTYPE`, `MD5SUM`, `DESCRIPTION`, `COMMENTS`, `TAG`, `LIQUIBASE`, `CONTEXTS`, `LABELS`, `DEPLOYMENT_ID`) VALUES ('4.6.0-KEYCLOAK-8377','keycloak','META-INF/jpa-changelog-4.6.0.xml','2024-01-29 14:52:58',66,'EXECUTED','8:698baf84d9fd0027e9192717c2154fb8','createTable tableName=ROLE_ATTRIBUTE; addPrimaryKey constraintName=CONSTRAINT_ROLE_ATTRIBUTE_PK, tableName=ROLE_ATTRIBUTE; addForeignKeyConstraint baseTableName=ROLE_ATTRIBUTE, constraintName=FK_ROLE_ATTRIBUTE_ID, referencedTableName=KEYCLOAK_ROLE...','',NULL,'4.8.0',NULL,NULL,'6539969377');
INSERT INTO `DATABASECHANGELOG` (`ID`, `AUTHOR`, `FILENAME`, `DATEEXECUTED`, `ORDEREXECUTED`, `EXECTYPE`, `MD5SUM`, `DESCRIPTION`, `COMMENTS`, `TAG`, `LIQUIBASE`, `CONTEXTS`, `LABELS`, `DEPLOYMENT_ID`) VALUES ('4.6.0-KEYCLOAK-8555','gideonray@gmail.com','META-INF/jpa-changelog-4.6.0.xml','2024-01-29 14:52:58',67,'EXECUTED','8:ced8822edf0f75ef26eb51582f9a821a','createIndex indexName=IDX_COMPONENT_PROVIDER_TYPE, tableName=COMPONENT','',NULL,'4.8.0',NULL,NULL,'6539969377');
INSERT INTO `DATABASECHANGELOG` (`ID`, `AUTHOR`, `FILENAME`, `DATEEXECUTED`, `ORDEREXECUTED`, `EXECTYPE`, `MD5SUM`, `DESCRIPTION`, `COMMENTS`, `TAG`, `LIQUIBASE`, `CONTEXTS`, `LABELS`, `DEPLOYMENT_ID`) VALUES ('4.7.0-KEYCLOAK-1267','sguilhen@redhat.com','META-INF/jpa-changelog-4.7.0.xml','2024-01-29 14:52:58',68,'EXECUTED','8:f0abba004cf429e8afc43056df06487d','addColumn tableName=REALM','',NULL,'4.8.0',NULL,NULL,'6539969377');
INSERT INTO `DATABASECHANGELOG` (`ID`, `AUTHOR`, `FILENAME`, `DATEEXECUTED`, `ORDEREXECUTED`, `EXECTYPE`, `MD5SUM`, `DESCRIPTION`, `COMMENTS`, `TAG`, `LIQUIBASE`, `CONTEXTS`, `LABELS`, `DEPLOYMENT_ID`) VALUES ('4.7.0-KEYCLOAK-7275','keycloak','META-INF/jpa-changelog-4.7.0.xml','2024-01-29 14:52:58',69,'EXECUTED','8:6662f8b0b611caa359fcf13bf63b4e24','renameColumn newColumnName=CREATED_ON, oldColumnName=LAST_SESSION_REFRESH, tableName=OFFLINE_USER_SESSION; addNotNullConstraint columnName=CREATED_ON, tableName=OFFLINE_USER_SESSION; addColumn tableName=OFFLINE_USER_SESSION; customChange; createIn...','',NULL,'4.8.0',NULL,NULL,'6539969377');
INSERT INTO `DATABASECHANGELOG` (`ID`, `AUTHOR`, `FILENAME`, `DATEEXECUTED`, `ORDEREXECUTED`, `EXECTYPE`, `MD5SUM`, `DESCRIPTION`, `COMMENTS`, `TAG`, `LIQUIBASE`, `CONTEXTS`, `LABELS`, `DEPLOYMENT_ID`) VALUES ('4.8.0-KEYCLOAK-8835','sguilhen@redhat.com','META-INF/jpa-changelog-4.8.0.xml','2024-01-29 14:52:58',70,'EXECUTED','8:9e6b8009560f684250bdbdf97670d39e','addNotNullConstraint columnName=SSO_MAX_LIFESPAN_REMEMBER_ME, tableName=REALM; addNotNullConstraint columnName=SSO_IDLE_TIMEOUT_REMEMBER_ME, tableName=REALM','',NULL,'4.8.0',NULL,NULL,'6539969377');
INSERT INTO `DATABASECHANGELOG` (`ID`, `AUTHOR`, `FILENAME`, `DATEEXECUTED`, `ORDEREXECUTED`, `EXECTYPE`, `MD5SUM`, `DESCRIPTION`, `COMMENTS`, `TAG`, `LIQUIBASE`, `CONTEXTS`, `LABELS`, `DEPLOYMENT_ID`) VALUES ('authz-7.0.0-KEYCLOAK-10443','psilva@redhat.com','META-INF/jpa-changelog-authz-7.0.0.xml','2024-01-29 14:52:58',71,'EXECUTED','8:4223f561f3b8dc655846562b57bb502e','addColumn tableName=RESOURCE_SERVER','',NULL,'4.8.0',NULL,NULL,'6539969377');
INSERT INTO `DATABASECHANGELOG` (`ID`, `AUTHOR`, `FILENAME`, `DATEEXECUTED`, `ORDEREXECUTED`, `EXECTYPE`, `MD5SUM`, `DESCRIPTION`, `COMMENTS`, `TAG`, `LIQUIBASE`, `CONTEXTS`, `LABELS`, `DEPLOYMENT_ID`) VALUES ('8.0.0-adding-credential-columns','keycloak','META-INF/jpa-changelog-8.0.0.xml','2024-01-29 14:52:58',72,'EXECUTED','8:215a31c398b363ce383a2b301202f29e','addColumn tableName=CREDENTIAL; addColumn tableName=FED_USER_CREDENTIAL','',NULL,'4.8.0',NULL,NULL,'6539969377');
INSERT INTO `DATABASECHANGELOG` (`ID`, `AUTHOR`, `FILENAME`, `DATEEXECUTED`, `ORDEREXECUTED`, `EXECTYPE`, `MD5SUM`, `DESCRIPTION`, `COMMENTS`, `TAG`, `LIQUIBASE`, `CONTEXTS`, `LABELS`, `DEPLOYMENT_ID`) VALUES ('8.0.0-updating-credential-data-not-oracle-fixed','keycloak','META-INF/jpa-changelog-8.0.0.xml','2024-01-29 14:52:58',73,'EXECUTED','8:83f7a671792ca98b3cbd3a1a34862d3d','update tableName=CREDENTIAL; update tableName=CREDENTIAL; update tableName=CREDENTIAL; update tableName=FED_USER_CREDENTIAL; update tableName=FED_USER_CREDENTIAL; update tableName=FED_USER_CREDENTIAL','',NULL,'4.8.0',NULL,NULL,'6539969377');
INSERT INTO `DATABASECHANGELOG` (`ID`, `AUTHOR`, `FILENAME`, `DATEEXECUTED`, `ORDEREXECUTED`, `EXECTYPE`, `MD5SUM`, `DESCRIPTION`, `COMMENTS`, `TAG`, `LIQUIBASE`, `CONTEXTS`, `LABELS`, `DEPLOYMENT_ID`) VALUES ('8.0.0-updating-credential-data-oracle-fixed','keycloak','META-INF/jpa-changelog-8.0.0.xml','2024-01-29 14:52:58',74,'MARK_RAN','8:f58ad148698cf30707a6efbdf8061aa7','update tableName=CREDENTIAL; update tableName=CREDENTIAL; update tableName=CREDENTIAL; update tableName=FED_USER_CREDENTIAL; update tableName=FED_USER_CREDENTIAL; update tableName=FED_USER_CREDENTIAL','',NULL,'4.8.0',NULL,NULL,'6539969377');
INSERT INTO `DATABASECHANGELOG` (`ID`, `AUTHOR`, `FILENAME`, `DATEEXECUTED`, `ORDEREXECUTED`, `EXECTYPE`, `MD5SUM`, `DESCRIPTION`, `COMMENTS`, `TAG`, `LIQUIBASE`, `CONTEXTS`, `LABELS`, `DEPLOYMENT_ID`) VALUES ('8.0.0-credential-cleanup-fixed','keycloak','META-INF/jpa-changelog-8.0.0.xml','2024-01-29 14:52:58',75,'EXECUTED','8:79e4fd6c6442980e58d52ffc3ee7b19c','dropDefaultValue columnName=COUNTER, tableName=CREDENTIAL; dropDefaultValue columnName=DIGITS, tableName=CREDENTIAL; dropDefaultValue columnName=PERIOD, tableName=CREDENTIAL; dropDefaultValue columnName=ALGORITHM, tableName=CREDENTIAL; dropColumn ...','',NULL,'4.8.0',NULL,NULL,'6539969377');
INSERT INTO `DATABASECHANGELOG` (`ID`, `AUTHOR`, `FILENAME`, `DATEEXECUTED`, `ORDEREXECUTED`, `EXECTYPE`, `MD5SUM`, `DESCRIPTION`, `COMMENTS`, `TAG`, `LIQUIBASE`, `CONTEXTS`, `LABELS`, `DEPLOYMENT_ID`) VALUES ('8.0.0-resource-tag-support','keycloak','META-INF/jpa-changelog-8.0.0.xml','2024-01-29 14:52:58',76,'EXECUTED','8:87af6a1e6d241ca4b15801d1f86a297d','addColumn tableName=MIGRATION_MODEL; createIndex indexName=IDX_UPDATE_TIME, tableName=MIGRATION_MODEL','',NULL,'4.8.0',NULL,NULL,'6539969377');
INSERT INTO `DATABASECHANGELOG` (`ID`, `AUTHOR`, `FILENAME`, `DATEEXECUTED`, `ORDEREXECUTED`, `EXECTYPE`, `MD5SUM`, `DESCRIPTION`, `COMMENTS`, `TAG`, `LIQUIBASE`, `CONTEXTS`, `LABELS`, `DEPLOYMENT_ID`) VALUES ('9.0.0-always-display-client','keycloak','META-INF/jpa-changelog-9.0.0.xml','2024-01-29 14:52:58',77,'EXECUTED','8:b44f8d9b7b6ea455305a6d72a200ed15','addColumn tableName=CLIENT','',NULL,'4.8.0',NULL,NULL,'6539969377');
INSERT INTO `DATABASECHANGELOG` (`ID`, `AUTHOR`, `FILENAME`, `DATEEXECUTED`, `ORDEREXECUTED`, `EXECTYPE`, `MD5SUM`, `DESCRIPTION`, `COMMENTS`, `TAG`, `LIQUIBASE`, `CONTEXTS`, `LABELS`, `DEPLOYMENT_ID`) VALUES ('9.0.0-drop-constraints-for-column-increase','keycloak','META-INF/jpa-changelog-9.0.0.xml','2024-01-29 14:52:58',78,'MARK_RAN','8:2d8ed5aaaeffd0cb004c046b4a903ac5','dropUniqueConstraint constraintName=UK_FRSR6T700S9V50BU18WS5PMT, tableName=RESOURCE_SERVER_PERM_TICKET; dropUniqueConstraint constraintName=UK_FRSR6T700S9V50BU18WS5HA6, tableName=RESOURCE_SERVER_RESOURCE; dropPrimaryKey constraintName=CONSTRAINT_O...','',NULL,'4.8.0',NULL,NULL,'6539969377');
INSERT INTO `DATABASECHANGELOG` (`ID`, `AUTHOR`, `FILENAME`, `DATEEXECUTED`, `ORDEREXECUTED`, `EXECTYPE`, `MD5SUM`, `DESCRIPTION`, `COMMENTS`, `TAG`, `LIQUIBASE`, `CONTEXTS`, `LABELS`, `DEPLOYMENT_ID`) VALUES ('9.0.0-increase-column-size-federated-fk','keycloak','META-INF/jpa-changelog-9.0.0.xml','2024-01-29 14:52:58',79,'EXECUTED','8:e290c01fcbc275326c511633f6e2acde','modifyDataType columnName=CLIENT_ID, tableName=FED_USER_CONSENT; modifyDataType columnName=CLIENT_REALM_CONSTRAINT, tableName=KEYCLOAK_ROLE; modifyDataType columnName=OWNER, tableName=RESOURCE_SERVER_POLICY; modifyDataType columnName=CLIENT_ID, ta...','',NULL,'4.8.0',NULL,NULL,'6539969377');
INSERT INTO `DATABASECHANGELOG` (`ID`, `AUTHOR`, `FILENAME`, `DATEEXECUTED`, `ORDEREXECUTED`, `EXECTYPE`, `MD5SUM`, `DESCRIPTION`, `COMMENTS`, `TAG`, `LIQUIBASE`, `CONTEXTS`, `LABELS`, `DEPLOYMENT_ID`) VALUES ('9.0.0-recreate-constraints-after-column-increase','keycloak','META-INF/jpa-changelog-9.0.0.xml','2024-01-29 14:52:58',80,'MARK_RAN','8:c9db8784c33cea210872ac2d805439f8','addNotNullConstraint columnName=CLIENT_ID, tableName=OFFLINE_CLIENT_SESSION; addNotNullConstraint columnName=OWNER, tableName=RESOURCE_SERVER_PERM_TICKET; addNotNullConstraint columnName=REQUESTER, tableName=RESOURCE_SERVER_PERM_TICKET; addNotNull...','',NULL,'4.8.0',NULL,NULL,'6539969377');
INSERT INTO `DATABASECHANGELOG` (`ID`, `AUTHOR`, `FILENAME`, `DATEEXECUTED`, `ORDEREXECUTED`, `EXECTYPE`, `MD5SUM`, `DESCRIPTION`, `COMMENTS`, `TAG`, `LIQUIBASE`, `CONTEXTS`, `LABELS`, `DEPLOYMENT_ID`) VALUES ('9.0.1-add-index-to-client.client_id','keycloak','META-INF/jpa-changelog-9.0.1.xml','2024-01-29 14:52:59',81,'EXECUTED','8:95b676ce8fc546a1fcfb4c92fae4add5','createIndex indexName=IDX_CLIENT_ID, tableName=CLIENT','',NULL,'4.8.0',NULL,NULL,'6539969377');
INSERT INTO `DATABASECHANGELOG` (`ID`, `AUTHOR`, `FILENAME`, `DATEEXECUTED`, `ORDEREXECUTED`, `EXECTYPE`, `MD5SUM`, `DESCRIPTION`, `COMMENTS`, `TAG`, `LIQUIBASE`, `CONTEXTS`, `LABELS`, `DEPLOYMENT_ID`) VALUES ('9.0.1-KEYCLOAK-12579-drop-constraints','keycloak','META-INF/jpa-changelog-9.0.1.xml','2024-01-29 14:52:59',82,'MARK_RAN','8:38a6b2a41f5651018b1aca93a41401e5','dropUniqueConstraint constraintName=SIBLING_NAMES, tableName=KEYCLOAK_GROUP','',NULL,'4.8.0',NULL,NULL,'6539969377');
INSERT INTO `DATABASECHANGELOG` (`ID`, `AUTHOR`, `FILENAME`, `DATEEXECUTED`, `ORDEREXECUTED`, `EXECTYPE`, `MD5SUM`, `DESCRIPTION`, `COMMENTS`, `TAG`, `LIQUIBASE`, `CONTEXTS`, `LABELS`, `DEPLOYMENT_ID`) VALUES ('9.0.1-KEYCLOAK-12579-add-not-null-constraint','keycloak','META-INF/jpa-changelog-9.0.1.xml','2024-01-29 14:52:59',83,'EXECUTED','8:3fb99bcad86a0229783123ac52f7609c','addNotNullConstraint columnName=PARENT_GROUP, tableName=KEYCLOAK_GROUP','',NULL,'4.8.0',NULL,NULL,'6539969377');
INSERT INTO `DATABASECHANGELOG` (`ID`, `AUTHOR`, `FILENAME`, `DATEEXECUTED`, `ORDEREXECUTED`, `EXECTYPE`, `MD5SUM`, `DESCRIPTION`, `COMMENTS`, `TAG`, `LIQUIBASE`, `CONTEXTS`, `LABELS`, `DEPLOYMENT_ID`) VALUES ('9.0.1-KEYCLOAK-12579-recreate-constraints','keycloak','META-INF/jpa-changelog-9.0.1.xml','2024-01-29 14:52:59',84,'MARK_RAN','8:64f27a6fdcad57f6f9153210f2ec1bdb','addUniqueConstraint constraintName=SIBLING_NAMES, tableName=KEYCLOAK_GROUP','',NULL,'4.8.0',NULL,NULL,'6539969377');
INSERT INTO `DATABASECHANGELOG` (`ID`, `AUTHOR`, `FILENAME`, `DATEEXECUTED`, `ORDEREXECUTED`, `EXECTYPE`, `MD5SUM`, `DESCRIPTION`, `COMMENTS`, `TAG`, `LIQUIBASE`, `CONTEXTS`, `LABELS`, `DEPLOYMENT_ID`) VALUES ('9.0.1-add-index-to-events','keycloak','META-INF/jpa-changelog-9.0.1.xml','2024-01-29 14:52:59',85,'EXECUTED','8:ab4f863f39adafd4c862f7ec01890abc','createIndex indexName=IDX_EVENT_TIME, tableName=EVENT_ENTITY','',NULL,'4.8.0',NULL,NULL,'6539969377');
INSERT INTO `DATABASECHANGELOG` (`ID`, `AUTHOR`, `FILENAME`, `DATEEXECUTED`, `ORDEREXECUTED`, `EXECTYPE`, `MD5SUM`, `DESCRIPTION`, `COMMENTS`, `TAG`, `LIQUIBASE`, `CONTEXTS`, `LABELS`, `DEPLOYMENT_ID`) VALUES ('map-remove-ri','keycloak','META-INF/jpa-changelog-11.0.0.xml','2024-01-29 14:52:59',86,'EXECUTED','8:13c419a0eb336e91ee3a3bf8fda6e2a7','dropForeignKeyConstraint baseTableName=REALM, constraintName=FK_TRAF444KK6QRKMS7N56AIWQ5Y; dropForeignKeyConstraint baseTableName=KEYCLOAK_ROLE, constraintName=FK_KJHO5LE2C0RAL09FL8CM9WFW9','',NULL,'4.8.0',NULL,NULL,'6539969377');
INSERT INTO `DATABASECHANGELOG` (`ID`, `AUTHOR`, `FILENAME`, `DATEEXECUTED`, `ORDEREXECUTED`, `EXECTYPE`, `MD5SUM`, `DESCRIPTION`, `COMMENTS`, `TAG`, `LIQUIBASE`, `CONTEXTS`, `LABELS`, `DEPLOYMENT_ID`) VALUES ('map-remove-ri','keycloak','META-INF/jpa-changelog-12.0.0.xml','2024-01-29 14:52:59',87,'EXECUTED','8:e3fb1e698e0471487f51af1ed80fe3ac','dropForeignKeyConstraint baseTableName=REALM_DEFAULT_GROUPS, constraintName=FK_DEF_GROUPS_GROUP; dropForeignKeyConstraint baseTableName=REALM_DEFAULT_ROLES, constraintName=FK_H4WPD7W4HSOOLNI3H0SW7BTJE; dropForeignKeyConstraint baseTableName=CLIENT...','',NULL,'4.8.0',NULL,NULL,'6539969377');
INSERT INTO `DATABASECHANGELOG` (`ID`, `AUTHOR`, `FILENAME`, `DATEEXECUTED`, `ORDEREXECUTED`, `EXECTYPE`, `MD5SUM`, `DESCRIPTION`, `COMMENTS`, `TAG`, `LIQUIBASE`, `CONTEXTS`, `LABELS`, `DEPLOYMENT_ID`) VALUES ('12.1.0-add-realm-localization-table','keycloak','META-INF/jpa-changelog-12.0.0.xml','2024-01-29 14:52:59',88,'EXECUTED','8:babadb686aab7b56562817e60bf0abd0','createTable tableName=REALM_LOCALIZATIONS; addPrimaryKey tableName=REALM_LOCALIZATIONS','',NULL,'4.8.0',NULL,NULL,'6539969377');
INSERT INTO `DATABASECHANGELOG` (`ID`, `AUTHOR`, `FILENAME`, `DATEEXECUTED`, `ORDEREXECUTED`, `EXECTYPE`, `MD5SUM`, `DESCRIPTION`, `COMMENTS`, `TAG`, `LIQUIBASE`, `CONTEXTS`, `LABELS`, `DEPLOYMENT_ID`) VALUES ('default-roles','keycloak','META-INF/jpa-changelog-13.0.0.xml','2024-01-29 14:52:59',89,'EXECUTED','8:72d03345fda8e2f17093d08801947773','addColumn tableName=REALM; customChange','',NULL,'4.8.0',NULL,NULL,'6539969377');
INSERT INTO `DATABASECHANGELOG` (`ID`, `AUTHOR`, `FILENAME`, `DATEEXECUTED`, `ORDEREXECUTED`, `EXECTYPE`, `MD5SUM`, `DESCRIPTION`, `COMMENTS`, `TAG`, `LIQUIBASE`, `CONTEXTS`, `LABELS`, `DEPLOYMENT_ID`) VALUES ('default-roles-cleanup','keycloak','META-INF/jpa-changelog-13.0.0.xml','2024-01-29 14:52:59',90,'EXECUTED','8:61c9233951bd96ffecd9ba75f7d978a4','dropTable tableName=REALM_DEFAULT_ROLES; dropTable tableName=CLIENT_DEFAULT_ROLES','',NULL,'4.8.0',NULL,NULL,'6539969377');
INSERT INTO `DATABASECHANGELOG` (`ID`, `AUTHOR`, `FILENAME`, `DATEEXECUTED`, `ORDEREXECUTED`, `EXECTYPE`, `MD5SUM`, `DESCRIPTION`, `COMMENTS`, `TAG`, `LIQUIBASE`, `CONTEXTS`, `LABELS`, `DEPLOYMENT_ID`) VALUES ('13.0.0-KEYCLOAK-16844','keycloak','META-INF/jpa-changelog-13.0.0.xml','2024-01-29 14:52:59',91,'EXECUTED','8:ea82e6ad945cec250af6372767b25525','createIndex indexName=IDX_OFFLINE_USS_PRELOAD, tableName=OFFLINE_USER_SESSION','',NULL,'4.8.0',NULL,NULL,'6539969377');
INSERT INTO `DATABASECHANGELOG` (`ID`, `AUTHOR`, `FILENAME`, `DATEEXECUTED`, `ORDEREXECUTED`, `EXECTYPE`, `MD5SUM`, `DESCRIPTION`, `COMMENTS`, `TAG`, `LIQUIBASE`, `CONTEXTS`, `LABELS`, `DEPLOYMENT_ID`) VALUES ('map-remove-ri-13.0.0','keycloak','META-INF/jpa-changelog-13.0.0.xml','2024-01-29 14:52:59',92,'EXECUTED','8:d3f4a33f41d960ddacd7e2ef30d126b3','dropForeignKeyConstraint baseTableName=DEFAULT_CLIENT_SCOPE, constraintName=FK_R_DEF_CLI_SCOPE_SCOPE; dropForeignKeyConstraint baseTableName=CLIENT_SCOPE_CLIENT, constraintName=FK_C_CLI_SCOPE_SCOPE; dropForeignKeyConstraint baseTableName=CLIENT_SC...','',NULL,'4.8.0',NULL,NULL,'6539969377');
INSERT INTO `DATABASECHANGELOG` (`ID`, `AUTHOR`, `FILENAME`, `DATEEXECUTED`, `ORDEREXECUTED`, `EXECTYPE`, `MD5SUM`, `DESCRIPTION`, `COMMENTS`, `TAG`, `LIQUIBASE`, `CONTEXTS`, `LABELS`, `DEPLOYMENT_ID`) VALUES ('13.0.0-KEYCLOAK-17992-drop-constraints','keycloak','META-INF/jpa-changelog-13.0.0.xml','2024-01-29 14:52:59',93,'MARK_RAN','8:1284a27fbd049d65831cb6fc07c8a783','dropPrimaryKey constraintName=C_CLI_SCOPE_BIND, tableName=CLIENT_SCOPE_CLIENT; dropIndex indexName=IDX_CLSCOPE_CL, tableName=CLIENT_SCOPE_CLIENT; dropIndex indexName=IDX_CL_CLSCOPE, tableName=CLIENT_SCOPE_CLIENT','',NULL,'4.8.0',NULL,NULL,'6539969377');
INSERT INTO `DATABASECHANGELOG` (`ID`, `AUTHOR`, `FILENAME`, `DATEEXECUTED`, `ORDEREXECUTED`, `EXECTYPE`, `MD5SUM`, `DESCRIPTION`, `COMMENTS`, `TAG`, `LIQUIBASE`, `CONTEXTS`, `LABELS`, `DEPLOYMENT_ID`) VALUES ('13.0.0-increase-column-size-federated','keycloak','META-INF/jpa-changelog-13.0.0.xml','2024-01-29 14:52:59',94,'EXECUTED','8:9d11b619db2ae27c25853b8a37cd0dea','modifyDataType columnName=CLIENT_ID, tableName=CLIENT_SCOPE_CLIENT; modifyDataType columnName=SCOPE_ID, tableName=CLIENT_SCOPE_CLIENT','',NULL,'4.8.0',NULL,NULL,'6539969377');
INSERT INTO `DATABASECHANGELOG` (`ID`, `AUTHOR`, `FILENAME`, `DATEEXECUTED`, `ORDEREXECUTED`, `EXECTYPE`, `MD5SUM`, `DESCRIPTION`, `COMMENTS`, `TAG`, `LIQUIBASE`, `CONTEXTS`, `LABELS`, `DEPLOYMENT_ID`) VALUES ('13.0.0-KEYCLOAK-17992-recreate-constraints','keycloak','META-INF/jpa-changelog-13.0.0.xml','2024-01-29 14:52:59',95,'MARK_RAN','8:3002bb3997451bb9e8bac5c5cd8d6327','addNotNullConstraint columnName=CLIENT_ID, tableName=CLIENT_SCOPE_CLIENT; addNotNullConstraint columnName=SCOPE_ID, tableName=CLIENT_SCOPE_CLIENT; addPrimaryKey constraintName=C_CLI_SCOPE_BIND, tableName=CLIENT_SCOPE_CLIENT; createIndex indexName=...','',NULL,'4.8.0',NULL,NULL,'6539969377');
INSERT INTO `DATABASECHANGELOG` (`ID`, `AUTHOR`, `FILENAME`, `DATEEXECUTED`, `ORDEREXECUTED`, `EXECTYPE`, `MD5SUM`, `DESCRIPTION`, `COMMENTS`, `TAG`, `LIQUIBASE`, `CONTEXTS`, `LABELS`, `DEPLOYMENT_ID`) VALUES ('json-string-accomodation-fixed','keycloak','META-INF/jpa-changelog-13.0.0.xml','2024-01-29 14:52:59',96,'EXECUTED','8:dfbee0d6237a23ef4ccbb7a4e063c163','addColumn tableName=REALM_ATTRIBUTE; update tableName=REALM_ATTRIBUTE; dropColumn columnName=VALUE, tableName=REALM_ATTRIBUTE; renameColumn newColumnName=VALUE, oldColumnName=VALUE_NEW, tableName=REALM_ATTRIBUTE','',NULL,'4.8.0',NULL,NULL,'6539969377');
INSERT INTO `DATABASECHANGELOG` (`ID`, `AUTHOR`, `FILENAME`, `DATEEXECUTED`, `ORDEREXECUTED`, `EXECTYPE`, `MD5SUM`, `DESCRIPTION`, `COMMENTS`, `TAG`, `LIQUIBASE`, `CONTEXTS`, `LABELS`, `DEPLOYMENT_ID`) VALUES ('14.0.0-KEYCLOAK-11019','keycloak','META-INF/jpa-changelog-14.0.0.xml','2024-01-29 14:52:59',97,'EXECUTED','8:75f3e372df18d38c62734eebb986b960','createIndex indexName=IDX_OFFLINE_CSS_PRELOAD, tableName=OFFLINE_CLIENT_SESSION; createIndex indexName=IDX_OFFLINE_USS_BY_USER, tableName=OFFLINE_USER_SESSION; createIndex indexName=IDX_OFFLINE_USS_BY_USERSESS, tableName=OFFLINE_USER_SESSION','',NULL,'4.8.0',NULL,NULL,'6539969377');
INSERT INTO `DATABASECHANGELOG` (`ID`, `AUTHOR`, `FILENAME`, `DATEEXECUTED`, `ORDEREXECUTED`, `EXECTYPE`, `MD5SUM`, `DESCRIPTION`, `COMMENTS`, `TAG`, `LIQUIBASE`, `CONTEXTS`, `LABELS`, `DEPLOYMENT_ID`) VALUES ('14.0.0-KEYCLOAK-18286','keycloak','META-INF/jpa-changelog-14.0.0.xml','2024-01-29 14:52:59',98,'MARK_RAN','8:7fee73eddf84a6035691512c85637eef','createIndex indexName=IDX_CLIENT_ATT_BY_NAME_VALUE, tableName=CLIENT_ATTRIBUTES','',NULL,'4.8.0',NULL,NULL,'6539969377');
INSERT INTO `DATABASECHANGELOG` (`ID`, `AUTHOR`, `FILENAME`, `DATEEXECUTED`, `ORDEREXECUTED`, `EXECTYPE`, `MD5SUM`, `DESCRIPTION`, `COMMENTS`, `TAG`, `LIQUIBASE`, `CONTEXTS`, `LABELS`, `DEPLOYMENT_ID`) VALUES ('14.0.0-KEYCLOAK-18286-revert','keycloak','META-INF/jpa-changelog-14.0.0.xml','2024-01-29 14:52:59',99,'MARK_RAN','8:7a11134ab12820f999fbf3bb13c3adc8','dropIndex indexName=IDX_CLIENT_ATT_BY_NAME_VALUE, tableName=CLIENT_ATTRIBUTES','',NULL,'4.8.0',NULL,NULL,'6539969377');
INSERT INTO `DATABASECHANGELOG` (`ID`, `AUTHOR`, `FILENAME`, `DATEEXECUTED`, `ORDEREXECUTED`, `EXECTYPE`, `MD5SUM`, `DESCRIPTION`, `COMMENTS`, `TAG`, `LIQUIBASE`, `CONTEXTS`, `LABELS`, `DEPLOYMENT_ID`) VALUES ('14.0.0-KEYCLOAK-18286-supported-dbs','keycloak','META-INF/jpa-changelog-14.0.0.xml','2024-01-29 14:52:59',100,'EXECUTED','8:f43dfba07ba249d5d932dc489fd2b886','createIndex indexName=IDX_CLIENT_ATT_BY_NAME_VALUE, tableName=CLIENT_ATTRIBUTES','',NULL,'4.8.0',NULL,NULL,'6539969377');
INSERT INTO `DATABASECHANGELOG` (`ID`, `AUTHOR`, `FILENAME`, `DATEEXECUTED`, `ORDEREXECUTED`, `EXECTYPE`, `MD5SUM`, `DESCRIPTION`, `COMMENTS`, `TAG`, `LIQUIBASE`, `CONTEXTS`, `LABELS`, `DEPLOYMENT_ID`) VALUES ('14.0.0-KEYCLOAK-18286-unsupported-dbs','keycloak','META-INF/jpa-changelog-14.0.0.xml','2024-01-29 14:52:59',101,'MARK_RAN','8:18186f0008b86e0f0f49b0c4d0e842ac','createIndex indexName=IDX_CLIENT_ATT_BY_NAME_VALUE, tableName=CLIENT_ATTRIBUTES','',NULL,'4.8.0',NULL,NULL,'6539969377');
INSERT INTO `DATABASECHANGELOG` (`ID`, `AUTHOR`, `FILENAME`, `DATEEXECUTED`, `ORDEREXECUTED`, `EXECTYPE`, `MD5SUM`, `DESCRIPTION`, `COMMENTS`, `TAG`, `LIQUIBASE`, `CONTEXTS`, `LABELS`, `DEPLOYMENT_ID`) VALUES ('KEYCLOAK-17267-add-index-to-user-attributes','keycloak','META-INF/jpa-changelog-14.0.0.xml','2024-01-29 14:52:59',102,'EXECUTED','8:09c2780bcb23b310a7019d217dc7b433','createIndex indexName=IDX_USER_ATTRIBUTE_NAME, tableName=USER_ATTRIBUTE','',NULL,'4.8.0',NULL,NULL,'6539969377');
INSERT INTO `DATABASECHANGELOG` (`ID`, `AUTHOR`, `FILENAME`, `DATEEXECUTED`, `ORDEREXECUTED`, `EXECTYPE`, `MD5SUM`, `DESCRIPTION`, `COMMENTS`, `TAG`, `LIQUIBASE`, `CONTEXTS`, `LABELS`, `DEPLOYMENT_ID`) VALUES ('KEYCLOAK-18146-add-saml-art-binding-identifier','keycloak','META-INF/jpa-changelog-14.0.0.xml','2024-01-29 14:52:59',103,'EXECUTED','8:276a44955eab693c970a42880197fff2','customChange','',NULL,'4.8.0',NULL,NULL,'6539969377');
INSERT INTO `DATABASECHANGELOG` (`ID`, `AUTHOR`, `FILENAME`, `DATEEXECUTED`, `ORDEREXECUTED`, `EXECTYPE`, `MD5SUM`, `DESCRIPTION`, `COMMENTS`, `TAG`, `LIQUIBASE`, `CONTEXTS`, `LABELS`, `DEPLOYMENT_ID`) VALUES ('15.0.0-KEYCLOAK-18467','keycloak','META-INF/jpa-changelog-15.0.0.xml','2024-01-29 14:52:59',104,'EXECUTED','8:ba8ee3b694d043f2bfc1a1079d0760d7','addColumn tableName=REALM_LOCALIZATIONS; update tableName=REALM_LOCALIZATIONS; dropColumn columnName=TEXTS, tableName=REALM_LOCALIZATIONS; renameColumn newColumnName=TEXTS, oldColumnName=TEXTS_NEW, tableName=REALM_LOCALIZATIONS; addNotNullConstrai...','',NULL,'4.8.0',NULL,NULL,'6539969377');
INSERT INTO `DATABASECHANGELOG` (`ID`, `AUTHOR`, `FILENAME`, `DATEEXECUTED`, `ORDEREXECUTED`, `EXECTYPE`, `MD5SUM`, `DESCRIPTION`, `COMMENTS`, `TAG`, `LIQUIBASE`, `CONTEXTS`, `LABELS`, `DEPLOYMENT_ID`) VALUES ('17.0.0-9562','keycloak','META-INF/jpa-changelog-17.0.0.xml','2024-01-29 14:52:59',105,'EXECUTED','8:5e06b1d75f5d17685485e610c2851b17','createIndex indexName=IDX_USER_SERVICE_ACCOUNT, tableName=USER_ENTITY','',NULL,'4.8.0',NULL,NULL,'6539969377');
INSERT INTO `DATABASECHANGELOG` (`ID`, `AUTHOR`, `FILENAME`, `DATEEXECUTED`, `ORDEREXECUTED`, `EXECTYPE`, `MD5SUM`, `DESCRIPTION`, `COMMENTS`, `TAG`, `LIQUIBASE`, `CONTEXTS`, `LABELS`, `DEPLOYMENT_ID`) VALUES ('18.0.0-10625-IDX_ADMIN_EVENT_TIME','keycloak','META-INF/jpa-changelog-18.0.0.xml','2024-01-29 14:52:59',106,'EXECUTED','8:4b80546c1dc550ac552ee7b24a4ab7c0','createIndex indexName=IDX_ADMIN_EVENT_TIME, tableName=ADMIN_EVENT_ENTITY','',NULL,'4.8.0',NULL,NULL,'6539969377');
/*!40000 ALTER TABLE `DATABASECHANGELOG` ENABLE KEYS */;
UNLOCK TABLES;

--
-- Table structure for table `DATABASECHANGELOGLOCK`
--

DROP TABLE IF EXISTS `DATABASECHANGELOGLOCK`;
/*!40101 SET @saved_cs_client     = @@character_set_client */;
 SET character_set_client = utf8mb4 ;
CREATE TABLE `DATABASECHANGELOGLOCK` (
  `ID` int NOT NULL,
  `LOCKED` bit(1) NOT NULL,
  `LOCKGRANTED` datetime DEFAULT NULL,
  `LOCKEDBY` varchar(255) CHARACTER SET utf8mb4 COLLATE utf8mb4_unicode_ci DEFAULT NULL,
  PRIMARY KEY (`ID`)
) ENGINE=InnoDB DEFAULT CHARSET=utf8mb4 COLLATE=utf8mb4_unicode_ci;
/*!40101 SET character_set_client = @saved_cs_client */;

--
-- Dumping data for table `DATABASECHANGELOGLOCK`
--

LOCK TABLES `DATABASECHANGELOGLOCK` WRITE;
/*!40000 ALTER TABLE `DATABASECHANGELOGLOCK` DISABLE KEYS */;
INSERT INTO `DATABASECHANGELOGLOCK` (`ID`, `LOCKED`, `LOCKGRANTED`, `LOCKEDBY`) VALUES (1,_binary '\0',NULL,NULL);
INSERT INTO `DATABASECHANGELOGLOCK` (`ID`, `LOCKED`, `LOCKGRANTED`, `LOCKEDBY`) VALUES (1000,_binary '\0',NULL,NULL);
INSERT INTO `DATABASECHANGELOGLOCK` (`ID`, `LOCKED`, `LOCKGRANTED`, `LOCKEDBY`) VALUES (1001,_binary '\0',NULL,NULL);
/*!40000 ALTER TABLE `DATABASECHANGELOGLOCK` ENABLE KEYS */;
UNLOCK TABLES;

--
-- Table structure for table `DEFAULT_CLIENT_SCOPE`
--

DROP TABLE IF EXISTS `DEFAULT_CLIENT_SCOPE`;
/*!40101 SET @saved_cs_client     = @@character_set_client */;
 SET character_set_client = utf8mb4 ;
CREATE TABLE `DEFAULT_CLIENT_SCOPE` (
  `REALM_ID` varchar(36) CHARACTER SET utf8mb4 COLLATE utf8mb4_unicode_ci NOT NULL,
  `SCOPE_ID` varchar(36) CHARACTER SET utf8mb4 COLLATE utf8mb4_unicode_ci NOT NULL,
  `DEFAULT_SCOPE` bit(1) NOT NULL DEFAULT b'0',
  PRIMARY KEY (`REALM_ID`,`SCOPE_ID`),
  KEY `IDX_DEFCLS_REALM` (`REALM_ID`),
  KEY `IDX_DEFCLS_SCOPE` (`SCOPE_ID`),
  CONSTRAINT `FK_R_DEF_CLI_SCOPE_REALM` FOREIGN KEY (`REALM_ID`) REFERENCES `REALM` (`ID`)
) ENGINE=InnoDB DEFAULT CHARSET=utf8mb4 COLLATE=utf8mb4_unicode_ci;
/*!40101 SET character_set_client = @saved_cs_client */;

--
-- Dumping data for table `DEFAULT_CLIENT_SCOPE`
--

LOCK TABLES `DEFAULT_CLIENT_SCOPE` WRITE;
/*!40000 ALTER TABLE `DEFAULT_CLIENT_SCOPE` DISABLE KEYS */;
INSERT INTO `DEFAULT_CLIENT_SCOPE` (`REALM_ID`, `SCOPE_ID`, `DEFAULT_SCOPE`) VALUES ('3586be3d-c811-48bd-ac93-c1efbb056510','1bd5cf12-c78b-47e4-b866-389a9eddfb6e',_binary '\0');
INSERT INTO `DEFAULT_CLIENT_SCOPE` (`REALM_ID`, `SCOPE_ID`, `DEFAULT_SCOPE`) VALUES ('3586be3d-c811-48bd-ac93-c1efbb056510','1cdf2a00-dc33-4d6f-ad6c-50e314a68e8f',_binary '\0');
INSERT INTO `DEFAULT_CLIENT_SCOPE` (`REALM_ID`, `SCOPE_ID`, `DEFAULT_SCOPE`) VALUES ('3586be3d-c811-48bd-ac93-c1efbb056510','337ecf75-b755-4e78-9fe2-c127619805f2',_binary '');
INSERT INTO `DEFAULT_CLIENT_SCOPE` (`REALM_ID`, `SCOPE_ID`, `DEFAULT_SCOPE`) VALUES ('3586be3d-c811-48bd-ac93-c1efbb056510','472221c4-e338-4721-ba0c-3bc8b32b94b0',_binary '');
INSERT INTO `DEFAULT_CLIENT_SCOPE` (`REALM_ID`, `SCOPE_ID`, `DEFAULT_SCOPE`) VALUES ('3586be3d-c811-48bd-ac93-c1efbb056510','7fd91d53-690e-4969-819e-21b590ada88d',_binary '');
INSERT INTO `DEFAULT_CLIENT_SCOPE` (`REALM_ID`, `SCOPE_ID`, `DEFAULT_SCOPE`) VALUES ('3586be3d-c811-48bd-ac93-c1efbb056510','a39dccd1-d830-4827-aaef-6f95ecc2f64c',_binary '');
INSERT INTO `DEFAULT_CLIENT_SCOPE` (`REALM_ID`, `SCOPE_ID`, `DEFAULT_SCOPE`) VALUES ('3586be3d-c811-48bd-ac93-c1efbb056510','b7045491-ba08-47c6-b1e8-a2fc78116915',_binary '\0');
INSERT INTO `DEFAULT_CLIENT_SCOPE` (`REALM_ID`, `SCOPE_ID`, `DEFAULT_SCOPE`) VALUES ('3586be3d-c811-48bd-ac93-c1efbb056510','bda4e25b-7bd6-4065-bef1-d9497382be7d',_binary '');
INSERT INTO `DEFAULT_CLIENT_SCOPE` (`REALM_ID`, `SCOPE_ID`, `DEFAULT_SCOPE`) VALUES ('3586be3d-c811-48bd-ac93-c1efbb056510','cd7d0f7f-6ee2-401a-bd2c-a2e94ae75342',_binary '\0');
INSERT INTO `DEFAULT_CLIENT_SCOPE` (`REALM_ID`, `SCOPE_ID`, `DEFAULT_SCOPE`) VALUES ('3586be3d-c811-48bd-ac93-c1efbb056510','d4fa7a70-fa00-40c5-98cc-d927e569586d',_binary '');
INSERT INTO `DEFAULT_CLIENT_SCOPE` (`REALM_ID`, `SCOPE_ID`, `DEFAULT_SCOPE`) VALUES ('MyReam','1e18ced5-1dda-476d-aa97-762f767b94f4',_binary '');
INSERT INTO `DEFAULT_CLIENT_SCOPE` (`REALM_ID`, `SCOPE_ID`, `DEFAULT_SCOPE`) VALUES ('MyReam','39ae26bf-20ef-4d02-8b5f-75ad7ec5e000',_binary '\0');
INSERT INTO `DEFAULT_CLIENT_SCOPE` (`REALM_ID`, `SCOPE_ID`, `DEFAULT_SCOPE`) VALUES ('MyReam','4d5513e1-ff32-496d-a791-a3502c51ced5',_binary '');
INSERT INTO `DEFAULT_CLIENT_SCOPE` (`REALM_ID`, `SCOPE_ID`, `DEFAULT_SCOPE`) VALUES ('MyReam','6153b616-2951-43fc-9a9c-4b6e214c613a',_binary '');
INSERT INTO `DEFAULT_CLIENT_SCOPE` (`REALM_ID`, `SCOPE_ID`, `DEFAULT_SCOPE`) VALUES ('MyReam','63c858f6-f215-4b7b-89b7-edb2bf7b0bbd',_binary '');
INSERT INTO `DEFAULT_CLIENT_SCOPE` (`REALM_ID`, `SCOPE_ID`, `DEFAULT_SCOPE`) VALUES ('MyReam','6def4927-073b-4ced-b340-ca7c6131fe27',_binary '');
INSERT INTO `DEFAULT_CLIENT_SCOPE` (`REALM_ID`, `SCOPE_ID`, `DEFAULT_SCOPE`) VALUES ('MyReam','7cf1977d-3bd0-477e-955a-0ca107746c7d',_binary '\0');
INSERT INTO `DEFAULT_CLIENT_SCOPE` (`REALM_ID`, `SCOPE_ID`, `DEFAULT_SCOPE`) VALUES ('MyReam','bba27c61-5c56-44c2-86b8-9dddbf2efaf1',_binary '\0');
INSERT INTO `DEFAULT_CLIENT_SCOPE` (`REALM_ID`, `SCOPE_ID`, `DEFAULT_SCOPE`) VALUES ('MyReam','c92642f4-a5df-4929-ac09-dcc438f478c1',_binary '');
INSERT INTO `DEFAULT_CLIENT_SCOPE` (`REALM_ID`, `SCOPE_ID`, `DEFAULT_SCOPE`) VALUES ('MyReam','d495b4d0-5a42-497b-9fcb-d009d223019a',_binary '\0');
/*!40000 ALTER TABLE `DEFAULT_CLIENT_SCOPE` ENABLE KEYS */;
UNLOCK TABLES;

--
-- Table structure for table `EVENT_ENTITY`
--

DROP TABLE IF EXISTS `EVENT_ENTITY`;
/*!40101 SET @saved_cs_client     = @@character_set_client */;
 SET character_set_client = utf8mb4 ;
CREATE TABLE `EVENT_ENTITY` (
  `ID` varchar(36) CHARACTER SET utf8mb4 COLLATE utf8mb4_unicode_ci NOT NULL,
  `CLIENT_ID` varchar(255) CHARACTER SET utf8mb4 COLLATE utf8mb4_unicode_ci DEFAULT NULL,
  `DETAILS_JSON` text CHARACTER SET utf8mb4 COLLATE utf8mb4_unicode_ci,
  `ERROR` varchar(255) CHARACTER SET utf8mb4 COLLATE utf8mb4_unicode_ci DEFAULT NULL,
  `IP_ADDRESS` varchar(255) CHARACTER SET utf8mb4 COLLATE utf8mb4_unicode_ci DEFAULT NULL,
  `REALM_ID` varchar(255) CHARACTER SET utf8mb4 COLLATE utf8mb4_unicode_ci DEFAULT NULL,
  `SESSION_ID` varchar(255) CHARACTER SET utf8mb4 COLLATE utf8mb4_unicode_ci DEFAULT NULL,
  `EVENT_TIME` bigint DEFAULT NULL,
  `TYPE` varchar(255) CHARACTER SET utf8mb4 COLLATE utf8mb4_unicode_ci DEFAULT NULL,
  `USER_ID` varchar(255) CHARACTER SET utf8mb4 COLLATE utf8mb4_unicode_ci DEFAULT NULL,
  PRIMARY KEY (`ID`),
  KEY `IDX_EVENT_TIME` (`REALM_ID`,`EVENT_TIME`)
) ENGINE=InnoDB DEFAULT CHARSET=utf8mb4 COLLATE=utf8mb4_unicode_ci;
/*!40101 SET character_set_client = @saved_cs_client */;

--
-- Dumping data for table `EVENT_ENTITY`
--

LOCK TABLES `EVENT_ENTITY` WRITE;
/*!40000 ALTER TABLE `EVENT_ENTITY` DISABLE KEYS */;
/*!40000 ALTER TABLE `EVENT_ENTITY` ENABLE KEYS */;
UNLOCK TABLES;

--
-- Table structure for table `FEDERATED_IDENTITY`
--

DROP TABLE IF EXISTS `FEDERATED_IDENTITY`;
/*!40101 SET @saved_cs_client     = @@character_set_client */;
 SET character_set_client = utf8mb4 ;
CREATE TABLE `FEDERATED_IDENTITY` (
  `IDENTITY_PROVIDER` varchar(255) CHARACTER SET utf8mb4 COLLATE utf8mb4_unicode_ci NOT NULL,
  `REALM_ID` varchar(36) CHARACTER SET utf8mb4 COLLATE utf8mb4_unicode_ci DEFAULT NULL,
  `FEDERATED_USER_ID` varchar(255) CHARACTER SET utf8mb4 COLLATE utf8mb4_unicode_ci DEFAULT NULL,
  `FEDERATED_USERNAME` varchar(255) CHARACTER SET utf8mb4 COLLATE utf8mb4_unicode_ci DEFAULT NULL,
  `TOKEN` text CHARACTER SET utf8mb4 COLLATE utf8mb4_unicode_ci,
  `USER_ID` varchar(36) CHARACTER SET utf8mb4 COLLATE utf8mb4_unicode_ci NOT NULL,
  PRIMARY KEY (`IDENTITY_PROVIDER`,`USER_ID`),
  KEY `IDX_FEDIDENTITY_USER` (`USER_ID`),
  KEY `IDX_FEDIDENTITY_FEDUSER` (`FEDERATED_USER_ID`),
  CONSTRAINT `FK404288B92EF007A6` FOREIGN KEY (`USER_ID`) REFERENCES `USER_ENTITY` (`ID`)
) ENGINE=InnoDB DEFAULT CHARSET=utf8mb4 COLLATE=utf8mb4_unicode_ci;
/*!40101 SET character_set_client = @saved_cs_client */;

--
-- Dumping data for table `FEDERATED_IDENTITY`
--

LOCK TABLES `FEDERATED_IDENTITY` WRITE;
/*!40000 ALTER TABLE `FEDERATED_IDENTITY` DISABLE KEYS */;
/*!40000 ALTER TABLE `FEDERATED_IDENTITY` ENABLE KEYS */;
UNLOCK TABLES;

--
-- Table structure for table `FEDERATED_USER`
--

DROP TABLE IF EXISTS `FEDERATED_USER`;
/*!40101 SET @saved_cs_client     = @@character_set_client */;
 SET character_set_client = utf8mb4 ;
CREATE TABLE `FEDERATED_USER` (
  `ID` varchar(255) CHARACTER SET utf8mb4 COLLATE utf8mb4_unicode_ci NOT NULL,
  `STORAGE_PROVIDER_ID` varchar(255) CHARACTER SET utf8mb4 COLLATE utf8mb4_unicode_ci DEFAULT NULL,
  `REALM_ID` varchar(36) CHARACTER SET utf8mb4 COLLATE utf8mb4_unicode_ci NOT NULL,
  PRIMARY KEY (`ID`)
) ENGINE=InnoDB DEFAULT CHARSET=utf8mb4 COLLATE=utf8mb4_unicode_ci;
/*!40101 SET character_set_client = @saved_cs_client */;

--
-- Dumping data for table `FEDERATED_USER`
--

LOCK TABLES `FEDERATED_USER` WRITE;
/*!40000 ALTER TABLE `FEDERATED_USER` DISABLE KEYS */;
/*!40000 ALTER TABLE `FEDERATED_USER` ENABLE KEYS */;
UNLOCK TABLES;

--
-- Table structure for table `FED_USER_ATTRIBUTE`
--

DROP TABLE IF EXISTS `FED_USER_ATTRIBUTE`;
/*!40101 SET @saved_cs_client     = @@character_set_client */;
 SET character_set_client = utf8mb4 ;
CREATE TABLE `FED_USER_ATTRIBUTE` (
  `ID` varchar(36) CHARACTER SET utf8mb4 COLLATE utf8mb4_unicode_ci NOT NULL,
  `NAME` varchar(255) CHARACTER SET utf8mb4 COLLATE utf8mb4_unicode_ci NOT NULL,
  `USER_ID` varchar(255) CHARACTER SET utf8mb4 COLLATE utf8mb4_unicode_ci NOT NULL,
  `REALM_ID` varchar(36) CHARACTER SET utf8mb4 COLLATE utf8mb4_unicode_ci NOT NULL,
  `STORAGE_PROVIDER_ID` varchar(36) CHARACTER SET utf8mb4 COLLATE utf8mb4_unicode_ci DEFAULT NULL,
  `VALUE` text CHARACTER SET utf8mb4 COLLATE utf8mb4_unicode_ci,
  PRIMARY KEY (`ID`),
  KEY `IDX_FU_ATTRIBUTE` (`USER_ID`,`REALM_ID`,`NAME`)
) ENGINE=InnoDB DEFAULT CHARSET=utf8mb4 COLLATE=utf8mb4_unicode_ci;
/*!40101 SET character_set_client = @saved_cs_client */;

--
-- Dumping data for table `FED_USER_ATTRIBUTE`
--

LOCK TABLES `FED_USER_ATTRIBUTE` WRITE;
/*!40000 ALTER TABLE `FED_USER_ATTRIBUTE` DISABLE KEYS */;
/*!40000 ALTER TABLE `FED_USER_ATTRIBUTE` ENABLE KEYS */;
UNLOCK TABLES;

--
-- Table structure for table `FED_USER_CONSENT`
--

DROP TABLE IF EXISTS `FED_USER_CONSENT`;
/*!40101 SET @saved_cs_client     = @@character_set_client */;
 SET character_set_client = utf8mb4 ;
CREATE TABLE `FED_USER_CONSENT` (
  `ID` varchar(36) CHARACTER SET utf8mb4 COLLATE utf8mb4_unicode_ci NOT NULL,
  `CLIENT_ID` varchar(255) CHARACTER SET utf8mb4 COLLATE utf8mb4_unicode_ci DEFAULT NULL,
  `USER_ID` varchar(255) CHARACTER SET utf8mb4 COLLATE utf8mb4_unicode_ci NOT NULL,
  `REALM_ID` varchar(36) CHARACTER SET utf8mb4 COLLATE utf8mb4_unicode_ci NOT NULL,
  `STORAGE_PROVIDER_ID` varchar(36) CHARACTER SET utf8mb4 COLLATE utf8mb4_unicode_ci DEFAULT NULL,
  `CREATED_DATE` bigint DEFAULT NULL,
  `LAST_UPDATED_DATE` bigint DEFAULT NULL,
  `CLIENT_STORAGE_PROVIDER` varchar(36) CHARACTER SET utf8mb4 COLLATE utf8mb4_unicode_ci DEFAULT NULL,
  `EXTERNAL_CLIENT_ID` varchar(255) CHARACTER SET utf8mb4 COLLATE utf8mb4_unicode_ci DEFAULT NULL,
  PRIMARY KEY (`ID`),
  KEY `IDX_FU_CONSENT` (`USER_ID`,`CLIENT_ID`),
  KEY `IDX_FU_CONSENT_RU` (`REALM_ID`,`USER_ID`),
  KEY `IDX_FU_CNSNT_EXT` (`USER_ID`,`CLIENT_STORAGE_PROVIDER`,`EXTERNAL_CLIENT_ID`)
) ENGINE=InnoDB DEFAULT CHARSET=utf8mb4 COLLATE=utf8mb4_unicode_ci;
/*!40101 SET character_set_client = @saved_cs_client */;

--
-- Dumping data for table `FED_USER_CONSENT`
--

LOCK TABLES `FED_USER_CONSENT` WRITE;
/*!40000 ALTER TABLE `FED_USER_CONSENT` DISABLE KEYS */;
/*!40000 ALTER TABLE `FED_USER_CONSENT` ENABLE KEYS */;
UNLOCK TABLES;

--
-- Table structure for table `FED_USER_CONSENT_CL_SCOPE`
--

DROP TABLE IF EXISTS `FED_USER_CONSENT_CL_SCOPE`;
/*!40101 SET @saved_cs_client     = @@character_set_client */;
 SET character_set_client = utf8mb4 ;
CREATE TABLE `FED_USER_CONSENT_CL_SCOPE` (
  `USER_CONSENT_ID` varchar(36) CHARACTER SET utf8mb4 COLLATE utf8mb4_unicode_ci NOT NULL,
  `SCOPE_ID` varchar(36) CHARACTER SET utf8mb4 COLLATE utf8mb4_unicode_ci NOT NULL,
  PRIMARY KEY (`USER_CONSENT_ID`,`SCOPE_ID`)
) ENGINE=InnoDB DEFAULT CHARSET=utf8mb4 COLLATE=utf8mb4_unicode_ci;
/*!40101 SET character_set_client = @saved_cs_client */;

--
-- Dumping data for table `FED_USER_CONSENT_CL_SCOPE`
--

LOCK TABLES `FED_USER_CONSENT_CL_SCOPE` WRITE;
/*!40000 ALTER TABLE `FED_USER_CONSENT_CL_SCOPE` DISABLE KEYS */;
/*!40000 ALTER TABLE `FED_USER_CONSENT_CL_SCOPE` ENABLE KEYS */;
UNLOCK TABLES;

--
-- Table structure for table `FED_USER_CREDENTIAL`
--

DROP TABLE IF EXISTS `FED_USER_CREDENTIAL`;
/*!40101 SET @saved_cs_client     = @@character_set_client */;
 SET character_set_client = utf8mb4 ;
CREATE TABLE `FED_USER_CREDENTIAL` (
  `ID` varchar(36) CHARACTER SET utf8mb4 COLLATE utf8mb4_unicode_ci NOT NULL,
  `SALT` tinyblob,
  `TYPE` varchar(255) CHARACTER SET utf8mb4 COLLATE utf8mb4_unicode_ci DEFAULT NULL,
  `CREATED_DATE` bigint DEFAULT NULL,
  `USER_ID` varchar(255) CHARACTER SET utf8mb4 COLLATE utf8mb4_unicode_ci NOT NULL,
  `REALM_ID` varchar(36) CHARACTER SET utf8mb4 COLLATE utf8mb4_unicode_ci NOT NULL,
  `STORAGE_PROVIDER_ID` varchar(36) CHARACTER SET utf8mb4 COLLATE utf8mb4_unicode_ci DEFAULT NULL,
  `USER_LABEL` varchar(255) CHARACTER SET utf8mb4 COLLATE utf8mb4_unicode_ci DEFAULT NULL,
  `SECRET_DATA` longtext CHARACTER SET utf8mb4 COLLATE utf8mb4_unicode_ci,
  `CREDENTIAL_DATA` longtext CHARACTER SET utf8mb4 COLLATE utf8mb4_unicode_ci,
  `PRIORITY` int DEFAULT NULL,
  PRIMARY KEY (`ID`),
  KEY `IDX_FU_CREDENTIAL` (`USER_ID`,`TYPE`),
  KEY `IDX_FU_CREDENTIAL_RU` (`REALM_ID`,`USER_ID`)
) ENGINE=InnoDB DEFAULT CHARSET=utf8mb4 COLLATE=utf8mb4_unicode_ci;
/*!40101 SET character_set_client = @saved_cs_client */;

--
-- Dumping data for table `FED_USER_CREDENTIAL`
--

LOCK TABLES `FED_USER_CREDENTIAL` WRITE;
/*!40000 ALTER TABLE `FED_USER_CREDENTIAL` DISABLE KEYS */;
/*!40000 ALTER TABLE `FED_USER_CREDENTIAL` ENABLE KEYS */;
UNLOCK TABLES;

--
-- Table structure for table `FED_USER_GROUP_MEMBERSHIP`
--

DROP TABLE IF EXISTS `FED_USER_GROUP_MEMBERSHIP`;
/*!40101 SET @saved_cs_client     = @@character_set_client */;
 SET character_set_client = utf8mb4 ;
CREATE TABLE `FED_USER_GROUP_MEMBERSHIP` (
  `GROUP_ID` varchar(36) CHARACTER SET utf8mb4 COLLATE utf8mb4_unicode_ci NOT NULL,
  `USER_ID` varchar(255) CHARACTER SET utf8mb4 COLLATE utf8mb4_unicode_ci NOT NULL,
  `REALM_ID` varchar(36) CHARACTER SET utf8mb4 COLLATE utf8mb4_unicode_ci NOT NULL,
  `STORAGE_PROVIDER_ID` varchar(36) CHARACTER SET utf8mb4 COLLATE utf8mb4_unicode_ci DEFAULT NULL,
  PRIMARY KEY (`GROUP_ID`,`USER_ID`),
  KEY `IDX_FU_GROUP_MEMBERSHIP` (`USER_ID`,`GROUP_ID`),
  KEY `IDX_FU_GROUP_MEMBERSHIP_RU` (`REALM_ID`,`USER_ID`)
) ENGINE=InnoDB DEFAULT CHARSET=utf8mb4 COLLATE=utf8mb4_unicode_ci;
/*!40101 SET character_set_client = @saved_cs_client */;

--
-- Dumping data for table `FED_USER_GROUP_MEMBERSHIP`
--

LOCK TABLES `FED_USER_GROUP_MEMBERSHIP` WRITE;
/*!40000 ALTER TABLE `FED_USER_GROUP_MEMBERSHIP` DISABLE KEYS */;
/*!40000 ALTER TABLE `FED_USER_GROUP_MEMBERSHIP` ENABLE KEYS */;
UNLOCK TABLES;

--
-- Table structure for table `FED_USER_REQUIRED_ACTION`
--

DROP TABLE IF EXISTS `FED_USER_REQUIRED_ACTION`;
/*!40101 SET @saved_cs_client     = @@character_set_client */;
 SET character_set_client = utf8mb4 ;
CREATE TABLE `FED_USER_REQUIRED_ACTION` (
  `REQUIRED_ACTION` varchar(255) CHARACTER SET utf8mb4 COLLATE utf8mb4_unicode_ci NOT NULL DEFAULT ' ',
  `USER_ID` varchar(255) CHARACTER SET utf8mb4 COLLATE utf8mb4_unicode_ci NOT NULL,
  `REALM_ID` varchar(36) CHARACTER SET utf8mb4 COLLATE utf8mb4_unicode_ci NOT NULL,
  `STORAGE_PROVIDER_ID` varchar(36) CHARACTER SET utf8mb4 COLLATE utf8mb4_unicode_ci DEFAULT NULL,
  PRIMARY KEY (`REQUIRED_ACTION`,`USER_ID`),
  KEY `IDX_FU_REQUIRED_ACTION` (`USER_ID`,`REQUIRED_ACTION`),
  KEY `IDX_FU_REQUIRED_ACTION_RU` (`REALM_ID`,`USER_ID`)
) ENGINE=InnoDB DEFAULT CHARSET=utf8mb4 COLLATE=utf8mb4_unicode_ci;
/*!40101 SET character_set_client = @saved_cs_client */;

--
-- Dumping data for table `FED_USER_REQUIRED_ACTION`
--

LOCK TABLES `FED_USER_REQUIRED_ACTION` WRITE;
/*!40000 ALTER TABLE `FED_USER_REQUIRED_ACTION` DISABLE KEYS */;
/*!40000 ALTER TABLE `FED_USER_REQUIRED_ACTION` ENABLE KEYS */;
UNLOCK TABLES;

--
-- Table structure for table `FED_USER_ROLE_MAPPING`
--

DROP TABLE IF EXISTS `FED_USER_ROLE_MAPPING`;
/*!40101 SET @saved_cs_client     = @@character_set_client */;
 SET character_set_client = utf8mb4 ;
CREATE TABLE `FED_USER_ROLE_MAPPING` (
  `ROLE_ID` varchar(36) CHARACTER SET utf8mb4 COLLATE utf8mb4_unicode_ci NOT NULL,
  `USER_ID` varchar(255) CHARACTER SET utf8mb4 COLLATE utf8mb4_unicode_ci NOT NULL,
  `REALM_ID` varchar(36) CHARACTER SET utf8mb4 COLLATE utf8mb4_unicode_ci NOT NULL,
  `STORAGE_PROVIDER_ID` varchar(36) CHARACTER SET utf8mb4 COLLATE utf8mb4_unicode_ci DEFAULT NULL,
  PRIMARY KEY (`ROLE_ID`,`USER_ID`),
  KEY `IDX_FU_ROLE_MAPPING` (`USER_ID`,`ROLE_ID`),
  KEY `IDX_FU_ROLE_MAPPING_RU` (`REALM_ID`,`USER_ID`)
) ENGINE=InnoDB DEFAULT CHARSET=utf8mb4 COLLATE=utf8mb4_unicode_ci;
/*!40101 SET character_set_client = @saved_cs_client */;

--
-- Dumping data for table `FED_USER_ROLE_MAPPING`
--

LOCK TABLES `FED_USER_ROLE_MAPPING` WRITE;
/*!40000 ALTER TABLE `FED_USER_ROLE_MAPPING` DISABLE KEYS */;
/*!40000 ALTER TABLE `FED_USER_ROLE_MAPPING` ENABLE KEYS */;
UNLOCK TABLES;

--
-- Table structure for table `GROUP_ATTRIBUTE`
--

DROP TABLE IF EXISTS `GROUP_ATTRIBUTE`;
/*!40101 SET @saved_cs_client     = @@character_set_client */;
 SET character_set_client = utf8mb4 ;
CREATE TABLE `GROUP_ATTRIBUTE` (
  `ID` varchar(36) CHARACTER SET utf8mb4 COLLATE utf8mb4_unicode_ci NOT NULL DEFAULT 'sybase-needs-something-here',
  `NAME` varchar(255) CHARACTER SET utf8mb4 COLLATE utf8mb4_unicode_ci NOT NULL,
  `VALUE` varchar(255) CHARACTER SET utf8mb3 COLLATE utf8mb3_general_ci DEFAULT NULL,
  `GROUP_ID` varchar(36) CHARACTER SET utf8mb4 COLLATE utf8mb4_unicode_ci NOT NULL,
  PRIMARY KEY (`ID`),
  KEY `IDX_GROUP_ATTR_GROUP` (`GROUP_ID`),
  CONSTRAINT `FK_GROUP_ATTRIBUTE_GROUP` FOREIGN KEY (`GROUP_ID`) REFERENCES `KEYCLOAK_GROUP` (`ID`)
) ENGINE=InnoDB DEFAULT CHARSET=utf8mb4 COLLATE=utf8mb4_unicode_ci;
/*!40101 SET character_set_client = @saved_cs_client */;

--
-- Dumping data for table `GROUP_ATTRIBUTE`
--

LOCK TABLES `GROUP_ATTRIBUTE` WRITE;
/*!40000 ALTER TABLE `GROUP_ATTRIBUTE` DISABLE KEYS */;
/*!40000 ALTER TABLE `GROUP_ATTRIBUTE` ENABLE KEYS */;
UNLOCK TABLES;

--
-- Table structure for table `GROUP_ROLE_MAPPING`
--

DROP TABLE IF EXISTS `GROUP_ROLE_MAPPING`;
/*!40101 SET @saved_cs_client     = @@character_set_client */;
 SET character_set_client = utf8mb4 ;
CREATE TABLE `GROUP_ROLE_MAPPING` (
  `ROLE_ID` varchar(36) CHARACTER SET utf8mb4 COLLATE utf8mb4_unicode_ci NOT NULL,
  `GROUP_ID` varchar(36) CHARACTER SET utf8mb4 COLLATE utf8mb4_unicode_ci NOT NULL,
  PRIMARY KEY (`ROLE_ID`,`GROUP_ID`),
  KEY `IDX_GROUP_ROLE_MAPP_GROUP` (`GROUP_ID`),
  CONSTRAINT `FK_GROUP_ROLE_GROUP` FOREIGN KEY (`GROUP_ID`) REFERENCES `KEYCLOAK_GROUP` (`ID`)
) ENGINE=InnoDB DEFAULT CHARSET=utf8mb4 COLLATE=utf8mb4_unicode_ci;
/*!40101 SET character_set_client = @saved_cs_client */;

--
-- Dumping data for table `GROUP_ROLE_MAPPING`
--

LOCK TABLES `GROUP_ROLE_MAPPING` WRITE;
/*!40000 ALTER TABLE `GROUP_ROLE_MAPPING` DISABLE KEYS */;
/*!40000 ALTER TABLE `GROUP_ROLE_MAPPING` ENABLE KEYS */;
UNLOCK TABLES;

--
-- Table structure for table `IDENTITY_PROVIDER`
--

DROP TABLE IF EXISTS `IDENTITY_PROVIDER`;
/*!40101 SET @saved_cs_client     = @@character_set_client */;
 SET character_set_client = utf8mb4 ;
CREATE TABLE `IDENTITY_PROVIDER` (
  `INTERNAL_ID` varchar(36) CHARACTER SET utf8mb4 COLLATE utf8mb4_unicode_ci NOT NULL,
  `ENABLED` bit(1) NOT NULL DEFAULT b'0',
  `PROVIDER_ALIAS` varchar(255) CHARACTER SET utf8mb4 COLLATE utf8mb4_unicode_ci DEFAULT NULL,
  `PROVIDER_ID` varchar(255) CHARACTER SET utf8mb4 COLLATE utf8mb4_unicode_ci DEFAULT NULL,
  `STORE_TOKEN` bit(1) NOT NULL DEFAULT b'0',
  `AUTHENTICATE_BY_DEFAULT` bit(1) NOT NULL DEFAULT b'0',
  `REALM_ID` varchar(36) CHARACTER SET utf8mb4 COLLATE utf8mb4_unicode_ci DEFAULT NULL,
  `ADD_TOKEN_ROLE` bit(1) NOT NULL DEFAULT b'1',
  `TRUST_EMAIL` bit(1) NOT NULL DEFAULT b'0',
  `FIRST_BROKER_LOGIN_FLOW_ID` varchar(36) CHARACTER SET utf8mb4 COLLATE utf8mb4_unicode_ci DEFAULT NULL,
  `POST_BROKER_LOGIN_FLOW_ID` varchar(36) CHARACTER SET utf8mb4 COLLATE utf8mb4_unicode_ci DEFAULT NULL,
  `PROVIDER_DISPLAY_NAME` varchar(255) CHARACTER SET utf8mb4 COLLATE utf8mb4_unicode_ci DEFAULT NULL,
  `LINK_ONLY` bit(1) NOT NULL DEFAULT b'0',
  PRIMARY KEY (`INTERNAL_ID`),
  UNIQUE KEY `UK_2DAELWNIBJI49AVXSRTUF6XJ33` (`PROVIDER_ALIAS`,`REALM_ID`),
  KEY `IDX_IDENT_PROV_REALM` (`REALM_ID`),
  CONSTRAINT `FK2B4EBC52AE5C3B34` FOREIGN KEY (`REALM_ID`) REFERENCES `REALM` (`ID`)
) ENGINE=InnoDB DEFAULT CHARSET=utf8mb4 COLLATE=utf8mb4_unicode_ci;
/*!40101 SET character_set_client = @saved_cs_client */;

--
-- Dumping data for table `IDENTITY_PROVIDER`
--

LOCK TABLES `IDENTITY_PROVIDER` WRITE;
/*!40000 ALTER TABLE `IDENTITY_PROVIDER` DISABLE KEYS */;
/*!40000 ALTER TABLE `IDENTITY_PROVIDER` ENABLE KEYS */;
UNLOCK TABLES;

--
-- Table structure for table `IDENTITY_PROVIDER_CONFIG`
--

DROP TABLE IF EXISTS `IDENTITY_PROVIDER_CONFIG`;
/*!40101 SET @saved_cs_client     = @@character_set_client */;
 SET character_set_client = utf8mb4 ;
CREATE TABLE `IDENTITY_PROVIDER_CONFIG` (
  `IDENTITY_PROVIDER_ID` varchar(36) CHARACTER SET utf8mb4 COLLATE utf8mb4_unicode_ci NOT NULL,
  `VALUE` longtext CHARACTER SET utf8mb4 COLLATE utf8mb4_unicode_ci,
  `NAME` varchar(255) CHARACTER SET utf8mb4 COLLATE utf8mb4_unicode_ci NOT NULL,
  PRIMARY KEY (`IDENTITY_PROVIDER_ID`,`NAME`),
  CONSTRAINT `FKDC4897CF864C4E43` FOREIGN KEY (`IDENTITY_PROVIDER_ID`) REFERENCES `IDENTITY_PROVIDER` (`INTERNAL_ID`)
) ENGINE=InnoDB DEFAULT CHARSET=utf8mb4 COLLATE=utf8mb4_unicode_ci;
/*!40101 SET character_set_client = @saved_cs_client */;

--
-- Dumping data for table `IDENTITY_PROVIDER_CONFIG`
--

LOCK TABLES `IDENTITY_PROVIDER_CONFIG` WRITE;
/*!40000 ALTER TABLE `IDENTITY_PROVIDER_CONFIG` DISABLE KEYS */;
/*!40000 ALTER TABLE `IDENTITY_PROVIDER_CONFIG` ENABLE KEYS */;
UNLOCK TABLES;

--
-- Table structure for table `IDENTITY_PROVIDER_MAPPER`
--

DROP TABLE IF EXISTS `IDENTITY_PROVIDER_MAPPER`;
/*!40101 SET @saved_cs_client     = @@character_set_client */;
 SET character_set_client = utf8mb4 ;
CREATE TABLE `IDENTITY_PROVIDER_MAPPER` (
  `ID` varchar(36) CHARACTER SET utf8mb4 COLLATE utf8mb4_unicode_ci NOT NULL,
  `NAME` varchar(255) CHARACTER SET utf8mb4 COLLATE utf8mb4_unicode_ci NOT NULL,
  `IDP_ALIAS` varchar(255) CHARACTER SET utf8mb4 COLLATE utf8mb4_unicode_ci NOT NULL,
  `IDP_MAPPER_NAME` varchar(255) CHARACTER SET utf8mb4 COLLATE utf8mb4_unicode_ci NOT NULL,
  `REALM_ID` varchar(36) CHARACTER SET utf8mb4 COLLATE utf8mb4_unicode_ci NOT NULL,
  PRIMARY KEY (`ID`),
  KEY `IDX_ID_PROV_MAPP_REALM` (`REALM_ID`),
  CONSTRAINT `FK_IDPM_REALM` FOREIGN KEY (`REALM_ID`) REFERENCES `REALM` (`ID`)
) ENGINE=InnoDB DEFAULT CHARSET=utf8mb4 COLLATE=utf8mb4_unicode_ci;
/*!40101 SET character_set_client = @saved_cs_client */;

--
-- Dumping data for table `IDENTITY_PROVIDER_MAPPER`
--

LOCK TABLES `IDENTITY_PROVIDER_MAPPER` WRITE;
/*!40000 ALTER TABLE `IDENTITY_PROVIDER_MAPPER` DISABLE KEYS */;
/*!40000 ALTER TABLE `IDENTITY_PROVIDER_MAPPER` ENABLE KEYS */;
UNLOCK TABLES;

--
-- Table structure for table `IDP_MAPPER_CONFIG`
--

DROP TABLE IF EXISTS `IDP_MAPPER_CONFIG`;
/*!40101 SET @saved_cs_client     = @@character_set_client */;
 SET character_set_client = utf8mb4 ;
CREATE TABLE `IDP_MAPPER_CONFIG` (
  `IDP_MAPPER_ID` varchar(36) CHARACTER SET utf8mb4 COLLATE utf8mb4_unicode_ci NOT NULL,
  `VALUE` longtext CHARACTER SET utf8mb4 COLLATE utf8mb4_unicode_ci,
  `NAME` varchar(255) CHARACTER SET utf8mb4 COLLATE utf8mb4_unicode_ci NOT NULL,
  PRIMARY KEY (`IDP_MAPPER_ID`,`NAME`),
  CONSTRAINT `FK_IDPMCONFIG` FOREIGN KEY (`IDP_MAPPER_ID`) REFERENCES `IDENTITY_PROVIDER_MAPPER` (`ID`)
) ENGINE=InnoDB DEFAULT CHARSET=utf8mb4 COLLATE=utf8mb4_unicode_ci;
/*!40101 SET character_set_client = @saved_cs_client */;

--
-- Dumping data for table `IDP_MAPPER_CONFIG`
--

LOCK TABLES `IDP_MAPPER_CONFIG` WRITE;
/*!40000 ALTER TABLE `IDP_MAPPER_CONFIG` DISABLE KEYS */;
/*!40000 ALTER TABLE `IDP_MAPPER_CONFIG` ENABLE KEYS */;
UNLOCK TABLES;

--
-- Table structure for table `KEYCLOAK_GROUP`
--

DROP TABLE IF EXISTS `KEYCLOAK_GROUP`;
/*!40101 SET @saved_cs_client     = @@character_set_client */;
 SET character_set_client = utf8mb4 ;
CREATE TABLE `KEYCLOAK_GROUP` (
  `ID` varchar(36) CHARACTER SET utf8mb4 COLLATE utf8mb4_unicode_ci NOT NULL,
  `NAME` varchar(255) CHARACTER SET utf8mb3 COLLATE utf8mb3_general_ci DEFAULT NULL,
  `PARENT_GROUP` varchar(36) CHARACTER SET utf8mb4 COLLATE utf8mb4_unicode_ci NOT NULL,
  `REALM_ID` varchar(36) CHARACTER SET utf8mb4 COLLATE utf8mb4_unicode_ci DEFAULT NULL,
  PRIMARY KEY (`ID`),
  UNIQUE KEY `SIBLING_NAMES` (`REALM_ID`,`PARENT_GROUP`,`NAME`)
) ENGINE=InnoDB DEFAULT CHARSET=utf8mb4 COLLATE=utf8mb4_unicode_ci;
/*!40101 SET character_set_client = @saved_cs_client */;

--
-- Dumping data for table `KEYCLOAK_GROUP`
--

LOCK TABLES `KEYCLOAK_GROUP` WRITE;
/*!40000 ALTER TABLE `KEYCLOAK_GROUP` DISABLE KEYS */;
/*!40000 ALTER TABLE `KEYCLOAK_GROUP` ENABLE KEYS */;
UNLOCK TABLES;

--
-- Table structure for table `KEYCLOAK_ROLE`
--

DROP TABLE IF EXISTS `KEYCLOAK_ROLE`;
/*!40101 SET @saved_cs_client     = @@character_set_client */;
 SET character_set_client = utf8mb4 ;
CREATE TABLE `KEYCLOAK_ROLE` (
  `ID` varchar(36) CHARACTER SET utf8mb4 COLLATE utf8mb4_unicode_ci NOT NULL,
  `CLIENT_REALM_CONSTRAINT` varchar(255) CHARACTER SET utf8mb4 COLLATE utf8mb4_unicode_ci DEFAULT NULL,
  `CLIENT_ROLE` bit(1) DEFAULT NULL,
  `DESCRIPTION` varchar(255) CHARACTER SET utf8mb3 COLLATE utf8mb3_general_ci DEFAULT NULL,
  `NAME` varchar(255) CHARACTER SET utf8mb3 COLLATE utf8mb3_general_ci DEFAULT NULL,
  `REALM_ID` varchar(255) CHARACTER SET utf8mb4 COLLATE utf8mb4_unicode_ci DEFAULT NULL,
  `CLIENT` varchar(36) CHARACTER SET utf8mb4 COLLATE utf8mb4_unicode_ci DEFAULT NULL,
  `REALM` varchar(36) CHARACTER SET utf8mb4 COLLATE utf8mb4_unicode_ci DEFAULT NULL,
  PRIMARY KEY (`ID`),
  UNIQUE KEY `UK_J3RWUVD56ONTGSUHOGM184WW2-2` (`NAME`,`CLIENT_REALM_CONSTRAINT`),
  KEY `IDX_KEYCLOAK_ROLE_CLIENT` (`CLIENT`),
  KEY `IDX_KEYCLOAK_ROLE_REALM` (`REALM`),
  CONSTRAINT `FK_6VYQFE4CN4WLQ8R6KT5VDSJ5C` FOREIGN KEY (`REALM`) REFERENCES `REALM` (`ID`)
) ENGINE=InnoDB DEFAULT CHARSET=utf8mb4 COLLATE=utf8mb4_unicode_ci;
/*!40101 SET character_set_client = @saved_cs_client */;

--
-- Dumping data for table `KEYCLOAK_ROLE`
--

LOCK TABLES `KEYCLOAK_ROLE` WRITE;
/*!40000 ALTER TABLE `KEYCLOAK_ROLE` DISABLE KEYS */;
INSERT INTO `KEYCLOAK_ROLE` (`ID`, `CLIENT_REALM_CONSTRAINT`, `CLIENT_ROLE`, `DESCRIPTION`, `NAME`, `REALM_ID`, `CLIENT`, `REALM`) VALUES ('00dfe37a-8f27-44fa-aa9d-c1c6b2f589aa','50737d84-bdf6-4907-a0d9-69ef6f4f37e5',_binary '','${role_manage-account}','manage-account','MyReam','50737d84-bdf6-4907-a0d9-69ef6f4f37e5',NULL);
INSERT INTO `KEYCLOAK_ROLE` (`ID`, `CLIENT_REALM_CONSTRAINT`, `CLIENT_ROLE`, `DESCRIPTION`, `NAME`, `REALM_ID`, `CLIENT`, `REALM`) VALUES ('0369aec8-45df-4691-ac9e-d85f6d842df1','55cd9e8d-f5fa-46b6-a5bc-a57e9843554b',_binary '','${role_manage-events}','manage-events','3586be3d-c811-48bd-ac93-c1efbb056510','55cd9e8d-f5fa-46b6-a5bc-a57e9843554b',NULL);
INSERT INTO `KEYCLOAK_ROLE` (`ID`, `CLIENT_REALM_CONSTRAINT`, `CLIENT_ROLE`, `DESCRIPTION`, `NAME`, `REALM_ID`, `CLIENT`, `REALM`) VALUES ('14bc1122-4929-4ed1-a674-a6e18355070b','495d1a6d-3b9d-4a3c-a9fd-e8d8647338dc',_binary '','${role_manage-realm}','manage-realm','3586be3d-c811-48bd-ac93-c1efbb056510','495d1a6d-3b9d-4a3c-a9fd-e8d8647338dc',NULL);
INSERT INTO `KEYCLOAK_ROLE` (`ID`, `CLIENT_REALM_CONSTRAINT`, `CLIENT_ROLE`, `DESCRIPTION`, `NAME`, `REALM_ID`, `CLIENT`, `REALM`) VALUES ('16bd2e98-13cb-4155-8c93-0c6664ba2597','3b32fc61-24f9-43d0-9761-4888e32b33f7',_binary '','${role_read-token}','read-token','MyReam','3b32fc61-24f9-43d0-9761-4888e32b33f7',NULL);
INSERT INTO `KEYCLOAK_ROLE` (`ID`, `CLIENT_REALM_CONSTRAINT`, `CLIENT_ROLE`, `DESCRIPTION`, `NAME`, `REALM_ID`, `CLIENT`, `REALM`) VALUES ('19da9bed-6179-4a16-9d77-9ba68bc83f7b','495d1a6d-3b9d-4a3c-a9fd-e8d8647338dc',_binary '','${role_view-clients}','view-clients','3586be3d-c811-48bd-ac93-c1efbb056510','495d1a6d-3b9d-4a3c-a9fd-e8d8647338dc',NULL);
INSERT INTO `KEYCLOAK_ROLE` (`ID`, `CLIENT_REALM_CONSTRAINT`, `CLIENT_ROLE`, `DESCRIPTION`, `NAME`, `REALM_ID`, `CLIENT`, `REALM`) VALUES ('1a9c0ebd-8782-4c3e-a195-20a9888ced89','55cd9e8d-f5fa-46b6-a5bc-a57e9843554b',_binary '','${role_view-identity-providers}','view-identity-providers','3586be3d-c811-48bd-ac93-c1efbb056510','55cd9e8d-f5fa-46b6-a5bc-a57e9843554b',NULL);
INSERT INTO `KEYCLOAK_ROLE` (`ID`, `CLIENT_REALM_CONSTRAINT`, `CLIENT_ROLE`, `DESCRIPTION`, `NAME`, `REALM_ID`, `CLIENT`, `REALM`) VALUES ('1bf02fa1-c6cd-465d-8f0d-381cf3d7574c','495d1a6d-3b9d-4a3c-a9fd-e8d8647338dc',_binary '','${role_view-events}','view-events','3586be3d-c811-48bd-ac93-c1efbb056510','495d1a6d-3b9d-4a3c-a9fd-e8d8647338dc',NULL);
INSERT INTO `KEYCLOAK_ROLE` (`ID`, `CLIENT_REALM_CONSTRAINT`, `CLIENT_ROLE`, `DESCRIPTION`, `NAME`, `REALM_ID`, `CLIENT`, `REALM`) VALUES ('21e0f48a-9255-43e8-be19-77fa1b08b739','79895191-784f-4230-9f7a-9fcc5b935f0d',_binary '','${role_manage-account}','manage-account','3586be3d-c811-48bd-ac93-c1efbb056510','79895191-784f-4230-9f7a-9fcc5b935f0d',NULL);
INSERT INTO `KEYCLOAK_ROLE` (`ID`, `CLIENT_REALM_CONSTRAINT`, `CLIENT_ROLE`, `DESCRIPTION`, `NAME`, `REALM_ID`, `CLIENT`, `REALM`) VALUES ('252e6c84-de9d-4d75-a1ac-1a4e40258ee2','79895191-784f-4230-9f7a-9fcc5b935f0d',_binary '','${role_manage-account-links}','manage-account-links','3586be3d-c811-48bd-ac93-c1efbb056510','79895191-784f-4230-9f7a-9fcc5b935f0d',NULL);
INSERT INTO `KEYCLOAK_ROLE` (`ID`, `CLIENT_REALM_CONSTRAINT`, `CLIENT_ROLE`, `DESCRIPTION`, `NAME`, `REALM_ID`, `CLIENT`, `REALM`) VALUES ('286e281c-8bce-4346-8dd4-67fc3bef6727','50737d84-bdf6-4907-a0d9-69ef6f4f37e5',_binary '','${role_view-profile}','view-profile','MyReam','50737d84-bdf6-4907-a0d9-69ef6f4f37e5',NULL);
INSERT INTO `KEYCLOAK_ROLE` (`ID`, `CLIENT_REALM_CONSTRAINT`, `CLIENT_ROLE`, `DESCRIPTION`, `NAME`, `REALM_ID`, `CLIENT`, `REALM`) VALUES ('2a5bae29-78c2-4e45-8ec0-93486dbbe532','495d1a6d-3b9d-4a3c-a9fd-e8d8647338dc',_binary '','${role_manage-clients}','manage-clients','3586be3d-c811-48bd-ac93-c1efbb056510','495d1a6d-3b9d-4a3c-a9fd-e8d8647338dc',NULL);
INSERT INTO `KEYCLOAK_ROLE` (`ID`, `CLIENT_REALM_CONSTRAINT`, `CLIENT_ROLE`, `DESCRIPTION`, `NAME`, `REALM_ID`, `CLIENT`, `REALM`) VALUES ('2d6e4219-4f6b-4b31-953a-714ea871cb74','5112abeb-ec46-4ed0-adfd-802b74b02fca',_binary '','${role_manage-events}','manage-events','MyReam','5112abeb-ec46-4ed0-adfd-802b74b02fca',NULL);
INSERT INTO `KEYCLOAK_ROLE` (`ID`, `CLIENT_REALM_CONSTRAINT`, `CLIENT_ROLE`, `DESCRIPTION`, `NAME`, `REALM_ID`, `CLIENT`, `REALM`) VALUES ('2e156669-0a0e-4b89-b1ac-a8afd9413e85','495d1a6d-3b9d-4a3c-a9fd-e8d8647338dc',_binary '','${role_create-client}','create-client','3586be3d-c811-48bd-ac93-c1efbb056510','495d1a6d-3b9d-4a3c-a9fd-e8d8647338dc',NULL);
INSERT INTO `KEYCLOAK_ROLE` (`ID`, `CLIENT_REALM_CONSTRAINT`, `CLIENT_ROLE`, `DESCRIPTION`, `NAME`, `REALM_ID`, `CLIENT`, `REALM`) VALUES ('315f8e38-b9fd-4dd3-af5c-7b854f015b7c','5112abeb-ec46-4ed0-adfd-802b74b02fca',_binary '','${role_realm-admin}','realm-admin','MyReam','5112abeb-ec46-4ed0-adfd-802b74b02fca',NULL);
INSERT INTO `KEYCLOAK_ROLE` (`ID`, `CLIENT_REALM_CONSTRAINT`, `CLIENT_ROLE`, `DESCRIPTION`, `NAME`, `REALM_ID`, `CLIENT`, `REALM`) VALUES ('340e700b-e6fb-43e1-800d-d4adde566ee6','55cd9e8d-f5fa-46b6-a5bc-a57e9843554b',_binary '','${role_query-users}','query-users','3586be3d-c811-48bd-ac93-c1efbb056510','55cd9e8d-f5fa-46b6-a5bc-a57e9843554b',NULL);
INSERT INTO `KEYCLOAK_ROLE` (`ID`, `CLIENT_REALM_CONSTRAINT`, `CLIENT_ROLE`, `DESCRIPTION`, `NAME`, `REALM_ID`, `CLIENT`, `REALM`) VALUES ('3b271756-3139-4984-89fe-3f59a4cc6edf','55cd9e8d-f5fa-46b6-a5bc-a57e9843554b',_binary '','${role_view-authorization}','view-authorization','3586be3d-c811-48bd-ac93-c1efbb056510','55cd9e8d-f5fa-46b6-a5bc-a57e9843554b',NULL);
INSERT INTO `KEYCLOAK_ROLE` (`ID`, `CLIENT_REALM_CONSTRAINT`, `CLIENT_ROLE`, `DESCRIPTION`, `NAME`, `REALM_ID`, `CLIENT`, `REALM`) VALUES ('50ff6aee-ef76-4797-b7b5-ad43464a520d','50737d84-bdf6-4907-a0d9-69ef6f4f37e5',_binary '','${role_manage-consent}','manage-consent','MyReam','50737d84-bdf6-4907-a0d9-69ef6f4f37e5',NULL);
INSERT INTO `KEYCLOAK_ROLE` (`ID`, `CLIENT_REALM_CONSTRAINT`, `CLIENT_ROLE`, `DESCRIPTION`, `NAME`, `REALM_ID`, `CLIENT`, `REALM`) VALUES ('53911d05-bdcc-488e-a9fd-7ac7a2282b32','55cd9e8d-f5fa-46b6-a5bc-a57e9843554b',_binary '','${role_view-events}','view-events','3586be3d-c811-48bd-ac93-c1efbb056510','55cd9e8d-f5fa-46b6-a5bc-a57e9843554b',NULL);
INSERT INTO `KEYCLOAK_ROLE` (`ID`, `CLIENT_REALM_CONSTRAINT`, `CLIENT_ROLE`, `DESCRIPTION`, `NAME`, `REALM_ID`, `CLIENT`, `REALM`) VALUES ('5ab8a052-727c-4a95-aea3-ef2d839a9aaa','5112abeb-ec46-4ed0-adfd-802b74b02fca',_binary '','${role_query-realms}','query-realms','MyReam','5112abeb-ec46-4ed0-adfd-802b74b02fca',NULL);
INSERT INTO `KEYCLOAK_ROLE` (`ID`, `CLIENT_REALM_CONSTRAINT`, `CLIENT_ROLE`, `DESCRIPTION`, `NAME`, `REALM_ID`, `CLIENT`, `REALM`) VALUES ('5f32140a-03d6-4802-88bb-a9751a0765b7','55cd9e8d-f5fa-46b6-a5bc-a57e9843554b',_binary '','${role_impersonation}','impersonation','3586be3d-c811-48bd-ac93-c1efbb056510','55cd9e8d-f5fa-46b6-a5bc-a57e9843554b',NULL);
INSERT INTO `KEYCLOAK_ROLE` (`ID`, `CLIENT_REALM_CONSTRAINT`, `CLIENT_ROLE`, `DESCRIPTION`, `NAME`, `REALM_ID`, `CLIENT`, `REALM`) VALUES ('611452d9-6f94-48c3-bb28-c0d223210662','5112abeb-ec46-4ed0-adfd-802b74b02fca',_binary '','${role_query-users}','query-users','MyReam','5112abeb-ec46-4ed0-adfd-802b74b02fca',NULL);
INSERT INTO `KEYCLOAK_ROLE` (`ID`, `CLIENT_REALM_CONSTRAINT`, `CLIENT_ROLE`, `DESCRIPTION`, `NAME`, `REALM_ID`, `CLIENT`, `REALM`) VALUES ('6166ba63-75d8-4dc0-8a3b-3f80c9fb42f8','79895191-784f-4230-9f7a-9fcc5b935f0d',_binary '','${role_view-applications}','view-applications','3586be3d-c811-48bd-ac93-c1efbb056510','79895191-784f-4230-9f7a-9fcc5b935f0d',NULL);
INSERT INTO `KEYCLOAK_ROLE` (`ID`, `CLIENT_REALM_CONSTRAINT`, `CLIENT_ROLE`, `DESCRIPTION`, `NAME`, `REALM_ID`, `CLIENT`, `REALM`) VALUES ('6433db14-f19a-4ecd-874e-e035db735427','79895191-784f-4230-9f7a-9fcc5b935f0d',_binary '','${role_manage-consent}','manage-consent','3586be3d-c811-48bd-ac93-c1efbb056510','79895191-784f-4230-9f7a-9fcc5b935f0d',NULL);
INSERT INTO `KEYCLOAK_ROLE` (`ID`, `CLIENT_REALM_CONSTRAINT`, `CLIENT_ROLE`, `DESCRIPTION`, `NAME`, `REALM_ID`, `CLIENT`, `REALM`) VALUES ('6a925419-8d41-4b14-8d5f-241d591d4571','55cd9e8d-f5fa-46b6-a5bc-a57e9843554b',_binary '','${role_create-client}','create-client','3586be3d-c811-48bd-ac93-c1efbb056510','55cd9e8d-f5fa-46b6-a5bc-a57e9843554b',NULL);
INSERT INTO `KEYCLOAK_ROLE` (`ID`, `CLIENT_REALM_CONSTRAINT`, `CLIENT_ROLE`, `DESCRIPTION`, `NAME`, `REALM_ID`, `CLIENT`, `REALM`) VALUES ('6aeeaabc-5e8e-4727-a6f3-5f9d45340672','3586be3d-c811-48bd-ac93-c1efbb056510',_binary '\0','${role_admin}','admin','3586be3d-c811-48bd-ac93-c1efbb056510',NULL,NULL);
INSERT INTO `KEYCLOAK_ROLE` (`ID`, `CLIENT_REALM_CONSTRAINT`, `CLIENT_ROLE`, `DESCRIPTION`, `NAME`, `REALM_ID`, `CLIENT`, `REALM`) VALUES ('6dfd4cfe-4592-43f7-8d0e-5829b4d8a7b6','79895191-784f-4230-9f7a-9fcc5b935f0d',_binary '','${role_view-consent}','view-consent','3586be3d-c811-48bd-ac93-c1efbb056510','79895191-784f-4230-9f7a-9fcc5b935f0d',NULL);
INSERT INTO `KEYCLOAK_ROLE` (`ID`, `CLIENT_REALM_CONSTRAINT`, `CLIENT_ROLE`, `DESCRIPTION`, `NAME`, `REALM_ID`, `CLIENT`, `REALM`) VALUES ('6f002f0c-111c-42d2-b34c-89d271301757','MyReam',_binary '\0','${role_uma_authorization}','uma_authorization','MyReam',NULL,NULL);
INSERT INTO `KEYCLOAK_ROLE` (`ID`, `CLIENT_REALM_CONSTRAINT`, `CLIENT_ROLE`, `DESCRIPTION`, `NAME`, `REALM_ID`, `CLIENT`, `REALM`) VALUES ('70a2beb0-a57c-4ddc-bd71-11d21ab9e3a9','55cd9e8d-f5fa-46b6-a5bc-a57e9843554b',_binary '','${role_manage-realm}','manage-realm','3586be3d-c811-48bd-ac93-c1efbb056510','55cd9e8d-f5fa-46b6-a5bc-a57e9843554b',NULL);
INSERT INTO `KEYCLOAK_ROLE` (`ID`, `CLIENT_REALM_CONSTRAINT`, `CLIENT_ROLE`, `DESCRIPTION`, `NAME`, `REALM_ID`, `CLIENT`, `REALM`) VALUES ('73cbcb19-1d4f-40ac-9893-ff92602097f2','5112abeb-ec46-4ed0-adfd-802b74b02fca',_binary '','${role_view-authorization}','view-authorization','MyReam','5112abeb-ec46-4ed0-adfd-802b74b02fca',NULL);
INSERT INTO `KEYCLOAK_ROLE` (`ID`, `CLIENT_REALM_CONSTRAINT`, `CLIENT_ROLE`, `DESCRIPTION`, `NAME`, `REALM_ID`, `CLIENT`, `REALM`) VALUES ('74661862-e9ba-4171-aade-c3060de04827','495d1a6d-3b9d-4a3c-a9fd-e8d8647338dc',_binary '','${role_manage-identity-providers}','manage-identity-providers','3586be3d-c811-48bd-ac93-c1efbb056510','495d1a6d-3b9d-4a3c-a9fd-e8d8647338dc',NULL);
INSERT INTO `KEYCLOAK_ROLE` (`ID`, `CLIENT_REALM_CONSTRAINT`, `CLIENT_ROLE`, `DESCRIPTION`, `NAME`, `REALM_ID`, `CLIENT`, `REALM`) VALUES ('79a520b6-26a9-4bad-84b2-b17c88332ca0','55cd9e8d-f5fa-46b6-a5bc-a57e9843554b',_binary '','${role_view-clients}','view-clients','3586be3d-c811-48bd-ac93-c1efbb056510','55cd9e8d-f5fa-46b6-a5bc-a57e9843554b',NULL);
INSERT INTO `KEYCLOAK_ROLE` (`ID`, `CLIENT_REALM_CONSTRAINT`, `CLIENT_ROLE`, `DESCRIPTION`, `NAME`, `REALM_ID`, `CLIENT`, `REALM`) VALUES ('7a8ebc06-d8fb-4014-921a-a5fad3edbe31','b4638769-9704-4eee-b5f9-0185e43c5100',_binary '','${role_read-token}','read-token','3586be3d-c811-48bd-ac93-c1efbb056510','b4638769-9704-4eee-b5f9-0185e43c5100',NULL);
INSERT INTO `KEYCLOAK_ROLE` (`ID`, `CLIENT_REALM_CONSTRAINT`, `CLIENT_ROLE`, `DESCRIPTION`, `NAME`, `REALM_ID`, `CLIENT`, `REALM`) VALUES ('7bdf0230-a980-44b4-b14e-9c9359fe582e','3586be3d-c811-48bd-ac93-c1efbb056510',_binary '\0','${role_default-roles}','default-roles-master','3586be3d-c811-48bd-ac93-c1efbb056510',NULL,NULL);
INSERT INTO `KEYCLOAK_ROLE` (`ID`, `CLIENT_REALM_CONSTRAINT`, `CLIENT_ROLE`, `DESCRIPTION`, `NAME`, `REALM_ID`, `CLIENT`, `REALM`) VALUES ('805bffad-b712-4af6-9869-7f122f6c7d33','495d1a6d-3b9d-4a3c-a9fd-e8d8647338dc',_binary '','${role_query-users}','query-users','3586be3d-c811-48bd-ac93-c1efbb056510','495d1a6d-3b9d-4a3c-a9fd-e8d8647338dc',NULL);
INSERT INTO `KEYCLOAK_ROLE` (`ID`, `CLIENT_REALM_CONSTRAINT`, `CLIENT_ROLE`, `DESCRIPTION`, `NAME`, `REALM_ID`, `CLIENT`, `REALM`) VALUES ('80e7461d-9a17-4ebe-9ea0-ae29b1030050','55cd9e8d-f5fa-46b6-a5bc-a57e9843554b',_binary '','${role_manage-clients}','manage-clients','3586be3d-c811-48bd-ac93-c1efbb056510','55cd9e8d-f5fa-46b6-a5bc-a57e9843554b',NULL);
INSERT INTO `KEYCLOAK_ROLE` (`ID`, `CLIENT_REALM_CONSTRAINT`, `CLIENT_ROLE`, `DESCRIPTION`, `NAME`, `REALM_ID`, `CLIENT`, `REALM`) VALUES ('826d0637-4c7a-471f-8896-9edd5adc886c','495d1a6d-3b9d-4a3c-a9fd-e8d8647338dc',_binary '','${role_view-authorization}','view-authorization','3586be3d-c811-48bd-ac93-c1efbb056510','495d1a6d-3b9d-4a3c-a9fd-e8d8647338dc',NULL);
INSERT INTO `KEYCLOAK_ROLE` (`ID`, `CLIENT_REALM_CONSTRAINT`, `CLIENT_ROLE`, `DESCRIPTION`, `NAME`, `REALM_ID`, `CLIENT`, `REALM`) VALUES ('84a785e0-fccd-4aea-a3dc-58bfdb2edced','55cd9e8d-f5fa-46b6-a5bc-a57e9843554b',_binary '','${role_manage-identity-providers}','manage-identity-providers','3586be3d-c811-48bd-ac93-c1efbb056510','55cd9e8d-f5fa-46b6-a5bc-a57e9843554b',NULL);
INSERT INTO `KEYCLOAK_ROLE` (`ID`, `CLIENT_REALM_CONSTRAINT`, `CLIENT_ROLE`, `DESCRIPTION`, `NAME`, `REALM_ID`, `CLIENT`, `REALM`) VALUES ('87460607-7b50-405d-b610-0019b7deb69b','495d1a6d-3b9d-4a3c-a9fd-e8d8647338dc',_binary '','${role_manage-users}','manage-users','3586be3d-c811-48bd-ac93-c1efbb056510','495d1a6d-3b9d-4a3c-a9fd-e8d8647338dc',NULL);
INSERT INTO `KEYCLOAK_ROLE` (`ID`, `CLIENT_REALM_CONSTRAINT`, `CLIENT_ROLE`, `DESCRIPTION`, `NAME`, `REALM_ID`, `CLIENT`, `REALM`) VALUES ('8eab2513-2a95-4d4e-93c7-036abdb386d8','3586be3d-c811-48bd-ac93-c1efbb056510',_binary '\0','${role_offline-access}','offline_access','3586be3d-c811-48bd-ac93-c1efbb056510',NULL,NULL);
INSERT INTO `KEYCLOAK_ROLE` (`ID`, `CLIENT_REALM_CONSTRAINT`, `CLIENT_ROLE`, `DESCRIPTION`, `NAME`, `REALM_ID`, `CLIENT`, `REALM`) VALUES ('8fcf6896-32c0-411f-b012-01297d661dc5','495d1a6d-3b9d-4a3c-a9fd-e8d8647338dc',_binary '','${role_query-realms}','query-realms','3586be3d-c811-48bd-ac93-c1efbb056510','495d1a6d-3b9d-4a3c-a9fd-e8d8647338dc',NULL);
INSERT INTO `KEYCLOAK_ROLE` (`ID`, `CLIENT_REALM_CONSTRAINT`, `CLIENT_ROLE`, `DESCRIPTION`, `NAME`, `REALM_ID`, `CLIENT`, `REALM`) VALUES ('95c69bc9-26d7-432c-bd9f-758d137ad17e','55cd9e8d-f5fa-46b6-a5bc-a57e9843554b',_binary '','${role_view-users}','view-users','3586be3d-c811-48bd-ac93-c1efbb056510','55cd9e8d-f5fa-46b6-a5bc-a57e9843554b',NULL);
INSERT INTO `KEYCLOAK_ROLE` (`ID`, `CLIENT_REALM_CONSTRAINT`, `CLIENT_ROLE`, `DESCRIPTION`, `NAME`, `REALM_ID`, `CLIENT`, `REALM`) VALUES ('9c46b895-17f4-4225-98a2-23844171e366','495d1a6d-3b9d-4a3c-a9fd-e8d8647338dc',_binary '','${role_query-clients}','query-clients','3586be3d-c811-48bd-ac93-c1efbb056510','495d1a6d-3b9d-4a3c-a9fd-e8d8647338dc',NULL);
INSERT INTO `KEYCLOAK_ROLE` (`ID`, `CLIENT_REALM_CONSTRAINT`, `CLIENT_ROLE`, `DESCRIPTION`, `NAME`, `REALM_ID`, `CLIENT`, `REALM`) VALUES ('9e46d5a0-7b26-479e-81b7-b7f61efeaac7','55cd9e8d-f5fa-46b6-a5bc-a57e9843554b',_binary '','${role_query-groups}','query-groups','3586be3d-c811-48bd-ac93-c1efbb056510','55cd9e8d-f5fa-46b6-a5bc-a57e9843554b',NULL);
INSERT INTO `KEYCLOAK_ROLE` (`ID`, `CLIENT_REALM_CONSTRAINT`, `CLIENT_ROLE`, `DESCRIPTION`, `NAME`, `REALM_ID`, `CLIENT`, `REALM`) VALUES ('a5bd5378-78c3-463d-bfff-e65c41a4cd52','5112abeb-ec46-4ed0-adfd-802b74b02fca',_binary '','${role_view-users}','view-users','MyReam','5112abeb-ec46-4ed0-adfd-802b74b02fca',NULL);
INSERT INTO `KEYCLOAK_ROLE` (`ID`, `CLIENT_REALM_CONSTRAINT`, `CLIENT_ROLE`, `DESCRIPTION`, `NAME`, `REALM_ID`, `CLIENT`, `REALM`) VALUES ('a8537ff6-939f-4ca2-8cc9-889f90643230','50737d84-bdf6-4907-a0d9-69ef6f4f37e5',_binary '','${role_manage-account-links}','manage-account-links','MyReam','50737d84-bdf6-4907-a0d9-69ef6f4f37e5',NULL);
INSERT INTO `KEYCLOAK_ROLE` (`ID`, `CLIENT_REALM_CONSTRAINT`, `CLIENT_ROLE`, `DESCRIPTION`, `NAME`, `REALM_ID`, `CLIENT`, `REALM`) VALUES ('a878465d-8d0a-4ea4-af4c-200c5ae1b280','495d1a6d-3b9d-4a3c-a9fd-e8d8647338dc',_binary '','${role_view-users}','view-users','3586be3d-c811-48bd-ac93-c1efbb056510','495d1a6d-3b9d-4a3c-a9fd-e8d8647338dc',NULL);
INSERT INTO `KEYCLOAK_ROLE` (`ID`, `CLIENT_REALM_CONSTRAINT`, `CLIENT_ROLE`, `DESCRIPTION`, `NAME`, `REALM_ID`, `CLIENT`, `REALM`) VALUES ('aaaaa0ce-64dd-47f5-8e4b-539ada51b421','5112abeb-ec46-4ed0-adfd-802b74b02fca',_binary '','${role_manage-users}','manage-users','MyReam','5112abeb-ec46-4ed0-adfd-802b74b02fca',NULL);
INSERT INTO `KEYCLOAK_ROLE` (`ID`, `CLIENT_REALM_CONSTRAINT`, `CLIENT_ROLE`, `DESCRIPTION`, `NAME`, `REALM_ID`, `CLIENT`, `REALM`) VALUES ('ab9995db-5bb7-4808-aec8-3077bb40dbd9','5112abeb-ec46-4ed0-adfd-802b74b02fca',_binary '','${role_manage-clients}','manage-clients','MyReam','5112abeb-ec46-4ed0-adfd-802b74b02fca',NULL);
INSERT INTO `KEYCLOAK_ROLE` (`ID`, `CLIENT_REALM_CONSTRAINT`, `CLIENT_ROLE`, `DESCRIPTION`, `NAME`, `REALM_ID`, `CLIENT`, `REALM`) VALUES ('abda513c-46e5-4f19-aa46-8281459ec4bc','55cd9e8d-f5fa-46b6-a5bc-a57e9843554b',_binary '','${role_manage-authorization}','manage-authorization','3586be3d-c811-48bd-ac93-c1efbb056510','55cd9e8d-f5fa-46b6-a5bc-a57e9843554b',NULL);
INSERT INTO `KEYCLOAK_ROLE` (`ID`, `CLIENT_REALM_CONSTRAINT`, `CLIENT_ROLE`, `DESCRIPTION`, `NAME`, `REALM_ID`, `CLIENT`, `REALM`) VALUES ('ae205fb2-4c0b-4fc1-9877-4ad94b6e826e','5112abeb-ec46-4ed0-adfd-802b74b02fca',_binary '','${role_manage-authorization}','manage-authorization','MyReam','5112abeb-ec46-4ed0-adfd-802b74b02fca',NULL);
INSERT INTO `KEYCLOAK_ROLE` (`ID`, `CLIENT_REALM_CONSTRAINT`, `CLIENT_ROLE`, `DESCRIPTION`, `NAME`, `REALM_ID`, `CLIENT`, `REALM`) VALUES ('aedb6b8b-4a3e-4f0d-b973-5f69da58e256','5112abeb-ec46-4ed0-adfd-802b74b02fca',_binary '','${role_create-client}','create-client','MyReam','5112abeb-ec46-4ed0-adfd-802b74b02fca',NULL);
INSERT INTO `KEYCLOAK_ROLE` (`ID`, `CLIENT_REALM_CONSTRAINT`, `CLIENT_ROLE`, `DESCRIPTION`, `NAME`, `REALM_ID`, `CLIENT`, `REALM`) VALUES ('afbfeb2c-b43b-4b77-93e7-1bc28920b2d1','5112abeb-ec46-4ed0-adfd-802b74b02fca',_binary '','${role_view-realm}','view-realm','MyReam','5112abeb-ec46-4ed0-adfd-802b74b02fca',NULL);
INSERT INTO `KEYCLOAK_ROLE` (`ID`, `CLIENT_REALM_CONSTRAINT`, `CLIENT_ROLE`, `DESCRIPTION`, `NAME`, `REALM_ID`, `CLIENT`, `REALM`) VALUES ('b145c4fd-13b2-4dc0-972e-57955b60d5a6','55cd9e8d-f5fa-46b6-a5bc-a57e9843554b',_binary '','${role_query-clients}','query-clients','3586be3d-c811-48bd-ac93-c1efbb056510','55cd9e8d-f5fa-46b6-a5bc-a57e9843554b',NULL);
INSERT INTO `KEYCLOAK_ROLE` (`ID`, `CLIENT_REALM_CONSTRAINT`, `CLIENT_ROLE`, `DESCRIPTION`, `NAME`, `REALM_ID`, `CLIENT`, `REALM`) VALUES ('b16eeed6-aec1-4e19-86a9-48a4a8942bda','55cd9e8d-f5fa-46b6-a5bc-a57e9843554b',_binary '','${role_view-realm}','view-realm','3586be3d-c811-48bd-ac93-c1efbb056510','55cd9e8d-f5fa-46b6-a5bc-a57e9843554b',NULL);
INSERT INTO `KEYCLOAK_ROLE` (`ID`, `CLIENT_REALM_CONSTRAINT`, `CLIENT_ROLE`, `DESCRIPTION`, `NAME`, `REALM_ID`, `CLIENT`, `REALM`) VALUES ('b391cf5a-dd58-44b2-bf14-7f430e71e5e7','495d1a6d-3b9d-4a3c-a9fd-e8d8647338dc',_binary '','${role_manage-events}','manage-events','3586be3d-c811-48bd-ac93-c1efbb056510','495d1a6d-3b9d-4a3c-a9fd-e8d8647338dc',NULL);
INSERT INTO `KEYCLOAK_ROLE` (`ID`, `CLIENT_REALM_CONSTRAINT`, `CLIENT_ROLE`, `DESCRIPTION`, `NAME`, `REALM_ID`, `CLIENT`, `REALM`) VALUES ('b620285f-7baf-441c-b946-e0ba1fcc64a4','55cd9e8d-f5fa-46b6-a5bc-a57e9843554b',_binary '','${role_query-realms}','query-realms','3586be3d-c811-48bd-ac93-c1efbb056510','55cd9e8d-f5fa-46b6-a5bc-a57e9843554b',NULL);
INSERT INTO `KEYCLOAK_ROLE` (`ID`, `CLIENT_REALM_CONSTRAINT`, `CLIENT_ROLE`, `DESCRIPTION`, `NAME`, `REALM_ID`, `CLIENT`, `REALM`) VALUES ('b8468741-c185-450b-97ce-1bb8e2ce1310','50737d84-bdf6-4907-a0d9-69ef6f4f37e5',_binary '','${role_view-applications}','view-applications','MyReam','50737d84-bdf6-4907-a0d9-69ef6f4f37e5',NULL);
INSERT INTO `KEYCLOAK_ROLE` (`ID`, `CLIENT_REALM_CONSTRAINT`, `CLIENT_ROLE`, `DESCRIPTION`, `NAME`, `REALM_ID`, `CLIENT`, `REALM`) VALUES ('c24532b7-3777-431c-9df2-152e7ac2c885','3586be3d-c811-48bd-ac93-c1efbb056510',_binary '\0','${role_uma_authorization}','uma_authorization','3586be3d-c811-48bd-ac93-c1efbb056510',NULL,NULL);
INSERT INTO `KEYCLOAK_ROLE` (`ID`, `CLIENT_REALM_CONSTRAINT`, `CLIENT_ROLE`, `DESCRIPTION`, `NAME`, `REALM_ID`, `CLIENT`, `REALM`) VALUES ('c310e938-205a-4569-a4e5-be3ad3536514','495d1a6d-3b9d-4a3c-a9fd-e8d8647338dc',_binary '','${role_manage-authorization}','manage-authorization','3586be3d-c811-48bd-ac93-c1efbb056510','495d1a6d-3b9d-4a3c-a9fd-e8d8647338dc',NULL);
INSERT INTO `KEYCLOAK_ROLE` (`ID`, `CLIENT_REALM_CONSTRAINT`, `CLIENT_ROLE`, `DESCRIPTION`, `NAME`, `REALM_ID`, `CLIENT`, `REALM`) VALUES ('c5318282-409e-4768-9e60-f821256abff5','5112abeb-ec46-4ed0-adfd-802b74b02fca',_binary '','${role_impersonation}','impersonation','MyReam','5112abeb-ec46-4ed0-adfd-802b74b02fca',NULL);
INSERT INTO `KEYCLOAK_ROLE` (`ID`, `CLIENT_REALM_CONSTRAINT`, `CLIENT_ROLE`, `DESCRIPTION`, `NAME`, `REALM_ID`, `CLIENT`, `REALM`) VALUES ('c7b53edd-677f-49f6-9c61-d738d1b0429a','5112abeb-ec46-4ed0-adfd-802b74b02fca',_binary '','${role_query-clients}','query-clients','MyReam','5112abeb-ec46-4ed0-adfd-802b74b02fca',NULL);
INSERT INTO `KEYCLOAK_ROLE` (`ID`, `CLIENT_REALM_CONSTRAINT`, `CLIENT_ROLE`, `DESCRIPTION`, `NAME`, `REALM_ID`, `CLIENT`, `REALM`) VALUES ('ccc924bd-3a7a-4438-85dc-a39a8d53a450','50737d84-bdf6-4907-a0d9-69ef6f4f37e5',_binary '','${role_delete-account}','delete-account','MyReam','50737d84-bdf6-4907-a0d9-69ef6f4f37e5',NULL);
INSERT INTO `KEYCLOAK_ROLE` (`ID`, `CLIENT_REALM_CONSTRAINT`, `CLIENT_ROLE`, `DESCRIPTION`, `NAME`, `REALM_ID`, `CLIENT`, `REALM`) VALUES ('d1601e00-6b75-4fa5-9021-e14b1c75f700','5112abeb-ec46-4ed0-adfd-802b74b02fca',_binary '','${role_manage-realm}','manage-realm','MyReam','5112abeb-ec46-4ed0-adfd-802b74b02fca',NULL);
INSERT INTO `KEYCLOAK_ROLE` (`ID`, `CLIENT_REALM_CONSTRAINT`, `CLIENT_ROLE`, `DESCRIPTION`, `NAME`, `REALM_ID`, `CLIENT`, `REALM`) VALUES ('d1a2e666-af66-4aa5-b7da-b64492de093a','3586be3d-c811-48bd-ac93-c1efbb056510',_binary '\0','${role_create-realm}','create-realm','3586be3d-c811-48bd-ac93-c1efbb056510',NULL,NULL);
INSERT INTO `KEYCLOAK_ROLE` (`ID`, `CLIENT_REALM_CONSTRAINT`, `CLIENT_ROLE`, `DESCRIPTION`, `NAME`, `REALM_ID`, `CLIENT`, `REALM`) VALUES ('d456a997-1cad-470c-b1d4-a2e3124aeed3','5112abeb-ec46-4ed0-adfd-802b74b02fca',_binary '','${role_view-identity-providers}','view-identity-providers','MyReam','5112abeb-ec46-4ed0-adfd-802b74b02fca',NULL);
INSERT INTO `KEYCLOAK_ROLE` (`ID`, `CLIENT_REALM_CONSTRAINT`, `CLIENT_ROLE`, `DESCRIPTION`, `NAME`, `REALM_ID`, `CLIENT`, `REALM`) VALUES ('e333cb87-8db3-4b60-8c55-e732c8ec8496','5112abeb-ec46-4ed0-adfd-802b74b02fca',_binary '','${role_query-groups}','query-groups','MyReam','5112abeb-ec46-4ed0-adfd-802b74b02fca',NULL);
INSERT INTO `KEYCLOAK_ROLE` (`ID`, `CLIENT_REALM_CONSTRAINT`, `CLIENT_ROLE`, `DESCRIPTION`, `NAME`, `REALM_ID`, `CLIENT`, `REALM`) VALUES ('e4874de0-6a34-4977-819b-c645490086ba','5112abeb-ec46-4ed0-adfd-802b74b02fca',_binary '','${role_manage-identity-providers}','manage-identity-providers','MyReam','5112abeb-ec46-4ed0-adfd-802b74b02fca',NULL);
INSERT INTO `KEYCLOAK_ROLE` (`ID`, `CLIENT_REALM_CONSTRAINT`, `CLIENT_ROLE`, `DESCRIPTION`, `NAME`, `REALM_ID`, `CLIENT`, `REALM`) VALUES ('e654b8ec-eb87-4196-adf9-3efd693df62b','495d1a6d-3b9d-4a3c-a9fd-e8d8647338dc',_binary '','${role_impersonation}','impersonation','3586be3d-c811-48bd-ac93-c1efbb056510','495d1a6d-3b9d-4a3c-a9fd-e8d8647338dc',NULL);
INSERT INTO `KEYCLOAK_ROLE` (`ID`, `CLIENT_REALM_CONSTRAINT`, `CLIENT_ROLE`, `DESCRIPTION`, `NAME`, `REALM_ID`, `CLIENT`, `REALM`) VALUES ('e817310e-093a-481c-a2d3-63a4d718e53b','79895191-784f-4230-9f7a-9fcc5b935f0d',_binary '','${role_delete-account}','delete-account','3586be3d-c811-48bd-ac93-c1efbb056510','79895191-784f-4230-9f7a-9fcc5b935f0d',NULL);
INSERT INTO `KEYCLOAK_ROLE` (`ID`, `CLIENT_REALM_CONSTRAINT`, `CLIENT_ROLE`, `DESCRIPTION`, `NAME`, `REALM_ID`, `CLIENT`, `REALM`) VALUES ('e83825bd-5587-41cd-b14d-da6797a60ae4','MyReam',_binary '\0','${role_default-roles}','default-roles-myream','MyReam',NULL,NULL);
INSERT INTO `KEYCLOAK_ROLE` (`ID`, `CLIENT_REALM_CONSTRAINT`, `CLIENT_ROLE`, `DESCRIPTION`, `NAME`, `REALM_ID`, `CLIENT`, `REALM`) VALUES ('e90024dd-fea1-4970-b02f-390c7c6e5b12','79895191-784f-4230-9f7a-9fcc5b935f0d',_binary '','${role_view-profile}','view-profile','3586be3d-c811-48bd-ac93-c1efbb056510','79895191-784f-4230-9f7a-9fcc5b935f0d',NULL);
INSERT INTO `KEYCLOAK_ROLE` (`ID`, `CLIENT_REALM_CONSTRAINT`, `CLIENT_ROLE`, `DESCRIPTION`, `NAME`, `REALM_ID`, `CLIENT`, `REALM`) VALUES ('ebdb82db-aa62-4eb1-a31c-f877f5f386f9','5112abeb-ec46-4ed0-adfd-802b74b02fca',_binary '','${role_view-events}','view-events','MyReam','5112abeb-ec46-4ed0-adfd-802b74b02fca',NULL);
INSERT INTO `KEYCLOAK_ROLE` (`ID`, `CLIENT_REALM_CONSTRAINT`, `CLIENT_ROLE`, `DESCRIPTION`, `NAME`, `REALM_ID`, `CLIENT`, `REALM`) VALUES ('ed79d518-9471-4a9f-9ed5-d8baa34c0028','5112abeb-ec46-4ed0-adfd-802b74b02fca',_binary '','${role_view-clients}','view-clients','MyReam','5112abeb-ec46-4ed0-adfd-802b74b02fca',NULL);
INSERT INTO `KEYCLOAK_ROLE` (`ID`, `CLIENT_REALM_CONSTRAINT`, `CLIENT_ROLE`, `DESCRIPTION`, `NAME`, `REALM_ID`, `CLIENT`, `REALM`) VALUES ('f23409de-de73-4591-9876-77584c9c17f4','MyReam',_binary '\0','${role_offline-access}','offline_access','MyReam',NULL,NULL);
INSERT INTO `KEYCLOAK_ROLE` (`ID`, `CLIENT_REALM_CONSTRAINT`, `CLIENT_ROLE`, `DESCRIPTION`, `NAME`, `REALM_ID`, `CLIENT`, `REALM`) VALUES ('f32c16cf-ec2b-4601-9f06-9cd7fbd6ce3a','50737d84-bdf6-4907-a0d9-69ef6f4f37e5',_binary '','${role_view-consent}','view-consent','MyReam','50737d84-bdf6-4907-a0d9-69ef6f4f37e5',NULL);
INSERT INTO `KEYCLOAK_ROLE` (`ID`, `CLIENT_REALM_CONSTRAINT`, `CLIENT_ROLE`, `DESCRIPTION`, `NAME`, `REALM_ID`, `CLIENT`, `REALM`) VALUES ('f4848eca-89b2-4635-87fc-f25e573b60ef','495d1a6d-3b9d-4a3c-a9fd-e8d8647338dc',_binary '','${role_view-identity-providers}','view-identity-providers','3586be3d-c811-48bd-ac93-c1efbb056510','495d1a6d-3b9d-4a3c-a9fd-e8d8647338dc',NULL);
INSERT INTO `KEYCLOAK_ROLE` (`ID`, `CLIENT_REALM_CONSTRAINT`, `CLIENT_ROLE`, `DESCRIPTION`, `NAME`, `REALM_ID`, `CLIENT`, `REALM`) VALUES ('f6c8025a-4e4a-4e72-8692-12215db19ca7','55cd9e8d-f5fa-46b6-a5bc-a57e9843554b',_binary '','${role_manage-users}','manage-users','3586be3d-c811-48bd-ac93-c1efbb056510','55cd9e8d-f5fa-46b6-a5bc-a57e9843554b',NULL);
INSERT INTO `KEYCLOAK_ROLE` (`ID`, `CLIENT_REALM_CONSTRAINT`, `CLIENT_ROLE`, `DESCRIPTION`, `NAME`, `REALM_ID`, `CLIENT`, `REALM`) VALUES ('f97e4d91-96fb-46ff-ba27-d7fde45b1256','495d1a6d-3b9d-4a3c-a9fd-e8d8647338dc',_binary '','${role_view-realm}','view-realm','3586be3d-c811-48bd-ac93-c1efbb056510','495d1a6d-3b9d-4a3c-a9fd-e8d8647338dc',NULL);
INSERT INTO `KEYCLOAK_ROLE` (`ID`, `CLIENT_REALM_CONSTRAINT`, `CLIENT_ROLE`, `DESCRIPTION`, `NAME`, `REALM_ID`, `CLIENT`, `REALM`) VALUES ('fb9d8e82-0a52-4d57-83b1-83e676201a47','495d1a6d-3b9d-4a3c-a9fd-e8d8647338dc',_binary '','${role_query-groups}','query-groups','3586be3d-c811-48bd-ac93-c1efbb056510','495d1a6d-3b9d-4a3c-a9fd-e8d8647338dc',NULL);
/*!40000 ALTER TABLE `KEYCLOAK_ROLE` ENABLE KEYS */;
UNLOCK TABLES;

--
-- Table structure for table `MIGRATION_MODEL`
--

DROP TABLE IF EXISTS `MIGRATION_MODEL`;
/*!40101 SET @saved_cs_client     = @@character_set_client */;
 SET character_set_client = utf8mb4 ;
CREATE TABLE `MIGRATION_MODEL` (
  `ID` varchar(36) CHARACTER SET utf8mb4 COLLATE utf8mb4_unicode_ci NOT NULL,
  `VERSION` varchar(36) CHARACTER SET utf8mb4 COLLATE utf8mb4_unicode_ci DEFAULT NULL,
  `UPDATE_TIME` bigint NOT NULL DEFAULT '0',
  PRIMARY KEY (`ID`),
  KEY `IDX_UPDATE_TIME` (`UPDATE_TIME`)
) ENGINE=InnoDB DEFAULT CHARSET=utf8mb4 COLLATE=utf8mb4_unicode_ci;
/*!40101 SET character_set_client = @saved_cs_client */;

--
-- Dumping data for table `MIGRATION_MODEL`
--

LOCK TABLES `MIGRATION_MODEL` WRITE;
/*!40000 ALTER TABLE `MIGRATION_MODEL` DISABLE KEYS */;
INSERT INTO `MIGRATION_MODEL` (`ID`, `VERSION`, `UPDATE_TIME`) VALUES ('k8wt0','18.0.0',1706539979);
/*!40000 ALTER TABLE `MIGRATION_MODEL` ENABLE KEYS */;
UNLOCK TABLES;

--
-- Table structure for table `OFFLINE_CLIENT_SESSION`
--

DROP TABLE IF EXISTS `OFFLINE_CLIENT_SESSION`;
/*!40101 SET @saved_cs_client     = @@character_set_client */;
 SET character_set_client = utf8mb4 ;
CREATE TABLE `OFFLINE_CLIENT_SESSION` (
  `USER_SESSION_ID` varchar(36) CHARACTER SET utf8mb4 COLLATE utf8mb4_unicode_ci NOT NULL,
  `CLIENT_ID` varchar(255) CHARACTER SET utf8mb4 COLLATE utf8mb4_unicode_ci NOT NULL,
  `OFFLINE_FLAG` varchar(4) CHARACTER SET utf8mb4 COLLATE utf8mb4_unicode_ci NOT NULL,
  `TIMESTAMP` int DEFAULT NULL,
  `DATA` longtext CHARACTER SET utf8mb4 COLLATE utf8mb4_unicode_ci,
  `CLIENT_STORAGE_PROVIDER` varchar(36) CHARACTER SET utf8mb4 COLLATE utf8mb4_unicode_ci NOT NULL DEFAULT 'local',
  `EXTERNAL_CLIENT_ID` varchar(255) CHARACTER SET utf8mb4 COLLATE utf8mb4_unicode_ci NOT NULL DEFAULT 'local',
  PRIMARY KEY (`USER_SESSION_ID`,`CLIENT_ID`,`CLIENT_STORAGE_PROVIDER`,`EXTERNAL_CLIENT_ID`,`OFFLINE_FLAG`),
  KEY `IDX_US_SESS_ID_ON_CL_SESS` (`USER_SESSION_ID`),
  KEY `IDX_OFFLINE_CSS_PRELOAD` (`CLIENT_ID`,`OFFLINE_FLAG`)
) ENGINE=InnoDB DEFAULT CHARSET=utf8mb4 COLLATE=utf8mb4_unicode_ci;
/*!40101 SET character_set_client = @saved_cs_client */;

--
-- Dumping data for table `OFFLINE_CLIENT_SESSION`
--

LOCK TABLES `OFFLINE_CLIENT_SESSION` WRITE;
/*!40000 ALTER TABLE `OFFLINE_CLIENT_SESSION` DISABLE KEYS */;
/*!40000 ALTER TABLE `OFFLINE_CLIENT_SESSION` ENABLE KEYS */;
UNLOCK TABLES;

--
-- Table structure for table `OFFLINE_USER_SESSION`
--

DROP TABLE IF EXISTS `OFFLINE_USER_SESSION`;
/*!40101 SET @saved_cs_client     = @@character_set_client */;
 SET character_set_client = utf8mb4 ;
CREATE TABLE `OFFLINE_USER_SESSION` (
  `USER_SESSION_ID` varchar(36) CHARACTER SET utf8mb4 COLLATE utf8mb4_unicode_ci NOT NULL,
  `USER_ID` varchar(255) CHARACTER SET utf8mb4 COLLATE utf8mb4_unicode_ci DEFAULT NULL,
  `REALM_ID` varchar(36) CHARACTER SET utf8mb4 COLLATE utf8mb4_unicode_ci NOT NULL,
  `CREATED_ON` int NOT NULL,
  `OFFLINE_FLAG` varchar(4) CHARACTER SET utf8mb4 COLLATE utf8mb4_unicode_ci NOT NULL,
  `DATA` longtext CHARACTER SET utf8mb4 COLLATE utf8mb4_unicode_ci,
  `LAST_SESSION_REFRESH` int NOT NULL DEFAULT '0',
  PRIMARY KEY (`USER_SESSION_ID`,`OFFLINE_FLAG`),
  KEY `IDX_OFFLINE_USS_CREATEDON` (`CREATED_ON`),
  KEY `IDX_OFFLINE_USS_PRELOAD` (`OFFLINE_FLAG`,`CREATED_ON`,`USER_SESSION_ID`),
  KEY `IDX_OFFLINE_USS_BY_USER` (`USER_ID`,`REALM_ID`,`OFFLINE_FLAG`),
  KEY `IDX_OFFLINE_USS_BY_USERSESS` (`REALM_ID`,`OFFLINE_FLAG`,`USER_SESSION_ID`)
) ENGINE=InnoDB DEFAULT CHARSET=utf8mb4 COLLATE=utf8mb4_unicode_ci;
/*!40101 SET character_set_client = @saved_cs_client */;

--
-- Dumping data for table `OFFLINE_USER_SESSION`
--

LOCK TABLES `OFFLINE_USER_SESSION` WRITE;
/*!40000 ALTER TABLE `OFFLINE_USER_SESSION` DISABLE KEYS */;
/*!40000 ALTER TABLE `OFFLINE_USER_SESSION` ENABLE KEYS */;
UNLOCK TABLES;

--
-- Table structure for table `POLICY_CONFIG`
--

DROP TABLE IF EXISTS `POLICY_CONFIG`;
/*!40101 SET @saved_cs_client     = @@character_set_client */;
 SET character_set_client = utf8mb4 ;
CREATE TABLE `POLICY_CONFIG` (
  `POLICY_ID` varchar(36) CHARACTER SET utf8mb4 COLLATE utf8mb4_unicode_ci NOT NULL,
  `NAME` varchar(255) CHARACTER SET utf8mb4 COLLATE utf8mb4_unicode_ci NOT NULL,
  `VALUE` longtext CHARACTER SET utf8mb4 COLLATE utf8mb4_unicode_ci,
  PRIMARY KEY (`POLICY_ID`,`NAME`),
  CONSTRAINT `FKDC34197CF864C4E43` FOREIGN KEY (`POLICY_ID`) REFERENCES `RESOURCE_SERVER_POLICY` (`ID`)
) ENGINE=InnoDB DEFAULT CHARSET=utf8mb4 COLLATE=utf8mb4_unicode_ci;
/*!40101 SET character_set_client = @saved_cs_client */;

--
-- Dumping data for table `POLICY_CONFIG`
--

LOCK TABLES `POLICY_CONFIG` WRITE;
/*!40000 ALTER TABLE `POLICY_CONFIG` DISABLE KEYS */;
/*!40000 ALTER TABLE `POLICY_CONFIG` ENABLE KEYS */;
UNLOCK TABLES;

--
-- Table structure for table `PROTOCOL_MAPPER`
--

DROP TABLE IF EXISTS `PROTOCOL_MAPPER`;
/*!40101 SET @saved_cs_client     = @@character_set_client */;
 SET character_set_client = utf8mb4 ;
CREATE TABLE `PROTOCOL_MAPPER` (
  `ID` varchar(36) CHARACTER SET utf8mb4 COLLATE utf8mb4_unicode_ci NOT NULL,
  `NAME` varchar(255) CHARACTER SET utf8mb4 COLLATE utf8mb4_unicode_ci NOT NULL,
  `PROTOCOL` varchar(255) CHARACTER SET utf8mb4 COLLATE utf8mb4_unicode_ci NOT NULL,
  `PROTOCOL_MAPPER_NAME` varchar(255) CHARACTER SET utf8mb4 COLLATE utf8mb4_unicode_ci NOT NULL,
  `CLIENT_ID` varchar(36) CHARACTER SET utf8mb4 COLLATE utf8mb4_unicode_ci DEFAULT NULL,
  `CLIENT_SCOPE_ID` varchar(36) CHARACTER SET utf8mb4 COLLATE utf8mb4_unicode_ci DEFAULT NULL,
  PRIMARY KEY (`ID`),
  KEY `IDX_PROTOCOL_MAPPER_CLIENT` (`CLIENT_ID`),
  KEY `IDX_CLSCOPE_PROTMAP` (`CLIENT_SCOPE_ID`),
  CONSTRAINT `FK_CLI_SCOPE_MAPPER` FOREIGN KEY (`CLIENT_SCOPE_ID`) REFERENCES `CLIENT_SCOPE` (`ID`),
  CONSTRAINT `FK_PCM_REALM` FOREIGN KEY (`CLIENT_ID`) REFERENCES `CLIENT` (`ID`)
) ENGINE=InnoDB DEFAULT CHARSET=utf8mb4 COLLATE=utf8mb4_unicode_ci;
/*!40101 SET character_set_client = @saved_cs_client */;

--
-- Dumping data for table `PROTOCOL_MAPPER`
--

LOCK TABLES `PROTOCOL_MAPPER` WRITE;
/*!40000 ALTER TABLE `PROTOCOL_MAPPER` DISABLE KEYS */;
INSERT INTO `PROTOCOL_MAPPER` (`ID`, `NAME`, `PROTOCOL`, `PROTOCOL_MAPPER_NAME`, `CLIENT_ID`, `CLIENT_SCOPE_ID`) VALUES ('019facd8-aad6-4a11-af50-f7b2648467ef','nickname','openid-connect','oidc-usermodel-attribute-mapper',NULL,'472221c4-e338-4721-ba0c-3bc8b32b94b0');
INSERT INTO `PROTOCOL_MAPPER` (`ID`, `NAME`, `PROTOCOL`, `PROTOCOL_MAPPER_NAME`, `CLIENT_ID`, `CLIENT_SCOPE_ID`) VALUES ('0670dbef-a9e4-4ddc-a93e-f8fc5fd99c3d','middle name','openid-connect','oidc-usermodel-attribute-mapper',NULL,'1e18ced5-1dda-476d-aa97-762f767b94f4');
INSERT INTO `PROTOCOL_MAPPER` (`ID`, `NAME`, `PROTOCOL`, `PROTOCOL_MAPPER_NAME`, `CLIENT_ID`, `CLIENT_SCOPE_ID`) VALUES ('0ca5d14c-b4a4-45ef-9520-fda6d47c9d51','email','openid-connect','oidc-usermodel-property-mapper',NULL,'337ecf75-b755-4e78-9fe2-c127619805f2');
INSERT INTO `PROTOCOL_MAPPER` (`ID`, `NAME`, `PROTOCOL`, `PROTOCOL_MAPPER_NAME`, `CLIENT_ID`, `CLIENT_SCOPE_ID`) VALUES ('0f757db3-9c65-4a80-95d6-93652c58b6b0','picture','openid-connect','oidc-usermodel-attribute-mapper',NULL,'1e18ced5-1dda-476d-aa97-762f767b94f4');
INSERT INTO `PROTOCOL_MAPPER` (`ID`, `NAME`, `PROTOCOL`, `PROTOCOL_MAPPER_NAME`, `CLIENT_ID`, `CLIENT_SCOPE_ID`) VALUES ('183fbc63-13e4-45ba-a18d-328aafe142ae','locale','openid-connect','oidc-usermodel-attribute-mapper',NULL,'1e18ced5-1dda-476d-aa97-762f767b94f4');
INSERT INTO `PROTOCOL_MAPPER` (`ID`, `NAME`, `PROTOCOL`, `PROTOCOL_MAPPER_NAME`, `CLIENT_ID`, `CLIENT_SCOPE_ID`) VALUES ('1a123e07-f29f-457a-95c4-fcb4c3b94a8b','profile','openid-connect','oidc-usermodel-attribute-mapper',NULL,'1e18ced5-1dda-476d-aa97-762f767b94f4');
INSERT INTO `PROTOCOL_MAPPER` (`ID`, `NAME`, `PROTOCOL`, `PROTOCOL_MAPPER_NAME`, `CLIENT_ID`, `CLIENT_SCOPE_ID`) VALUES ('1ef501fd-ab89-48ef-bbb6-d61ed343d1fa','locale','openid-connect','oidc-usermodel-attribute-mapper',NULL,'472221c4-e338-4721-ba0c-3bc8b32b94b0');
INSERT INTO `PROTOCOL_MAPPER` (`ID`, `NAME`, `PROTOCOL`, `PROTOCOL_MAPPER_NAME`, `CLIENT_ID`, `CLIENT_SCOPE_ID`) VALUES ('30792057-4fdf-43cb-955a-583a52cecc11','website','openid-connect','oidc-usermodel-attribute-mapper',NULL,'1e18ced5-1dda-476d-aa97-762f767b94f4');
INSERT INTO `PROTOCOL_MAPPER` (`ID`, `NAME`, `PROTOCOL`, `PROTOCOL_MAPPER_NAME`, `CLIENT_ID`, `CLIENT_SCOPE_ID`) VALUES ('33356c29-7727-4348-8c73-19fa6114318c','birthdate','openid-connect','oidc-usermodel-attribute-mapper',NULL,'472221c4-e338-4721-ba0c-3bc8b32b94b0');
INSERT INTO `PROTOCOL_MAPPER` (`ID`, `NAME`, `PROTOCOL`, `PROTOCOL_MAPPER_NAME`, `CLIENT_ID`, `CLIENT_SCOPE_ID`) VALUES ('37ef3c6d-e7a2-4b59-b413-3af87db2479a','email verified','openid-connect','oidc-usermodel-property-mapper',NULL,'337ecf75-b755-4e78-9fe2-c127619805f2');
INSERT INTO `PROTOCOL_MAPPER` (`ID`, `NAME`, `PROTOCOL`, `PROTOCOL_MAPPER_NAME`, `CLIENT_ID`, `CLIENT_SCOPE_ID`) VALUES ('497ae18b-2029-4fcb-bd42-93ee003c0a31','audience resolve','openid-connect','oidc-audience-resolve-mapper','cbb63608-b314-4ca0-90a4-202d5098305c',NULL);
INSERT INTO `PROTOCOL_MAPPER` (`ID`, `NAME`, `PROTOCOL`, `PROTOCOL_MAPPER_NAME`, `CLIENT_ID`, `CLIENT_SCOPE_ID`) VALUES ('4cb3c69f-37fd-4f47-8772-442872a8c9f9','upn','openid-connect','oidc-usermodel-property-mapper',NULL,'b7045491-ba08-47c6-b1e8-a2fc78116915');
INSERT INTO `PROTOCOL_MAPPER` (`ID`, `NAME`, `PROTOCOL`, `PROTOCOL_MAPPER_NAME`, `CLIENT_ID`, `CLIENT_SCOPE_ID`) VALUES ('4cec2a0f-9ce3-4b1d-b71a-49148759c49a','groups','openid-connect','oidc-usermodel-realm-role-mapper',NULL,'b7045491-ba08-47c6-b1e8-a2fc78116915');
INSERT INTO `PROTOCOL_MAPPER` (`ID`, `NAME`, `PROTOCOL`, `PROTOCOL_MAPPER_NAME`, `CLIENT_ID`, `CLIENT_SCOPE_ID`) VALUES ('4e1a26b6-5ce5-4d8a-a33a-1a05cc421eb1','phone number verified','openid-connect','oidc-usermodel-attribute-mapper',NULL,'bba27c61-5c56-44c2-86b8-9dddbf2efaf1');
INSERT INTO `PROTOCOL_MAPPER` (`ID`, `NAME`, `PROTOCOL`, `PROTOCOL_MAPPER_NAME`, `CLIENT_ID`, `CLIENT_SCOPE_ID`) VALUES ('4e517225-7bdd-427e-964b-d6282a2ecd8f','middle name','openid-connect','oidc-usermodel-attribute-mapper',NULL,'472221c4-e338-4721-ba0c-3bc8b32b94b0');
INSERT INTO `PROTOCOL_MAPPER` (`ID`, `NAME`, `PROTOCOL`, `PROTOCOL_MAPPER_NAME`, `CLIENT_ID`, `CLIENT_SCOPE_ID`) VALUES ('585ec8e8-47be-453f-b868-23708d9ec35a','family name','openid-connect','oidc-usermodel-property-mapper',NULL,'472221c4-e338-4721-ba0c-3bc8b32b94b0');
INSERT INTO `PROTOCOL_MAPPER` (`ID`, `NAME`, `PROTOCOL`, `PROTOCOL_MAPPER_NAME`, `CLIENT_ID`, `CLIENT_SCOPE_ID`) VALUES ('59864245-c1c0-41bb-baea-aeceaecfcf21','username','openid-connect','oidc-usermodel-property-mapper',NULL,'472221c4-e338-4721-ba0c-3bc8b32b94b0');
INSERT INTO `PROTOCOL_MAPPER` (`ID`, `NAME`, `PROTOCOL`, `PROTOCOL_MAPPER_NAME`, `CLIENT_ID`, `CLIENT_SCOPE_ID`) VALUES ('5bf229ff-05e2-42b5-b428-69f188ff862b','realm roles','openid-connect','oidc-usermodel-realm-role-mapper',NULL,'6153b616-2951-43fc-9a9c-4b6e214c613a');
INSERT INTO `PROTOCOL_MAPPER` (`ID`, `NAME`, `PROTOCOL`, `PROTOCOL_MAPPER_NAME`, `CLIENT_ID`, `CLIENT_SCOPE_ID`) VALUES ('5e1835d1-8831-4de0-9c2f-e2922f861949','email','openid-connect','oidc-usermodel-property-mapper',NULL,'4d5513e1-ff32-496d-a791-a3502c51ced5');
INSERT INTO `PROTOCOL_MAPPER` (`ID`, `NAME`, `PROTOCOL`, `PROTOCOL_MAPPER_NAME`, `CLIENT_ID`, `CLIENT_SCOPE_ID`) VALUES ('5e63b1ac-2f85-45e3-acbc-dd633d9d1f86','nickname','openid-connect','oidc-usermodel-attribute-mapper',NULL,'1e18ced5-1dda-476d-aa97-762f767b94f4');
INSERT INTO `PROTOCOL_MAPPER` (`ID`, `NAME`, `PROTOCOL`, `PROTOCOL_MAPPER_NAME`, `CLIENT_ID`, `CLIENT_SCOPE_ID`) VALUES ('682eced5-e014-43e3-b582-259ed8a73f72','profile','openid-connect','oidc-usermodel-attribute-mapper',NULL,'472221c4-e338-4721-ba0c-3bc8b32b94b0');
INSERT INTO `PROTOCOL_MAPPER` (`ID`, `NAME`, `PROTOCOL`, `PROTOCOL_MAPPER_NAME`, `CLIENT_ID`, `CLIENT_SCOPE_ID`) VALUES ('70522330-45c2-412b-9954-2ee7307d660b','given name','openid-connect','oidc-usermodel-property-mapper',NULL,'1e18ced5-1dda-476d-aa97-762f767b94f4');
INSERT INTO `PROTOCOL_MAPPER` (`ID`, `NAME`, `PROTOCOL`, `PROTOCOL_MAPPER_NAME`, `CLIENT_ID`, `CLIENT_SCOPE_ID`) VALUES ('71de78b7-3c70-49bd-a5e9-46fb11523024','picture','openid-connect','oidc-usermodel-attribute-mapper',NULL,'472221c4-e338-4721-ba0c-3bc8b32b94b0');
INSERT INTO `PROTOCOL_MAPPER` (`ID`, `NAME`, `PROTOCOL`, `PROTOCOL_MAPPER_NAME`, `CLIENT_ID`, `CLIENT_SCOPE_ID`) VALUES ('7263d249-b9ce-4c63-884f-ecf7b790028a','acr loa level','openid-connect','oidc-acr-mapper',NULL,'6def4927-073b-4ced-b340-ca7c6131fe27');
INSERT INTO `PROTOCOL_MAPPER` (`ID`, `NAME`, `PROTOCOL`, `PROTOCOL_MAPPER_NAME`, `CLIENT_ID`, `CLIENT_SCOPE_ID`) VALUES ('7728b27a-8785-4653-ba61-60fc432590bf','full name','openid-connect','oidc-full-name-mapper',NULL,'472221c4-e338-4721-ba0c-3bc8b32b94b0');
INSERT INTO `PROTOCOL_MAPPER` (`ID`, `NAME`, `PROTOCOL`, `PROTOCOL_MAPPER_NAME`, `CLIENT_ID`, `CLIENT_SCOPE_ID`) VALUES ('7d101792-a2fb-4163-a521-8e064d370ef9','phone number','openid-connect','oidc-usermodel-attribute-mapper',NULL,'bba27c61-5c56-44c2-86b8-9dddbf2efaf1');
INSERT INTO `PROTOCOL_MAPPER` (`ID`, `NAME`, `PROTOCOL`, `PROTOCOL_MAPPER_NAME`, `CLIENT_ID`, `CLIENT_SCOPE_ID`) VALUES ('82f77b5b-8c45-45e7-9efd-228b5f7b0e01','website','openid-connect','oidc-usermodel-attribute-mapper',NULL,'472221c4-e338-4721-ba0c-3bc8b32b94b0');
INSERT INTO `PROTOCOL_MAPPER` (`ID`, `NAME`, `PROTOCOL`, `PROTOCOL_MAPPER_NAME`, `CLIENT_ID`, `CLIENT_SCOPE_ID`) VALUES ('83ecaec9-2f8a-478b-b099-8f1945f47428','zoneinfo','openid-connect','oidc-usermodel-attribute-mapper',NULL,'1e18ced5-1dda-476d-aa97-762f767b94f4');
INSERT INTO `PROTOCOL_MAPPER` (`ID`, `NAME`, `PROTOCOL`, `PROTOCOL_MAPPER_NAME`, `CLIENT_ID`, `CLIENT_SCOPE_ID`) VALUES ('88b38834-289c-4fa7-a322-7503f9b146a7','acr loa level','openid-connect','oidc-acr-mapper',NULL,'7fd91d53-690e-4969-819e-21b590ada88d');
INSERT INTO `PROTOCOL_MAPPER` (`ID`, `NAME`, `PROTOCOL`, `PROTOCOL_MAPPER_NAME`, `CLIENT_ID`, `CLIENT_SCOPE_ID`) VALUES ('8dbdd661-b7c5-4a16-ab3b-d3f6d8e42aeb','Client IP Address','openid-connect','oidc-usersessionmodel-note-mapper','50420149-0789-4dac-9ece-b8c8ff2eec6b',NULL);
INSERT INTO `PROTOCOL_MAPPER` (`ID`, `NAME`, `PROTOCOL`, `PROTOCOL_MAPPER_NAME`, `CLIENT_ID`, `CLIENT_SCOPE_ID`) VALUES ('8e1c467c-271a-493b-a64b-2f53a0e75b30','gender','openid-connect','oidc-usermodel-attribute-mapper',NULL,'1e18ced5-1dda-476d-aa97-762f767b94f4');
INSERT INTO `PROTOCOL_MAPPER` (`ID`, `NAME`, `PROTOCOL`, `PROTOCOL_MAPPER_NAME`, `CLIENT_ID`, `CLIENT_SCOPE_ID`) VALUES ('9a21f400-e6d2-41e5-b640-933c8dd85968','updated at','openid-connect','oidc-usermodel-attribute-mapper',NULL,'472221c4-e338-4721-ba0c-3bc8b32b94b0');
INSERT INTO `PROTOCOL_MAPPER` (`ID`, `NAME`, `PROTOCOL`, `PROTOCOL_MAPPER_NAME`, `CLIENT_ID`, `CLIENT_SCOPE_ID`) VALUES ('9a77decf-5bc6-4293-a75c-54077437792d','family name','openid-connect','oidc-usermodel-property-mapper',NULL,'1e18ced5-1dda-476d-aa97-762f767b94f4');
INSERT INTO `PROTOCOL_MAPPER` (`ID`, `NAME`, `PROTOCOL`, `PROTOCOL_MAPPER_NAME`, `CLIENT_ID`, `CLIENT_SCOPE_ID`) VALUES ('9dccfbe5-5b95-4e9f-9685-5b048103da9f','allowed web origins','openid-connect','oidc-allowed-origins-mapper',NULL,'a39dccd1-d830-4827-aaef-6f95ecc2f64c');
INSERT INTO `PROTOCOL_MAPPER` (`ID`, `NAME`, `PROTOCOL`, `PROTOCOL_MAPPER_NAME`, `CLIENT_ID`, `CLIENT_SCOPE_ID`) VALUES ('a03e02f9-3157-4d1e-aae1-b3bfbc37dd57','realm roles','openid-connect','oidc-usermodel-realm-role-mapper',NULL,'d4fa7a70-fa00-40c5-98cc-d927e569586d');
INSERT INTO `PROTOCOL_MAPPER` (`ID`, `NAME`, `PROTOCOL`, `PROTOCOL_MAPPER_NAME`, `CLIENT_ID`, `CLIENT_SCOPE_ID`) VALUES ('a144e5e4-588b-4ae9-8e20-76bfd0cace8e','audience resolve','openid-connect','oidc-audience-resolve-mapper',NULL,'d4fa7a70-fa00-40c5-98cc-d927e569586d');
INSERT INTO `PROTOCOL_MAPPER` (`ID`, `NAME`, `PROTOCOL`, `PROTOCOL_MAPPER_NAME`, `CLIENT_ID`, `CLIENT_SCOPE_ID`) VALUES ('a6390a1a-9415-481f-af62-74c8ce336406','username','openid-connect','oidc-usermodel-property-mapper',NULL,'1e18ced5-1dda-476d-aa97-762f767b94f4');
INSERT INTO `PROTOCOL_MAPPER` (`ID`, `NAME`, `PROTOCOL`, `PROTOCOL_MAPPER_NAME`, `CLIENT_ID`, `CLIENT_SCOPE_ID`) VALUES ('a7bc4318-ae57-4548-bc35-b5d9d80baf75','Client ID','openid-connect','oidc-usersessionmodel-note-mapper','50420149-0789-4dac-9ece-b8c8ff2eec6b',NULL);
INSERT INTO `PROTOCOL_MAPPER` (`ID`, `NAME`, `PROTOCOL`, `PROTOCOL_MAPPER_NAME`, `CLIENT_ID`, `CLIENT_SCOPE_ID`) VALUES ('a85aff8d-79ee-4864-912d-2e16723a2b88','updated at','openid-connect','oidc-usermodel-attribute-mapper',NULL,'1e18ced5-1dda-476d-aa97-762f767b94f4');
INSERT INTO `PROTOCOL_MAPPER` (`ID`, `NAME`, `PROTOCOL`, `PROTOCOL_MAPPER_NAME`, `CLIENT_ID`, `CLIENT_SCOPE_ID`) VALUES ('a9694260-68e5-4baa-b2e7-04fbb5484bf3','client roles','openid-connect','oidc-usermodel-client-role-mapper',NULL,'d4fa7a70-fa00-40c5-98cc-d927e569586d');
INSERT INTO `PROTOCOL_MAPPER` (`ID`, `NAME`, `PROTOCOL`, `PROTOCOL_MAPPER_NAME`, `CLIENT_ID`, `CLIENT_SCOPE_ID`) VALUES ('ab344b06-b23f-4b22-888e-b01d03bf62a8','locale','openid-connect','oidc-usermodel-attribute-mapper','e901bea2-3dc1-4bd3-9e18-5a94341b1f48',NULL);
INSERT INTO `PROTOCOL_MAPPER` (`ID`, `NAME`, `PROTOCOL`, `PROTOCOL_MAPPER_NAME`, `CLIENT_ID`, `CLIENT_SCOPE_ID`) VALUES ('adaefa8f-ddc7-409c-9e81-31a7e455b60d','address','openid-connect','oidc-address-mapper',NULL,'cd7d0f7f-6ee2-401a-bd2c-a2e94ae75342');
INSERT INTO `PROTOCOL_MAPPER` (`ID`, `NAME`, `PROTOCOL`, `PROTOCOL_MAPPER_NAME`, `CLIENT_ID`, `CLIENT_SCOPE_ID`) VALUES ('b16a4374-0e11-4253-95e3-5f6485d3a776','locale','openid-connect','oidc-usermodel-attribute-mapper','3d37f65d-2671-40d6-833c-86719b0b570b',NULL);
INSERT INTO `PROTOCOL_MAPPER` (`ID`, `NAME`, `PROTOCOL`, `PROTOCOL_MAPPER_NAME`, `CLIENT_ID`, `CLIENT_SCOPE_ID`) VALUES ('bcf32f44-560c-4a4c-9f4c-c22ef2076ca8','address','openid-connect','oidc-address-mapper',NULL,'d495b4d0-5a42-497b-9fcb-d009d223019a');
INSERT INTO `PROTOCOL_MAPPER` (`ID`, `NAME`, `PROTOCOL`, `PROTOCOL_MAPPER_NAME`, `CLIENT_ID`, `CLIENT_SCOPE_ID`) VALUES ('be8d8d81-d982-4a9f-a0dc-f17916461113','Client Host','openid-connect','oidc-usersessionmodel-note-mapper','3c4d1c6d-ba5d-41f3-ac70-75226d466f71',NULL);
INSERT INTO `PROTOCOL_MAPPER` (`ID`, `NAME`, `PROTOCOL`, `PROTOCOL_MAPPER_NAME`, `CLIENT_ID`, `CLIENT_SCOPE_ID`) VALUES ('c461b707-7b31-4e3d-9f18-8b69ed0164f0','upn','openid-connect','oidc-usermodel-property-mapper',NULL,'39ae26bf-20ef-4d02-8b5f-75ad7ec5e000');
INSERT INTO `PROTOCOL_MAPPER` (`ID`, `NAME`, `PROTOCOL`, `PROTOCOL_MAPPER_NAME`, `CLIENT_ID`, `CLIENT_SCOPE_ID`) VALUES ('c779a3c2-0bed-4c98-b627-9f33cc9a82ba','Client ID','openid-connect','oidc-usersessionmodel-note-mapper','3c4d1c6d-ba5d-41f3-ac70-75226d466f71',NULL);
INSERT INTO `PROTOCOL_MAPPER` (`ID`, `NAME`, `PROTOCOL`, `PROTOCOL_MAPPER_NAME`, `CLIENT_ID`, `CLIENT_SCOPE_ID`) VALUES ('c8ad2ebf-8fbc-4f3a-b60e-561f22fdc727','Client IP Address','openid-connect','oidc-usersessionmodel-note-mapper','3c4d1c6d-ba5d-41f3-ac70-75226d466f71',NULL);
INSERT INTO `PROTOCOL_MAPPER` (`ID`, `NAME`, `PROTOCOL`, `PROTOCOL_MAPPER_NAME`, `CLIENT_ID`, `CLIENT_SCOPE_ID`) VALUES ('cda7ae41-95cd-4d98-adab-59acae992595','given name','openid-connect','oidc-usermodel-property-mapper',NULL,'472221c4-e338-4721-ba0c-3bc8b32b94b0');
INSERT INTO `PROTOCOL_MAPPER` (`ID`, `NAME`, `PROTOCOL`, `PROTOCOL_MAPPER_NAME`, `CLIENT_ID`, `CLIENT_SCOPE_ID`) VALUES ('d2a8c805-24ad-4172-83eb-03422ff18ff4','zoneinfo','openid-connect','oidc-usermodel-attribute-mapper',NULL,'472221c4-e338-4721-ba0c-3bc8b32b94b0');
INSERT INTO `PROTOCOL_MAPPER` (`ID`, `NAME`, `PROTOCOL`, `PROTOCOL_MAPPER_NAME`, `CLIENT_ID`, `CLIENT_SCOPE_ID`) VALUES ('d37f8e81-afcc-4030-acc3-6015d9e7622d','role list','saml','saml-role-list-mapper',NULL,'bda4e25b-7bd6-4065-bef1-d9497382be7d');
INSERT INTO `PROTOCOL_MAPPER` (`ID`, `NAME`, `PROTOCOL`, `PROTOCOL_MAPPER_NAME`, `CLIENT_ID`, `CLIENT_SCOPE_ID`) VALUES ('d601c3ae-c929-4871-aa04-eaa26ccdf84d','client roles','openid-connect','oidc-usermodel-client-role-mapper',NULL,'6153b616-2951-43fc-9a9c-4b6e214c613a');
INSERT INTO `PROTOCOL_MAPPER` (`ID`, `NAME`, `PROTOCOL`, `PROTOCOL_MAPPER_NAME`, `CLIENT_ID`, `CLIENT_SCOPE_ID`) VALUES ('d7fb551b-3487-4638-bcfb-f71eacc30948','audience resolve','openid-connect','oidc-audience-resolve-mapper','fe427f3d-7f22-4a58-8a07-b5af38a480a3',NULL);
INSERT INTO `PROTOCOL_MAPPER` (`ID`, `NAME`, `PROTOCOL`, `PROTOCOL_MAPPER_NAME`, `CLIENT_ID`, `CLIENT_SCOPE_ID`) VALUES ('d8d16b4d-4512-4100-9999-898ec7d89508','phone number','openid-connect','oidc-usermodel-attribute-mapper',NULL,'1cdf2a00-dc33-4d6f-ad6c-50e314a68e8f');
INSERT INTO `PROTOCOL_MAPPER` (`ID`, `NAME`, `PROTOCOL`, `PROTOCOL_MAPPER_NAME`, `CLIENT_ID`, `CLIENT_SCOPE_ID`) VALUES ('de7b0eca-e93b-49ad-a10b-aa76f172bcf6','birthdate','openid-connect','oidc-usermodel-attribute-mapper',NULL,'1e18ced5-1dda-476d-aa97-762f767b94f4');
INSERT INTO `PROTOCOL_MAPPER` (`ID`, `NAME`, `PROTOCOL`, `PROTOCOL_MAPPER_NAME`, `CLIENT_ID`, `CLIENT_SCOPE_ID`) VALUES ('df1e9f0e-6845-4582-83b5-d7c392b16952','gender','openid-connect','oidc-usermodel-attribute-mapper',NULL,'472221c4-e338-4721-ba0c-3bc8b32b94b0');
INSERT INTO `PROTOCOL_MAPPER` (`ID`, `NAME`, `PROTOCOL`, `PROTOCOL_MAPPER_NAME`, `CLIENT_ID`, `CLIENT_SCOPE_ID`) VALUES ('e014b59a-b08d-49a6-b649-f15562a2a5d3','full name','openid-connect','oidc-full-name-mapper',NULL,'1e18ced5-1dda-476d-aa97-762f767b94f4');
INSERT INTO `PROTOCOL_MAPPER` (`ID`, `NAME`, `PROTOCOL`, `PROTOCOL_MAPPER_NAME`, `CLIENT_ID`, `CLIENT_SCOPE_ID`) VALUES ('e33e0012-7fc8-486d-9a7f-471e6931aa12','allowed web origins','openid-connect','oidc-allowed-origins-mapper',NULL,'63c858f6-f215-4b7b-89b7-edb2bf7b0bbd');
INSERT INTO `PROTOCOL_MAPPER` (`ID`, `NAME`, `PROTOCOL`, `PROTOCOL_MAPPER_NAME`, `CLIENT_ID`, `CLIENT_SCOPE_ID`) VALUES ('e964cba8-0857-487d-b819-609ea3a57d36','role list','saml','saml-role-list-mapper',NULL,'c92642f4-a5df-4929-ac09-dcc438f478c1');
INSERT INTO `PROTOCOL_MAPPER` (`ID`, `NAME`, `PROTOCOL`, `PROTOCOL_MAPPER_NAME`, `CLIENT_ID`, `CLIENT_SCOPE_ID`) VALUES ('ebc98c51-8793-4e19-aaf0-60ff6742f904','phone number verified','openid-connect','oidc-usermodel-attribute-mapper',NULL,'1cdf2a00-dc33-4d6f-ad6c-50e314a68e8f');
INSERT INTO `PROTOCOL_MAPPER` (`ID`, `NAME`, `PROTOCOL`, `PROTOCOL_MAPPER_NAME`, `CLIENT_ID`, `CLIENT_SCOPE_ID`) VALUES ('f7990059-8e3b-476d-8f24-de04c8ec442c','Client Host','openid-connect','oidc-usersessionmodel-note-mapper','50420149-0789-4dac-9ece-b8c8ff2eec6b',NULL);
INSERT INTO `PROTOCOL_MAPPER` (`ID`, `NAME`, `PROTOCOL`, `PROTOCOL_MAPPER_NAME`, `CLIENT_ID`, `CLIENT_SCOPE_ID`) VALUES ('f8526810-837f-453a-bc22-8fbf854e85f6','groups','openid-connect','oidc-usermodel-realm-role-mapper',NULL,'39ae26bf-20ef-4d02-8b5f-75ad7ec5e000');
INSERT INTO `PROTOCOL_MAPPER` (`ID`, `NAME`, `PROTOCOL`, `PROTOCOL_MAPPER_NAME`, `CLIENT_ID`, `CLIENT_SCOPE_ID`) VALUES ('f9255bad-a513-4db1-8d93-1240f32f441f','audience resolve','openid-connect','oidc-audience-resolve-mapper',NULL,'6153b616-2951-43fc-9a9c-4b6e214c613a');
INSERT INTO `PROTOCOL_MAPPER` (`ID`, `NAME`, `PROTOCOL`, `PROTOCOL_MAPPER_NAME`, `CLIENT_ID`, `CLIENT_SCOPE_ID`) VALUES ('f9b15b63-6ec5-4ff8-b7a7-68f245f4364c','email verified','openid-connect','oidc-usermodel-property-mapper',NULL,'4d5513e1-ff32-496d-a791-a3502c51ced5');
/*!40000 ALTER TABLE `PROTOCOL_MAPPER` ENABLE KEYS */;
UNLOCK TABLES;

--
-- Table structure for table `PROTOCOL_MAPPER_CONFIG`
--

DROP TABLE IF EXISTS `PROTOCOL_MAPPER_CONFIG`;
/*!40101 SET @saved_cs_client     = @@character_set_client */;
 SET character_set_client = utf8mb4 ;
CREATE TABLE `PROTOCOL_MAPPER_CONFIG` (
  `PROTOCOL_MAPPER_ID` varchar(36) CHARACTER SET utf8mb4 COLLATE utf8mb4_unicode_ci NOT NULL,
  `VALUE` longtext CHARACTER SET utf8mb4 COLLATE utf8mb4_unicode_ci,
  `NAME` varchar(255) CHARACTER SET utf8mb4 COLLATE utf8mb4_unicode_ci NOT NULL,
  PRIMARY KEY (`PROTOCOL_MAPPER_ID`,`NAME`),
  CONSTRAINT `FK_PMCONFIG` FOREIGN KEY (`PROTOCOL_MAPPER_ID`) REFERENCES `PROTOCOL_MAPPER` (`ID`)
) ENGINE=InnoDB DEFAULT CHARSET=utf8mb4 COLLATE=utf8mb4_unicode_ci;
/*!40101 SET character_set_client = @saved_cs_client */;

--
-- Dumping data for table `PROTOCOL_MAPPER_CONFIG`
--

LOCK TABLES `PROTOCOL_MAPPER_CONFIG` WRITE;
/*!40000 ALTER TABLE `PROTOCOL_MAPPER_CONFIG` DISABLE KEYS */;
INSERT INTO `PROTOCOL_MAPPER_CONFIG` (`PROTOCOL_MAPPER_ID`, `VALUE`, `NAME`) VALUES ('019facd8-aad6-4a11-af50-f7b2648467ef','true','access.token.claim');
INSERT INTO `PROTOCOL_MAPPER_CONFIG` (`PROTOCOL_MAPPER_ID`, `VALUE`, `NAME`) VALUES ('019facd8-aad6-4a11-af50-f7b2648467ef','nickname','claim.name');
INSERT INTO `PROTOCOL_MAPPER_CONFIG` (`PROTOCOL_MAPPER_ID`, `VALUE`, `NAME`) VALUES ('019facd8-aad6-4a11-af50-f7b2648467ef','true','id.token.claim');
INSERT INTO `PROTOCOL_MAPPER_CONFIG` (`PROTOCOL_MAPPER_ID`, `VALUE`, `NAME`) VALUES ('019facd8-aad6-4a11-af50-f7b2648467ef','String','jsonType.label');
INSERT INTO `PROTOCOL_MAPPER_CONFIG` (`PROTOCOL_MAPPER_ID`, `VALUE`, `NAME`) VALUES ('019facd8-aad6-4a11-af50-f7b2648467ef','nickname','user.attribute');
INSERT INTO `PROTOCOL_MAPPER_CONFIG` (`PROTOCOL_MAPPER_ID`, `VALUE`, `NAME`) VALUES ('019facd8-aad6-4a11-af50-f7b2648467ef','true','userinfo.token.claim');
INSERT INTO `PROTOCOL_MAPPER_CONFIG` (`PROTOCOL_MAPPER_ID`, `VALUE`, `NAME`) VALUES ('0670dbef-a9e4-4ddc-a93e-f8fc5fd99c3d','true','access.token.claim');
INSERT INTO `PROTOCOL_MAPPER_CONFIG` (`PROTOCOL_MAPPER_ID`, `VALUE`, `NAME`) VALUES ('0670dbef-a9e4-4ddc-a93e-f8fc5fd99c3d','middle_name','claim.name');
INSERT INTO `PROTOCOL_MAPPER_CONFIG` (`PROTOCOL_MAPPER_ID`, `VALUE`, `NAME`) VALUES ('0670dbef-a9e4-4ddc-a93e-f8fc5fd99c3d','true','id.token.claim');
INSERT INTO `PROTOCOL_MAPPER_CONFIG` (`PROTOCOL_MAPPER_ID`, `VALUE`, `NAME`) VALUES ('0670dbef-a9e4-4ddc-a93e-f8fc5fd99c3d','String','jsonType.label');
INSERT INTO `PROTOCOL_MAPPER_CONFIG` (`PROTOCOL_MAPPER_ID`, `VALUE`, `NAME`) VALUES ('0670dbef-a9e4-4ddc-a93e-f8fc5fd99c3d','middleName','user.attribute');
INSERT INTO `PROTOCOL_MAPPER_CONFIG` (`PROTOCOL_MAPPER_ID`, `VALUE`, `NAME`) VALUES ('0670dbef-a9e4-4ddc-a93e-f8fc5fd99c3d','true','userinfo.token.claim');
INSERT INTO `PROTOCOL_MAPPER_CONFIG` (`PROTOCOL_MAPPER_ID`, `VALUE`, `NAME`) VALUES ('0ca5d14c-b4a4-45ef-9520-fda6d47c9d51','true','access.token.claim');
INSERT INTO `PROTOCOL_MAPPER_CONFIG` (`PROTOCOL_MAPPER_ID`, `VALUE`, `NAME`) VALUES ('0ca5d14c-b4a4-45ef-9520-fda6d47c9d51','email','claim.name');
INSERT INTO `PROTOCOL_MAPPER_CONFIG` (`PROTOCOL_MAPPER_ID`, `VALUE`, `NAME`) VALUES ('0ca5d14c-b4a4-45ef-9520-fda6d47c9d51','true','id.token.claim');
INSERT INTO `PROTOCOL_MAPPER_CONFIG` (`PROTOCOL_MAPPER_ID`, `VALUE`, `NAME`) VALUES ('0ca5d14c-b4a4-45ef-9520-fda6d47c9d51','String','jsonType.label');
INSERT INTO `PROTOCOL_MAPPER_CONFIG` (`PROTOCOL_MAPPER_ID`, `VALUE`, `NAME`) VALUES ('0ca5d14c-b4a4-45ef-9520-fda6d47c9d51','email','user.attribute');
INSERT INTO `PROTOCOL_MAPPER_CONFIG` (`PROTOCOL_MAPPER_ID`, `VALUE`, `NAME`) VALUES ('0ca5d14c-b4a4-45ef-9520-fda6d47c9d51','true','userinfo.token.claim');
INSERT INTO `PROTOCOL_MAPPER_CONFIG` (`PROTOCOL_MAPPER_ID`, `VALUE`, `NAME`) VALUES ('0f757db3-9c65-4a80-95d6-93652c58b6b0','true','access.token.claim');
INSERT INTO `PROTOCOL_MAPPER_CONFIG` (`PROTOCOL_MAPPER_ID`, `VALUE`, `NAME`) VALUES ('0f757db3-9c65-4a80-95d6-93652c58b6b0','picture','claim.name');
INSERT INTO `PROTOCOL_MAPPER_CONFIG` (`PROTOCOL_MAPPER_ID`, `VALUE`, `NAME`) VALUES ('0f757db3-9c65-4a80-95d6-93652c58b6b0','true','id.token.claim');
INSERT INTO `PROTOCOL_MAPPER_CONFIG` (`PROTOCOL_MAPPER_ID`, `VALUE`, `NAME`) VALUES ('0f757db3-9c65-4a80-95d6-93652c58b6b0','String','jsonType.label');
INSERT INTO `PROTOCOL_MAPPER_CONFIG` (`PROTOCOL_MAPPER_ID`, `VALUE`, `NAME`) VALUES ('0f757db3-9c65-4a80-95d6-93652c58b6b0','picture','user.attribute');
INSERT INTO `PROTOCOL_MAPPER_CONFIG` (`PROTOCOL_MAPPER_ID`, `VALUE`, `NAME`) VALUES ('0f757db3-9c65-4a80-95d6-93652c58b6b0','true','userinfo.token.claim');
INSERT INTO `PROTOCOL_MAPPER_CONFIG` (`PROTOCOL_MAPPER_ID`, `VALUE`, `NAME`) VALUES ('183fbc63-13e4-45ba-a18d-328aafe142ae','true','access.token.claim');
INSERT INTO `PROTOCOL_MAPPER_CONFIG` (`PROTOCOL_MAPPER_ID`, `VALUE`, `NAME`) VALUES ('183fbc63-13e4-45ba-a18d-328aafe142ae','locale','claim.name');
INSERT INTO `PROTOCOL_MAPPER_CONFIG` (`PROTOCOL_MAPPER_ID`, `VALUE`, `NAME`) VALUES ('183fbc63-13e4-45ba-a18d-328aafe142ae','true','id.token.claim');
INSERT INTO `PROTOCOL_MAPPER_CONFIG` (`PROTOCOL_MAPPER_ID`, `VALUE`, `NAME`) VALUES ('183fbc63-13e4-45ba-a18d-328aafe142ae','String','jsonType.label');
INSERT INTO `PROTOCOL_MAPPER_CONFIG` (`PROTOCOL_MAPPER_ID`, `VALUE`, `NAME`) VALUES ('183fbc63-13e4-45ba-a18d-328aafe142ae','locale','user.attribute');
INSERT INTO `PROTOCOL_MAPPER_CONFIG` (`PROTOCOL_MAPPER_ID`, `VALUE`, `NAME`) VALUES ('183fbc63-13e4-45ba-a18d-328aafe142ae','true','userinfo.token.claim');
INSERT INTO `PROTOCOL_MAPPER_CONFIG` (`PROTOCOL_MAPPER_ID`, `VALUE`, `NAME`) VALUES ('1a123e07-f29f-457a-95c4-fcb4c3b94a8b','true','access.token.claim');
INSERT INTO `PROTOCOL_MAPPER_CONFIG` (`PROTOCOL_MAPPER_ID`, `VALUE`, `NAME`) VALUES ('1a123e07-f29f-457a-95c4-fcb4c3b94a8b','profile','claim.name');
INSERT INTO `PROTOCOL_MAPPER_CONFIG` (`PROTOCOL_MAPPER_ID`, `VALUE`, `NAME`) VALUES ('1a123e07-f29f-457a-95c4-fcb4c3b94a8b','true','id.token.claim');
INSERT INTO `PROTOCOL_MAPPER_CONFIG` (`PROTOCOL_MAPPER_ID`, `VALUE`, `NAME`) VALUES ('1a123e07-f29f-457a-95c4-fcb4c3b94a8b','String','jsonType.label');
INSERT INTO `PROTOCOL_MAPPER_CONFIG` (`PROTOCOL_MAPPER_ID`, `VALUE`, `NAME`) VALUES ('1a123e07-f29f-457a-95c4-fcb4c3b94a8b','profile','user.attribute');
INSERT INTO `PROTOCOL_MAPPER_CONFIG` (`PROTOCOL_MAPPER_ID`, `VALUE`, `NAME`) VALUES ('1a123e07-f29f-457a-95c4-fcb4c3b94a8b','true','userinfo.token.claim');
INSERT INTO `PROTOCOL_MAPPER_CONFIG` (`PROTOCOL_MAPPER_ID`, `VALUE`, `NAME`) VALUES ('1ef501fd-ab89-48ef-bbb6-d61ed343d1fa','true','access.token.claim');
INSERT INTO `PROTOCOL_MAPPER_CONFIG` (`PROTOCOL_MAPPER_ID`, `VALUE`, `NAME`) VALUES ('1ef501fd-ab89-48ef-bbb6-d61ed343d1fa','locale','claim.name');
INSERT INTO `PROTOCOL_MAPPER_CONFIG` (`PROTOCOL_MAPPER_ID`, `VALUE`, `NAME`) VALUES ('1ef501fd-ab89-48ef-bbb6-d61ed343d1fa','true','id.token.claim');
INSERT INTO `PROTOCOL_MAPPER_CONFIG` (`PROTOCOL_MAPPER_ID`, `VALUE`, `NAME`) VALUES ('1ef501fd-ab89-48ef-bbb6-d61ed343d1fa','String','jsonType.label');
INSERT INTO `PROTOCOL_MAPPER_CONFIG` (`PROTOCOL_MAPPER_ID`, `VALUE`, `NAME`) VALUES ('1ef501fd-ab89-48ef-bbb6-d61ed343d1fa','locale','user.attribute');
INSERT INTO `PROTOCOL_MAPPER_CONFIG` (`PROTOCOL_MAPPER_ID`, `VALUE`, `NAME`) VALUES ('1ef501fd-ab89-48ef-bbb6-d61ed343d1fa','true','userinfo.token.claim');
INSERT INTO `PROTOCOL_MAPPER_CONFIG` (`PROTOCOL_MAPPER_ID`, `VALUE`, `NAME`) VALUES ('30792057-4fdf-43cb-955a-583a52cecc11','true','access.token.claim');
INSERT INTO `PROTOCOL_MAPPER_CONFIG` (`PROTOCOL_MAPPER_ID`, `VALUE`, `NAME`) VALUES ('30792057-4fdf-43cb-955a-583a52cecc11','website','claim.name');
INSERT INTO `PROTOCOL_MAPPER_CONFIG` (`PROTOCOL_MAPPER_ID`, `VALUE`, `NAME`) VALUES ('30792057-4fdf-43cb-955a-583a52cecc11','true','id.token.claim');
INSERT INTO `PROTOCOL_MAPPER_CONFIG` (`PROTOCOL_MAPPER_ID`, `VALUE`, `NAME`) VALUES ('30792057-4fdf-43cb-955a-583a52cecc11','String','jsonType.label');
INSERT INTO `PROTOCOL_MAPPER_CONFIG` (`PROTOCOL_MAPPER_ID`, `VALUE`, `NAME`) VALUES ('30792057-4fdf-43cb-955a-583a52cecc11','website','user.attribute');
INSERT INTO `PROTOCOL_MAPPER_CONFIG` (`PROTOCOL_MAPPER_ID`, `VALUE`, `NAME`) VALUES ('30792057-4fdf-43cb-955a-583a52cecc11','true','userinfo.token.claim');
INSERT INTO `PROTOCOL_MAPPER_CONFIG` (`PROTOCOL_MAPPER_ID`, `VALUE`, `NAME`) VALUES ('33356c29-7727-4348-8c73-19fa6114318c','true','access.token.claim');
INSERT INTO `PROTOCOL_MAPPER_CONFIG` (`PROTOCOL_MAPPER_ID`, `VALUE`, `NAME`) VALUES ('33356c29-7727-4348-8c73-19fa6114318c','birthdate','claim.name');
INSERT INTO `PROTOCOL_MAPPER_CONFIG` (`PROTOCOL_MAPPER_ID`, `VALUE`, `NAME`) VALUES ('33356c29-7727-4348-8c73-19fa6114318c','true','id.token.claim');
INSERT INTO `PROTOCOL_MAPPER_CONFIG` (`PROTOCOL_MAPPER_ID`, `VALUE`, `NAME`) VALUES ('33356c29-7727-4348-8c73-19fa6114318c','String','jsonType.label');
INSERT INTO `PROTOCOL_MAPPER_CONFIG` (`PROTOCOL_MAPPER_ID`, `VALUE`, `NAME`) VALUES ('33356c29-7727-4348-8c73-19fa6114318c','birthdate','user.attribute');
INSERT INTO `PROTOCOL_MAPPER_CONFIG` (`PROTOCOL_MAPPER_ID`, `VALUE`, `NAME`) VALUES ('33356c29-7727-4348-8c73-19fa6114318c','true','userinfo.token.claim');
INSERT INTO `PROTOCOL_MAPPER_CONFIG` (`PROTOCOL_MAPPER_ID`, `VALUE`, `NAME`) VALUES ('37ef3c6d-e7a2-4b59-b413-3af87db2479a','true','access.token.claim');
INSERT INTO `PROTOCOL_MAPPER_CONFIG` (`PROTOCOL_MAPPER_ID`, `VALUE`, `NAME`) VALUES ('37ef3c6d-e7a2-4b59-b413-3af87db2479a','email_verified','claim.name');
INSERT INTO `PROTOCOL_MAPPER_CONFIG` (`PROTOCOL_MAPPER_ID`, `VALUE`, `NAME`) VALUES ('37ef3c6d-e7a2-4b59-b413-3af87db2479a','true','id.token.claim');
INSERT INTO `PROTOCOL_MAPPER_CONFIG` (`PROTOCOL_MAPPER_ID`, `VALUE`, `NAME`) VALUES ('37ef3c6d-e7a2-4b59-b413-3af87db2479a','boolean','jsonType.label');
INSERT INTO `PROTOCOL_MAPPER_CONFIG` (`PROTOCOL_MAPPER_ID`, `VALUE`, `NAME`) VALUES ('37ef3c6d-e7a2-4b59-b413-3af87db2479a','emailVerified','user.attribute');
INSERT INTO `PROTOCOL_MAPPER_CONFIG` (`PROTOCOL_MAPPER_ID`, `VALUE`, `NAME`) VALUES ('37ef3c6d-e7a2-4b59-b413-3af87db2479a','true','userinfo.token.claim');
INSERT INTO `PROTOCOL_MAPPER_CONFIG` (`PROTOCOL_MAPPER_ID`, `VALUE`, `NAME`) VALUES ('4cb3c69f-37fd-4f47-8772-442872a8c9f9','true','access.token.claim');
INSERT INTO `PROTOCOL_MAPPER_CONFIG` (`PROTOCOL_MAPPER_ID`, `VALUE`, `NAME`) VALUES ('4cb3c69f-37fd-4f47-8772-442872a8c9f9','upn','claim.name');
INSERT INTO `PROTOCOL_MAPPER_CONFIG` (`PROTOCOL_MAPPER_ID`, `VALUE`, `NAME`) VALUES ('4cb3c69f-37fd-4f47-8772-442872a8c9f9','true','id.token.claim');
INSERT INTO `PROTOCOL_MAPPER_CONFIG` (`PROTOCOL_MAPPER_ID`, `VALUE`, `NAME`) VALUES ('4cb3c69f-37fd-4f47-8772-442872a8c9f9','String','jsonType.label');
INSERT INTO `PROTOCOL_MAPPER_CONFIG` (`PROTOCOL_MAPPER_ID`, `VALUE`, `NAME`) VALUES ('4cb3c69f-37fd-4f47-8772-442872a8c9f9','username','user.attribute');
INSERT INTO `PROTOCOL_MAPPER_CONFIG` (`PROTOCOL_MAPPER_ID`, `VALUE`, `NAME`) VALUES ('4cb3c69f-37fd-4f47-8772-442872a8c9f9','true','userinfo.token.claim');
INSERT INTO `PROTOCOL_MAPPER_CONFIG` (`PROTOCOL_MAPPER_ID`, `VALUE`, `NAME`) VALUES ('4cec2a0f-9ce3-4b1d-b71a-49148759c49a','true','access.token.claim');
INSERT INTO `PROTOCOL_MAPPER_CONFIG` (`PROTOCOL_MAPPER_ID`, `VALUE`, `NAME`) VALUES ('4cec2a0f-9ce3-4b1d-b71a-49148759c49a','groups','claim.name');
INSERT INTO `PROTOCOL_MAPPER_CONFIG` (`PROTOCOL_MAPPER_ID`, `VALUE`, `NAME`) VALUES ('4cec2a0f-9ce3-4b1d-b71a-49148759c49a','true','id.token.claim');
INSERT INTO `PROTOCOL_MAPPER_CONFIG` (`PROTOCOL_MAPPER_ID`, `VALUE`, `NAME`) VALUES ('4cec2a0f-9ce3-4b1d-b71a-49148759c49a','String','jsonType.label');
INSERT INTO `PROTOCOL_MAPPER_CONFIG` (`PROTOCOL_MAPPER_ID`, `VALUE`, `NAME`) VALUES ('4cec2a0f-9ce3-4b1d-b71a-49148759c49a','true','multivalued');
INSERT INTO `PROTOCOL_MAPPER_CONFIG` (`PROTOCOL_MAPPER_ID`, `VALUE`, `NAME`) VALUES ('4cec2a0f-9ce3-4b1d-b71a-49148759c49a','foo','user.attribute');
INSERT INTO `PROTOCOL_MAPPER_CONFIG` (`PROTOCOL_MAPPER_ID`, `VALUE`, `NAME`) VALUES ('4e1a26b6-5ce5-4d8a-a33a-1a05cc421eb1','true','access.token.claim');
INSERT INTO `PROTOCOL_MAPPER_CONFIG` (`PROTOCOL_MAPPER_ID`, `VALUE`, `NAME`) VALUES ('4e1a26b6-5ce5-4d8a-a33a-1a05cc421eb1','phone_number_verified','claim.name');
INSERT INTO `PROTOCOL_MAPPER_CONFIG` (`PROTOCOL_MAPPER_ID`, `VALUE`, `NAME`) VALUES ('4e1a26b6-5ce5-4d8a-a33a-1a05cc421eb1','true','id.token.claim');
INSERT INTO `PROTOCOL_MAPPER_CONFIG` (`PROTOCOL_MAPPER_ID`, `VALUE`, `NAME`) VALUES ('4e1a26b6-5ce5-4d8a-a33a-1a05cc421eb1','boolean','jsonType.label');
INSERT INTO `PROTOCOL_MAPPER_CONFIG` (`PROTOCOL_MAPPER_ID`, `VALUE`, `NAME`) VALUES ('4e1a26b6-5ce5-4d8a-a33a-1a05cc421eb1','phoneNumberVerified','user.attribute');
INSERT INTO `PROTOCOL_MAPPER_CONFIG` (`PROTOCOL_MAPPER_ID`, `VALUE`, `NAME`) VALUES ('4e1a26b6-5ce5-4d8a-a33a-1a05cc421eb1','true','userinfo.token.claim');
INSERT INTO `PROTOCOL_MAPPER_CONFIG` (`PROTOCOL_MAPPER_ID`, `VALUE`, `NAME`) VALUES ('4e517225-7bdd-427e-964b-d6282a2ecd8f','true','access.token.claim');
INSERT INTO `PROTOCOL_MAPPER_CONFIG` (`PROTOCOL_MAPPER_ID`, `VALUE`, `NAME`) VALUES ('4e517225-7bdd-427e-964b-d6282a2ecd8f','middle_name','claim.name');
INSERT INTO `PROTOCOL_MAPPER_CONFIG` (`PROTOCOL_MAPPER_ID`, `VALUE`, `NAME`) VALUES ('4e517225-7bdd-427e-964b-d6282a2ecd8f','true','id.token.claim');
INSERT INTO `PROTOCOL_MAPPER_CONFIG` (`PROTOCOL_MAPPER_ID`, `VALUE`, `NAME`) VALUES ('4e517225-7bdd-427e-964b-d6282a2ecd8f','String','jsonType.label');
INSERT INTO `PROTOCOL_MAPPER_CONFIG` (`PROTOCOL_MAPPER_ID`, `VALUE`, `NAME`) VALUES ('4e517225-7bdd-427e-964b-d6282a2ecd8f','middleName','user.attribute');
INSERT INTO `PROTOCOL_MAPPER_CONFIG` (`PROTOCOL_MAPPER_ID`, `VALUE`, `NAME`) VALUES ('4e517225-7bdd-427e-964b-d6282a2ecd8f','true','userinfo.token.claim');
INSERT INTO `PROTOCOL_MAPPER_CONFIG` (`PROTOCOL_MAPPER_ID`, `VALUE`, `NAME`) VALUES ('585ec8e8-47be-453f-b868-23708d9ec35a','true','access.token.claim');
INSERT INTO `PROTOCOL_MAPPER_CONFIG` (`PROTOCOL_MAPPER_ID`, `VALUE`, `NAME`) VALUES ('585ec8e8-47be-453f-b868-23708d9ec35a','family_name','claim.name');
INSERT INTO `PROTOCOL_MAPPER_CONFIG` (`PROTOCOL_MAPPER_ID`, `VALUE`, `NAME`) VALUES ('585ec8e8-47be-453f-b868-23708d9ec35a','true','id.token.claim');
INSERT INTO `PROTOCOL_MAPPER_CONFIG` (`PROTOCOL_MAPPER_ID`, `VALUE`, `NAME`) VALUES ('585ec8e8-47be-453f-b868-23708d9ec35a','String','jsonType.label');
INSERT INTO `PROTOCOL_MAPPER_CONFIG` (`PROTOCOL_MAPPER_ID`, `VALUE`, `NAME`) VALUES ('585ec8e8-47be-453f-b868-23708d9ec35a','lastName','user.attribute');
INSERT INTO `PROTOCOL_MAPPER_CONFIG` (`PROTOCOL_MAPPER_ID`, `VALUE`, `NAME`) VALUES ('585ec8e8-47be-453f-b868-23708d9ec35a','true','userinfo.token.claim');
INSERT INTO `PROTOCOL_MAPPER_CONFIG` (`PROTOCOL_MAPPER_ID`, `VALUE`, `NAME`) VALUES ('59864245-c1c0-41bb-baea-aeceaecfcf21','true','access.token.claim');
INSERT INTO `PROTOCOL_MAPPER_CONFIG` (`PROTOCOL_MAPPER_ID`, `VALUE`, `NAME`) VALUES ('59864245-c1c0-41bb-baea-aeceaecfcf21','preferred_username','claim.name');
INSERT INTO `PROTOCOL_MAPPER_CONFIG` (`PROTOCOL_MAPPER_ID`, `VALUE`, `NAME`) VALUES ('59864245-c1c0-41bb-baea-aeceaecfcf21','true','id.token.claim');
INSERT INTO `PROTOCOL_MAPPER_CONFIG` (`PROTOCOL_MAPPER_ID`, `VALUE`, `NAME`) VALUES ('59864245-c1c0-41bb-baea-aeceaecfcf21','String','jsonType.label');
INSERT INTO `PROTOCOL_MAPPER_CONFIG` (`PROTOCOL_MAPPER_ID`, `VALUE`, `NAME`) VALUES ('59864245-c1c0-41bb-baea-aeceaecfcf21','username','user.attribute');
INSERT INTO `PROTOCOL_MAPPER_CONFIG` (`PROTOCOL_MAPPER_ID`, `VALUE`, `NAME`) VALUES ('59864245-c1c0-41bb-baea-aeceaecfcf21','true','userinfo.token.claim');
INSERT INTO `PROTOCOL_MAPPER_CONFIG` (`PROTOCOL_MAPPER_ID`, `VALUE`, `NAME`) VALUES ('5bf229ff-05e2-42b5-b428-69f188ff862b','true','access.token.claim');
INSERT INTO `PROTOCOL_MAPPER_CONFIG` (`PROTOCOL_MAPPER_ID`, `VALUE`, `NAME`) VALUES ('5bf229ff-05e2-42b5-b428-69f188ff862b','realm_access.roles','claim.name');
INSERT INTO `PROTOCOL_MAPPER_CONFIG` (`PROTOCOL_MAPPER_ID`, `VALUE`, `NAME`) VALUES ('5bf229ff-05e2-42b5-b428-69f188ff862b','String','jsonType.label');
INSERT INTO `PROTOCOL_MAPPER_CONFIG` (`PROTOCOL_MAPPER_ID`, `VALUE`, `NAME`) VALUES ('5bf229ff-05e2-42b5-b428-69f188ff862b','true','multivalued');
INSERT INTO `PROTOCOL_MAPPER_CONFIG` (`PROTOCOL_MAPPER_ID`, `VALUE`, `NAME`) VALUES ('5bf229ff-05e2-42b5-b428-69f188ff862b','foo','user.attribute');
INSERT INTO `PROTOCOL_MAPPER_CONFIG` (`PROTOCOL_MAPPER_ID`, `VALUE`, `NAME`) VALUES ('5e1835d1-8831-4de0-9c2f-e2922f861949','true','access.token.claim');
INSERT INTO `PROTOCOL_MAPPER_CONFIG` (`PROTOCOL_MAPPER_ID`, `VALUE`, `NAME`) VALUES ('5e1835d1-8831-4de0-9c2f-e2922f861949','email','claim.name');
INSERT INTO `PROTOCOL_MAPPER_CONFIG` (`PROTOCOL_MAPPER_ID`, `VALUE`, `NAME`) VALUES ('5e1835d1-8831-4de0-9c2f-e2922f861949','true','id.token.claim');
INSERT INTO `PROTOCOL_MAPPER_CONFIG` (`PROTOCOL_MAPPER_ID`, `VALUE`, `NAME`) VALUES ('5e1835d1-8831-4de0-9c2f-e2922f861949','String','jsonType.label');
INSERT INTO `PROTOCOL_MAPPER_CONFIG` (`PROTOCOL_MAPPER_ID`, `VALUE`, `NAME`) VALUES ('5e1835d1-8831-4de0-9c2f-e2922f861949','email','user.attribute');
INSERT INTO `PROTOCOL_MAPPER_CONFIG` (`PROTOCOL_MAPPER_ID`, `VALUE`, `NAME`) VALUES ('5e1835d1-8831-4de0-9c2f-e2922f861949','true','userinfo.token.claim');
INSERT INTO `PROTOCOL_MAPPER_CONFIG` (`PROTOCOL_MAPPER_ID`, `VALUE`, `NAME`) VALUES ('5e63b1ac-2f85-45e3-acbc-dd633d9d1f86','true','access.token.claim');
INSERT INTO `PROTOCOL_MAPPER_CONFIG` (`PROTOCOL_MAPPER_ID`, `VALUE`, `NAME`) VALUES ('5e63b1ac-2f85-45e3-acbc-dd633d9d1f86','nickname','claim.name');
INSERT INTO `PROTOCOL_MAPPER_CONFIG` (`PROTOCOL_MAPPER_ID`, `VALUE`, `NAME`) VALUES ('5e63b1ac-2f85-45e3-acbc-dd633d9d1f86','true','id.token.claim');
INSERT INTO `PROTOCOL_MAPPER_CONFIG` (`PROTOCOL_MAPPER_ID`, `VALUE`, `NAME`) VALUES ('5e63b1ac-2f85-45e3-acbc-dd633d9d1f86','String','jsonType.label');
INSERT INTO `PROTOCOL_MAPPER_CONFIG` (`PROTOCOL_MAPPER_ID`, `VALUE`, `NAME`) VALUES ('5e63b1ac-2f85-45e3-acbc-dd633d9d1f86','nickname','user.attribute');
INSERT INTO `PROTOCOL_MAPPER_CONFIG` (`PROTOCOL_MAPPER_ID`, `VALUE`, `NAME`) VALUES ('5e63b1ac-2f85-45e3-acbc-dd633d9d1f86','true','userinfo.token.claim');
INSERT INTO `PROTOCOL_MAPPER_CONFIG` (`PROTOCOL_MAPPER_ID`, `VALUE`, `NAME`) VALUES ('682eced5-e014-43e3-b582-259ed8a73f72','true','access.token.claim');
INSERT INTO `PROTOCOL_MAPPER_CONFIG` (`PROTOCOL_MAPPER_ID`, `VALUE`, `NAME`) VALUES ('682eced5-e014-43e3-b582-259ed8a73f72','profile','claim.name');
INSERT INTO `PROTOCOL_MAPPER_CONFIG` (`PROTOCOL_MAPPER_ID`, `VALUE`, `NAME`) VALUES ('682eced5-e014-43e3-b582-259ed8a73f72','true','id.token.claim');
INSERT INTO `PROTOCOL_MAPPER_CONFIG` (`PROTOCOL_MAPPER_ID`, `VALUE`, `NAME`) VALUES ('682eced5-e014-43e3-b582-259ed8a73f72','String','jsonType.label');
INSERT INTO `PROTOCOL_MAPPER_CONFIG` (`PROTOCOL_MAPPER_ID`, `VALUE`, `NAME`) VALUES ('682eced5-e014-43e3-b582-259ed8a73f72','profile','user.attribute');
INSERT INTO `PROTOCOL_MAPPER_CONFIG` (`PROTOCOL_MAPPER_ID`, `VALUE`, `NAME`) VALUES ('682eced5-e014-43e3-b582-259ed8a73f72','true','userinfo.token.claim');
INSERT INTO `PROTOCOL_MAPPER_CONFIG` (`PROTOCOL_MAPPER_ID`, `VALUE`, `NAME`) VALUES ('70522330-45c2-412b-9954-2ee7307d660b','true','access.token.claim');
INSERT INTO `PROTOCOL_MAPPER_CONFIG` (`PROTOCOL_MAPPER_ID`, `VALUE`, `NAME`) VALUES ('70522330-45c2-412b-9954-2ee7307d660b','given_name','claim.name');
INSERT INTO `PROTOCOL_MAPPER_CONFIG` (`PROTOCOL_MAPPER_ID`, `VALUE`, `NAME`) VALUES ('70522330-45c2-412b-9954-2ee7307d660b','true','id.token.claim');
INSERT INTO `PROTOCOL_MAPPER_CONFIG` (`PROTOCOL_MAPPER_ID`, `VALUE`, `NAME`) VALUES ('70522330-45c2-412b-9954-2ee7307d660b','String','jsonType.label');
INSERT INTO `PROTOCOL_MAPPER_CONFIG` (`PROTOCOL_MAPPER_ID`, `VALUE`, `NAME`) VALUES ('70522330-45c2-412b-9954-2ee7307d660b','firstName','user.attribute');
INSERT INTO `PROTOCOL_MAPPER_CONFIG` (`PROTOCOL_MAPPER_ID`, `VALUE`, `NAME`) VALUES ('70522330-45c2-412b-9954-2ee7307d660b','true','userinfo.token.claim');
INSERT INTO `PROTOCOL_MAPPER_CONFIG` (`PROTOCOL_MAPPER_ID`, `VALUE`, `NAME`) VALUES ('71de78b7-3c70-49bd-a5e9-46fb11523024','true','access.token.claim');
INSERT INTO `PROTOCOL_MAPPER_CONFIG` (`PROTOCOL_MAPPER_ID`, `VALUE`, `NAME`) VALUES ('71de78b7-3c70-49bd-a5e9-46fb11523024','picture','claim.name');
INSERT INTO `PROTOCOL_MAPPER_CONFIG` (`PROTOCOL_MAPPER_ID`, `VALUE`, `NAME`) VALUES ('71de78b7-3c70-49bd-a5e9-46fb11523024','true','id.token.claim');
INSERT INTO `PROTOCOL_MAPPER_CONFIG` (`PROTOCOL_MAPPER_ID`, `VALUE`, `NAME`) VALUES ('71de78b7-3c70-49bd-a5e9-46fb11523024','String','jsonType.label');
INSERT INTO `PROTOCOL_MAPPER_CONFIG` (`PROTOCOL_MAPPER_ID`, `VALUE`, `NAME`) VALUES ('71de78b7-3c70-49bd-a5e9-46fb11523024','picture','user.attribute');
INSERT INTO `PROTOCOL_MAPPER_CONFIG` (`PROTOCOL_MAPPER_ID`, `VALUE`, `NAME`) VALUES ('71de78b7-3c70-49bd-a5e9-46fb11523024','true','userinfo.token.claim');
INSERT INTO `PROTOCOL_MAPPER_CONFIG` (`PROTOCOL_MAPPER_ID`, `VALUE`, `NAME`) VALUES ('7263d249-b9ce-4c63-884f-ecf7b790028a','true','access.token.claim');
INSERT INTO `PROTOCOL_MAPPER_CONFIG` (`PROTOCOL_MAPPER_ID`, `VALUE`, `NAME`) VALUES ('7263d249-b9ce-4c63-884f-ecf7b790028a','true','id.token.claim');
INSERT INTO `PROTOCOL_MAPPER_CONFIG` (`PROTOCOL_MAPPER_ID`, `VALUE`, `NAME`) VALUES ('7728b27a-8785-4653-ba61-60fc432590bf','true','access.token.claim');
INSERT INTO `PROTOCOL_MAPPER_CONFIG` (`PROTOCOL_MAPPER_ID`, `VALUE`, `NAME`) VALUES ('7728b27a-8785-4653-ba61-60fc432590bf','true','id.token.claim');
INSERT INTO `PROTOCOL_MAPPER_CONFIG` (`PROTOCOL_MAPPER_ID`, `VALUE`, `NAME`) VALUES ('7728b27a-8785-4653-ba61-60fc432590bf','true','userinfo.token.claim');
INSERT INTO `PROTOCOL_MAPPER_CONFIG` (`PROTOCOL_MAPPER_ID`, `VALUE`, `NAME`) VALUES ('7d101792-a2fb-4163-a521-8e064d370ef9','true','access.token.claim');
INSERT INTO `PROTOCOL_MAPPER_CONFIG` (`PROTOCOL_MAPPER_ID`, `VALUE`, `NAME`) VALUES ('7d101792-a2fb-4163-a521-8e064d370ef9','phone_number','claim.name');
INSERT INTO `PROTOCOL_MAPPER_CONFIG` (`PROTOCOL_MAPPER_ID`, `VALUE`, `NAME`) VALUES ('7d101792-a2fb-4163-a521-8e064d370ef9','true','id.token.claim');
INSERT INTO `PROTOCOL_MAPPER_CONFIG` (`PROTOCOL_MAPPER_ID`, `VALUE`, `NAME`) VALUES ('7d101792-a2fb-4163-a521-8e064d370ef9','String','jsonType.label');
INSERT INTO `PROTOCOL_MAPPER_CONFIG` (`PROTOCOL_MAPPER_ID`, `VALUE`, `NAME`) VALUES ('7d101792-a2fb-4163-a521-8e064d370ef9','phoneNumber','user.attribute');
INSERT INTO `PROTOCOL_MAPPER_CONFIG` (`PROTOCOL_MAPPER_ID`, `VALUE`, `NAME`) VALUES ('7d101792-a2fb-4163-a521-8e064d370ef9','true','userinfo.token.claim');
INSERT INTO `PROTOCOL_MAPPER_CONFIG` (`PROTOCOL_MAPPER_ID`, `VALUE`, `NAME`) VALUES ('82f77b5b-8c45-45e7-9efd-228b5f7b0e01','true','access.token.claim');
INSERT INTO `PROTOCOL_MAPPER_CONFIG` (`PROTOCOL_MAPPER_ID`, `VALUE`, `NAME`) VALUES ('82f77b5b-8c45-45e7-9efd-228b5f7b0e01','website','claim.name');
INSERT INTO `PROTOCOL_MAPPER_CONFIG` (`PROTOCOL_MAPPER_ID`, `VALUE`, `NAME`) VALUES ('82f77b5b-8c45-45e7-9efd-228b5f7b0e01','true','id.token.claim');
INSERT INTO `PROTOCOL_MAPPER_CONFIG` (`PROTOCOL_MAPPER_ID`, `VALUE`, `NAME`) VALUES ('82f77b5b-8c45-45e7-9efd-228b5f7b0e01','String','jsonType.label');
INSERT INTO `PROTOCOL_MAPPER_CONFIG` (`PROTOCOL_MAPPER_ID`, `VALUE`, `NAME`) VALUES ('82f77b5b-8c45-45e7-9efd-228b5f7b0e01','website','user.attribute');
INSERT INTO `PROTOCOL_MAPPER_CONFIG` (`PROTOCOL_MAPPER_ID`, `VALUE`, `NAME`) VALUES ('82f77b5b-8c45-45e7-9efd-228b5f7b0e01','true','userinfo.token.claim');
INSERT INTO `PROTOCOL_MAPPER_CONFIG` (`PROTOCOL_MAPPER_ID`, `VALUE`, `NAME`) VALUES ('83ecaec9-2f8a-478b-b099-8f1945f47428','true','access.token.claim');
INSERT INTO `PROTOCOL_MAPPER_CONFIG` (`PROTOCOL_MAPPER_ID`, `VALUE`, `NAME`) VALUES ('83ecaec9-2f8a-478b-b099-8f1945f47428','zoneinfo','claim.name');
INSERT INTO `PROTOCOL_MAPPER_CONFIG` (`PROTOCOL_MAPPER_ID`, `VALUE`, `NAME`) VALUES ('83ecaec9-2f8a-478b-b099-8f1945f47428','true','id.token.claim');
INSERT INTO `PROTOCOL_MAPPER_CONFIG` (`PROTOCOL_MAPPER_ID`, `VALUE`, `NAME`) VALUES ('83ecaec9-2f8a-478b-b099-8f1945f47428','String','jsonType.label');
INSERT INTO `PROTOCOL_MAPPER_CONFIG` (`PROTOCOL_MAPPER_ID`, `VALUE`, `NAME`) VALUES ('83ecaec9-2f8a-478b-b099-8f1945f47428','zoneinfo','user.attribute');
INSERT INTO `PROTOCOL_MAPPER_CONFIG` (`PROTOCOL_MAPPER_ID`, `VALUE`, `NAME`) VALUES ('83ecaec9-2f8a-478b-b099-8f1945f47428','true','userinfo.token.claim');
INSERT INTO `PROTOCOL_MAPPER_CONFIG` (`PROTOCOL_MAPPER_ID`, `VALUE`, `NAME`) VALUES ('88b38834-289c-4fa7-a322-7503f9b146a7','true','access.token.claim');
INSERT INTO `PROTOCOL_MAPPER_CONFIG` (`PROTOCOL_MAPPER_ID`, `VALUE`, `NAME`) VALUES ('88b38834-289c-4fa7-a322-7503f9b146a7','true','id.token.claim');
INSERT INTO `PROTOCOL_MAPPER_CONFIG` (`PROTOCOL_MAPPER_ID`, `VALUE`, `NAME`) VALUES ('8dbdd661-b7c5-4a16-ab3b-d3f6d8e42aeb','true','access.token.claim');
INSERT INTO `PROTOCOL_MAPPER_CONFIG` (`PROTOCOL_MAPPER_ID`, `VALUE`, `NAME`) VALUES ('8dbdd661-b7c5-4a16-ab3b-d3f6d8e42aeb','clientAddress','claim.name');
INSERT INTO `PROTOCOL_MAPPER_CONFIG` (`PROTOCOL_MAPPER_ID`, `VALUE`, `NAME`) VALUES ('8dbdd661-b7c5-4a16-ab3b-d3f6d8e42aeb','true','id.token.claim');
INSERT INTO `PROTOCOL_MAPPER_CONFIG` (`PROTOCOL_MAPPER_ID`, `VALUE`, `NAME`) VALUES ('8dbdd661-b7c5-4a16-ab3b-d3f6d8e42aeb','String','jsonType.label');
INSERT INTO `PROTOCOL_MAPPER_CONFIG` (`PROTOCOL_MAPPER_ID`, `VALUE`, `NAME`) VALUES ('8dbdd661-b7c5-4a16-ab3b-d3f6d8e42aeb','clientAddress','user.session.note');
INSERT INTO `PROTOCOL_MAPPER_CONFIG` (`PROTOCOL_MAPPER_ID`, `VALUE`, `NAME`) VALUES ('8e1c467c-271a-493b-a64b-2f53a0e75b30','true','access.token.claim');
INSERT INTO `PROTOCOL_MAPPER_CONFIG` (`PROTOCOL_MAPPER_ID`, `VALUE`, `NAME`) VALUES ('8e1c467c-271a-493b-a64b-2f53a0e75b30','gender','claim.name');
INSERT INTO `PROTOCOL_MAPPER_CONFIG` (`PROTOCOL_MAPPER_ID`, `VALUE`, `NAME`) VALUES ('8e1c467c-271a-493b-a64b-2f53a0e75b30','true','id.token.claim');
INSERT INTO `PROTOCOL_MAPPER_CONFIG` (`PROTOCOL_MAPPER_ID`, `VALUE`, `NAME`) VALUES ('8e1c467c-271a-493b-a64b-2f53a0e75b30','String','jsonType.label');
INSERT INTO `PROTOCOL_MAPPER_CONFIG` (`PROTOCOL_MAPPER_ID`, `VALUE`, `NAME`) VALUES ('8e1c467c-271a-493b-a64b-2f53a0e75b30','gender','user.attribute');
INSERT INTO `PROTOCOL_MAPPER_CONFIG` (`PROTOCOL_MAPPER_ID`, `VALUE`, `NAME`) VALUES ('8e1c467c-271a-493b-a64b-2f53a0e75b30','true','userinfo.token.claim');
INSERT INTO `PROTOCOL_MAPPER_CONFIG` (`PROTOCOL_MAPPER_ID`, `VALUE`, `NAME`) VALUES ('9a21f400-e6d2-41e5-b640-933c8dd85968','true','access.token.claim');
INSERT INTO `PROTOCOL_MAPPER_CONFIG` (`PROTOCOL_MAPPER_ID`, `VALUE`, `NAME`) VALUES ('9a21f400-e6d2-41e5-b640-933c8dd85968','updated_at','claim.name');
INSERT INTO `PROTOCOL_MAPPER_CONFIG` (`PROTOCOL_MAPPER_ID`, `VALUE`, `NAME`) VALUES ('9a21f400-e6d2-41e5-b640-933c8dd85968','true','id.token.claim');
INSERT INTO `PROTOCOL_MAPPER_CONFIG` (`PROTOCOL_MAPPER_ID`, `VALUE`, `NAME`) VALUES ('9a21f400-e6d2-41e5-b640-933c8dd85968','long','jsonType.label');
INSERT INTO `PROTOCOL_MAPPER_CONFIG` (`PROTOCOL_MAPPER_ID`, `VALUE`, `NAME`) VALUES ('9a21f400-e6d2-41e5-b640-933c8dd85968','updatedAt','user.attribute');
INSERT INTO `PROTOCOL_MAPPER_CONFIG` (`PROTOCOL_MAPPER_ID`, `VALUE`, `NAME`) VALUES ('9a21f400-e6d2-41e5-b640-933c8dd85968','true','userinfo.token.claim');
INSERT INTO `PROTOCOL_MAPPER_CONFIG` (`PROTOCOL_MAPPER_ID`, `VALUE`, `NAME`) VALUES ('9a77decf-5bc6-4293-a75c-54077437792d','true','access.token.claim');
INSERT INTO `PROTOCOL_MAPPER_CONFIG` (`PROTOCOL_MAPPER_ID`, `VALUE`, `NAME`) VALUES ('9a77decf-5bc6-4293-a75c-54077437792d','family_name','claim.name');
INSERT INTO `PROTOCOL_MAPPER_CONFIG` (`PROTOCOL_MAPPER_ID`, `VALUE`, `NAME`) VALUES ('9a77decf-5bc6-4293-a75c-54077437792d','true','id.token.claim');
INSERT INTO `PROTOCOL_MAPPER_CONFIG` (`PROTOCOL_MAPPER_ID`, `VALUE`, `NAME`) VALUES ('9a77decf-5bc6-4293-a75c-54077437792d','String','jsonType.label');
INSERT INTO `PROTOCOL_MAPPER_CONFIG` (`PROTOCOL_MAPPER_ID`, `VALUE`, `NAME`) VALUES ('9a77decf-5bc6-4293-a75c-54077437792d','lastName','user.attribute');
INSERT INTO `PROTOCOL_MAPPER_CONFIG` (`PROTOCOL_MAPPER_ID`, `VALUE`, `NAME`) VALUES ('9a77decf-5bc6-4293-a75c-54077437792d','true','userinfo.token.claim');
INSERT INTO `PROTOCOL_MAPPER_CONFIG` (`PROTOCOL_MAPPER_ID`, `VALUE`, `NAME`) VALUES ('a03e02f9-3157-4d1e-aae1-b3bfbc37dd57','true','access.token.claim');
INSERT INTO `PROTOCOL_MAPPER_CONFIG` (`PROTOCOL_MAPPER_ID`, `VALUE`, `NAME`) VALUES ('a03e02f9-3157-4d1e-aae1-b3bfbc37dd57','realm_access.roles','claim.name');
INSERT INTO `PROTOCOL_MAPPER_CONFIG` (`PROTOCOL_MAPPER_ID`, `VALUE`, `NAME`) VALUES ('a03e02f9-3157-4d1e-aae1-b3bfbc37dd57','String','jsonType.label');
INSERT INTO `PROTOCOL_MAPPER_CONFIG` (`PROTOCOL_MAPPER_ID`, `VALUE`, `NAME`) VALUES ('a03e02f9-3157-4d1e-aae1-b3bfbc37dd57','true','multivalued');
INSERT INTO `PROTOCOL_MAPPER_CONFIG` (`PROTOCOL_MAPPER_ID`, `VALUE`, `NAME`) VALUES ('a03e02f9-3157-4d1e-aae1-b3bfbc37dd57','foo','user.attribute');
INSERT INTO `PROTOCOL_MAPPER_CONFIG` (`PROTOCOL_MAPPER_ID`, `VALUE`, `NAME`) VALUES ('a6390a1a-9415-481f-af62-74c8ce336406','true','access.token.claim');
INSERT INTO `PROTOCOL_MAPPER_CONFIG` (`PROTOCOL_MAPPER_ID`, `VALUE`, `NAME`) VALUES ('a6390a1a-9415-481f-af62-74c8ce336406','preferred_username','claim.name');
INSERT INTO `PROTOCOL_MAPPER_CONFIG` (`PROTOCOL_MAPPER_ID`, `VALUE`, `NAME`) VALUES ('a6390a1a-9415-481f-af62-74c8ce336406','true','id.token.claim');
INSERT INTO `PROTOCOL_MAPPER_CONFIG` (`PROTOCOL_MAPPER_ID`, `VALUE`, `NAME`) VALUES ('a6390a1a-9415-481f-af62-74c8ce336406','String','jsonType.label');
INSERT INTO `PROTOCOL_MAPPER_CONFIG` (`PROTOCOL_MAPPER_ID`, `VALUE`, `NAME`) VALUES ('a6390a1a-9415-481f-af62-74c8ce336406','username','user.attribute');
INSERT INTO `PROTOCOL_MAPPER_CONFIG` (`PROTOCOL_MAPPER_ID`, `VALUE`, `NAME`) VALUES ('a6390a1a-9415-481f-af62-74c8ce336406','true','userinfo.token.claim');
INSERT INTO `PROTOCOL_MAPPER_CONFIG` (`PROTOCOL_MAPPER_ID`, `VALUE`, `NAME`) VALUES ('a7bc4318-ae57-4548-bc35-b5d9d80baf75','true','access.token.claim');
INSERT INTO `PROTOCOL_MAPPER_CONFIG` (`PROTOCOL_MAPPER_ID`, `VALUE`, `NAME`) VALUES ('a7bc4318-ae57-4548-bc35-b5d9d80baf75','clientId','claim.name');
INSERT INTO `PROTOCOL_MAPPER_CONFIG` (`PROTOCOL_MAPPER_ID`, `VALUE`, `NAME`) VALUES ('a7bc4318-ae57-4548-bc35-b5d9d80baf75','true','id.token.claim');
INSERT INTO `PROTOCOL_MAPPER_CONFIG` (`PROTOCOL_MAPPER_ID`, `VALUE`, `NAME`) VALUES ('a7bc4318-ae57-4548-bc35-b5d9d80baf75','String','jsonType.label');
INSERT INTO `PROTOCOL_MAPPER_CONFIG` (`PROTOCOL_MAPPER_ID`, `VALUE`, `NAME`) VALUES ('a7bc4318-ae57-4548-bc35-b5d9d80baf75','clientId','user.session.note');
INSERT INTO `PROTOCOL_MAPPER_CONFIG` (`PROTOCOL_MAPPER_ID`, `VALUE`, `NAME`) VALUES ('a85aff8d-79ee-4864-912d-2e16723a2b88','true','access.token.claim');
INSERT INTO `PROTOCOL_MAPPER_CONFIG` (`PROTOCOL_MAPPER_ID`, `VALUE`, `NAME`) VALUES ('a85aff8d-79ee-4864-912d-2e16723a2b88','updated_at','claim.name');
INSERT INTO `PROTOCOL_MAPPER_CONFIG` (`PROTOCOL_MAPPER_ID`, `VALUE`, `NAME`) VALUES ('a85aff8d-79ee-4864-912d-2e16723a2b88','true','id.token.claim');
INSERT INTO `PROTOCOL_MAPPER_CONFIG` (`PROTOCOL_MAPPER_ID`, `VALUE`, `NAME`) VALUES ('a85aff8d-79ee-4864-912d-2e16723a2b88','long','jsonType.label');
INSERT INTO `PROTOCOL_MAPPER_CONFIG` (`PROTOCOL_MAPPER_ID`, `VALUE`, `NAME`) VALUES ('a85aff8d-79ee-4864-912d-2e16723a2b88','updatedAt','user.attribute');
INSERT INTO `PROTOCOL_MAPPER_CONFIG` (`PROTOCOL_MAPPER_ID`, `VALUE`, `NAME`) VALUES ('a85aff8d-79ee-4864-912d-2e16723a2b88','true','userinfo.token.claim');
INSERT INTO `PROTOCOL_MAPPER_CONFIG` (`PROTOCOL_MAPPER_ID`, `VALUE`, `NAME`) VALUES ('a9694260-68e5-4baa-b2e7-04fbb5484bf3','true','access.token.claim');
INSERT INTO `PROTOCOL_MAPPER_CONFIG` (`PROTOCOL_MAPPER_ID`, `VALUE`, `NAME`) VALUES ('a9694260-68e5-4baa-b2e7-04fbb5484bf3','resource_access.${client_id}.roles','claim.name');
INSERT INTO `PROTOCOL_MAPPER_CONFIG` (`PROTOCOL_MAPPER_ID`, `VALUE`, `NAME`) VALUES ('a9694260-68e5-4baa-b2e7-04fbb5484bf3','String','jsonType.label');
INSERT INTO `PROTOCOL_MAPPER_CONFIG` (`PROTOCOL_MAPPER_ID`, `VALUE`, `NAME`) VALUES ('a9694260-68e5-4baa-b2e7-04fbb5484bf3','true','multivalued');
INSERT INTO `PROTOCOL_MAPPER_CONFIG` (`PROTOCOL_MAPPER_ID`, `VALUE`, `NAME`) VALUES ('a9694260-68e5-4baa-b2e7-04fbb5484bf3','foo','user.attribute');
INSERT INTO `PROTOCOL_MAPPER_CONFIG` (`PROTOCOL_MAPPER_ID`, `VALUE`, `NAME`) VALUES ('ab344b06-b23f-4b22-888e-b01d03bf62a8','true','access.token.claim');
INSERT INTO `PROTOCOL_MAPPER_CONFIG` (`PROTOCOL_MAPPER_ID`, `VALUE`, `NAME`) VALUES ('ab344b06-b23f-4b22-888e-b01d03bf62a8','locale','claim.name');
INSERT INTO `PROTOCOL_MAPPER_CONFIG` (`PROTOCOL_MAPPER_ID`, `VALUE`, `NAME`) VALUES ('ab344b06-b23f-4b22-888e-b01d03bf62a8','true','id.token.claim');
INSERT INTO `PROTOCOL_MAPPER_CONFIG` (`PROTOCOL_MAPPER_ID`, `VALUE`, `NAME`) VALUES ('ab344b06-b23f-4b22-888e-b01d03bf62a8','String','jsonType.label');
INSERT INTO `PROTOCOL_MAPPER_CONFIG` (`PROTOCOL_MAPPER_ID`, `VALUE`, `NAME`) VALUES ('ab344b06-b23f-4b22-888e-b01d03bf62a8','locale','user.attribute');
INSERT INTO `PROTOCOL_MAPPER_CONFIG` (`PROTOCOL_MAPPER_ID`, `VALUE`, `NAME`) VALUES ('ab344b06-b23f-4b22-888e-b01d03bf62a8','true','userinfo.token.claim');
INSERT INTO `PROTOCOL_MAPPER_CONFIG` (`PROTOCOL_MAPPER_ID`, `VALUE`, `NAME`) VALUES ('adaefa8f-ddc7-409c-9e81-31a7e455b60d','true','access.token.claim');
INSERT INTO `PROTOCOL_MAPPER_CONFIG` (`PROTOCOL_MAPPER_ID`, `VALUE`, `NAME`) VALUES ('adaefa8f-ddc7-409c-9e81-31a7e455b60d','true','id.token.claim');
INSERT INTO `PROTOCOL_MAPPER_CONFIG` (`PROTOCOL_MAPPER_ID`, `VALUE`, `NAME`) VALUES ('adaefa8f-ddc7-409c-9e81-31a7e455b60d','country','user.attribute.country');
INSERT INTO `PROTOCOL_MAPPER_CONFIG` (`PROTOCOL_MAPPER_ID`, `VALUE`, `NAME`) VALUES ('adaefa8f-ddc7-409c-9e81-31a7e455b60d','formatted','user.attribute.formatted');
INSERT INTO `PROTOCOL_MAPPER_CONFIG` (`PROTOCOL_MAPPER_ID`, `VALUE`, `NAME`) VALUES ('adaefa8f-ddc7-409c-9e81-31a7e455b60d','locality','user.attribute.locality');
INSERT INTO `PROTOCOL_MAPPER_CONFIG` (`PROTOCOL_MAPPER_ID`, `VALUE`, `NAME`) VALUES ('adaefa8f-ddc7-409c-9e81-31a7e455b60d','postal_code','user.attribute.postal_code');
INSERT INTO `PROTOCOL_MAPPER_CONFIG` (`PROTOCOL_MAPPER_ID`, `VALUE`, `NAME`) VALUES ('adaefa8f-ddc7-409c-9e81-31a7e455b60d','region','user.attribute.region');
INSERT INTO `PROTOCOL_MAPPER_CONFIG` (`PROTOCOL_MAPPER_ID`, `VALUE`, `NAME`) VALUES ('adaefa8f-ddc7-409c-9e81-31a7e455b60d','street','user.attribute.street');
INSERT INTO `PROTOCOL_MAPPER_CONFIG` (`PROTOCOL_MAPPER_ID`, `VALUE`, `NAME`) VALUES ('adaefa8f-ddc7-409c-9e81-31a7e455b60d','true','userinfo.token.claim');
INSERT INTO `PROTOCOL_MAPPER_CONFIG` (`PROTOCOL_MAPPER_ID`, `VALUE`, `NAME`) VALUES ('b16a4374-0e11-4253-95e3-5f6485d3a776','true','access.token.claim');
INSERT INTO `PROTOCOL_MAPPER_CONFIG` (`PROTOCOL_MAPPER_ID`, `VALUE`, `NAME`) VALUES ('b16a4374-0e11-4253-95e3-5f6485d3a776','locale','claim.name');
INSERT INTO `PROTOCOL_MAPPER_CONFIG` (`PROTOCOL_MAPPER_ID`, `VALUE`, `NAME`) VALUES ('b16a4374-0e11-4253-95e3-5f6485d3a776','true','id.token.claim');
INSERT INTO `PROTOCOL_MAPPER_CONFIG` (`PROTOCOL_MAPPER_ID`, `VALUE`, `NAME`) VALUES ('b16a4374-0e11-4253-95e3-5f6485d3a776','String','jsonType.label');
INSERT INTO `PROTOCOL_MAPPER_CONFIG` (`PROTOCOL_MAPPER_ID`, `VALUE`, `NAME`) VALUES ('b16a4374-0e11-4253-95e3-5f6485d3a776','locale','user.attribute');
INSERT INTO `PROTOCOL_MAPPER_CONFIG` (`PROTOCOL_MAPPER_ID`, `VALUE`, `NAME`) VALUES ('b16a4374-0e11-4253-95e3-5f6485d3a776','true','userinfo.token.claim');
INSERT INTO `PROTOCOL_MAPPER_CONFIG` (`PROTOCOL_MAPPER_ID`, `VALUE`, `NAME`) VALUES ('bcf32f44-560c-4a4c-9f4c-c22ef2076ca8','true','access.token.claim');
INSERT INTO `PROTOCOL_MAPPER_CONFIG` (`PROTOCOL_MAPPER_ID`, `VALUE`, `NAME`) VALUES ('bcf32f44-560c-4a4c-9f4c-c22ef2076ca8','true','id.token.claim');
INSERT INTO `PROTOCOL_MAPPER_CONFIG` (`PROTOCOL_MAPPER_ID`, `VALUE`, `NAME`) VALUES ('bcf32f44-560c-4a4c-9f4c-c22ef2076ca8','country','user.attribute.country');
INSERT INTO `PROTOCOL_MAPPER_CONFIG` (`PROTOCOL_MAPPER_ID`, `VALUE`, `NAME`) VALUES ('bcf32f44-560c-4a4c-9f4c-c22ef2076ca8','formatted','user.attribute.formatted');
INSERT INTO `PROTOCOL_MAPPER_CONFIG` (`PROTOCOL_MAPPER_ID`, `VALUE`, `NAME`) VALUES ('bcf32f44-560c-4a4c-9f4c-c22ef2076ca8','locality','user.attribute.locality');
INSERT INTO `PROTOCOL_MAPPER_CONFIG` (`PROTOCOL_MAPPER_ID`, `VALUE`, `NAME`) VALUES ('bcf32f44-560c-4a4c-9f4c-c22ef2076ca8','postal_code','user.attribute.postal_code');
INSERT INTO `PROTOCOL_MAPPER_CONFIG` (`PROTOCOL_MAPPER_ID`, `VALUE`, `NAME`) VALUES ('bcf32f44-560c-4a4c-9f4c-c22ef2076ca8','region','user.attribute.region');
INSERT INTO `PROTOCOL_MAPPER_CONFIG` (`PROTOCOL_MAPPER_ID`, `VALUE`, `NAME`) VALUES ('bcf32f44-560c-4a4c-9f4c-c22ef2076ca8','street','user.attribute.street');
INSERT INTO `PROTOCOL_MAPPER_CONFIG` (`PROTOCOL_MAPPER_ID`, `VALUE`, `NAME`) VALUES ('bcf32f44-560c-4a4c-9f4c-c22ef2076ca8','true','userinfo.token.claim');
INSERT INTO `PROTOCOL_MAPPER_CONFIG` (`PROTOCOL_MAPPER_ID`, `VALUE`, `NAME`) VALUES ('be8d8d81-d982-4a9f-a0dc-f17916461113','true','access.token.claim');
INSERT INTO `PROTOCOL_MAPPER_CONFIG` (`PROTOCOL_MAPPER_ID`, `VALUE`, `NAME`) VALUES ('be8d8d81-d982-4a9f-a0dc-f17916461113','clientHost','claim.name');
INSERT INTO `PROTOCOL_MAPPER_CONFIG` (`PROTOCOL_MAPPER_ID`, `VALUE`, `NAME`) VALUES ('be8d8d81-d982-4a9f-a0dc-f17916461113','true','id.token.claim');
INSERT INTO `PROTOCOL_MAPPER_CONFIG` (`PROTOCOL_MAPPER_ID`, `VALUE`, `NAME`) VALUES ('be8d8d81-d982-4a9f-a0dc-f17916461113','String','jsonType.label');
INSERT INTO `PROTOCOL_MAPPER_CONFIG` (`PROTOCOL_MAPPER_ID`, `VALUE`, `NAME`) VALUES ('be8d8d81-d982-4a9f-a0dc-f17916461113','clientHost','user.session.note');
INSERT INTO `PROTOCOL_MAPPER_CONFIG` (`PROTOCOL_MAPPER_ID`, `VALUE`, `NAME`) VALUES ('c461b707-7b31-4e3d-9f18-8b69ed0164f0','true','access.token.claim');
INSERT INTO `PROTOCOL_MAPPER_CONFIG` (`PROTOCOL_MAPPER_ID`, `VALUE`, `NAME`) VALUES ('c461b707-7b31-4e3d-9f18-8b69ed0164f0','upn','claim.name');
INSERT INTO `PROTOCOL_MAPPER_CONFIG` (`PROTOCOL_MAPPER_ID`, `VALUE`, `NAME`) VALUES ('c461b707-7b31-4e3d-9f18-8b69ed0164f0','true','id.token.claim');
INSERT INTO `PROTOCOL_MAPPER_CONFIG` (`PROTOCOL_MAPPER_ID`, `VALUE`, `NAME`) VALUES ('c461b707-7b31-4e3d-9f18-8b69ed0164f0','String','jsonType.label');
INSERT INTO `PROTOCOL_MAPPER_CONFIG` (`PROTOCOL_MAPPER_ID`, `VALUE`, `NAME`) VALUES ('c461b707-7b31-4e3d-9f18-8b69ed0164f0','username','user.attribute');
INSERT INTO `PROTOCOL_MAPPER_CONFIG` (`PROTOCOL_MAPPER_ID`, `VALUE`, `NAME`) VALUES ('c461b707-7b31-4e3d-9f18-8b69ed0164f0','true','userinfo.token.claim');
INSERT INTO `PROTOCOL_MAPPER_CONFIG` (`PROTOCOL_MAPPER_ID`, `VALUE`, `NAME`) VALUES ('c779a3c2-0bed-4c98-b627-9f33cc9a82ba','true','access.token.claim');
INSERT INTO `PROTOCOL_MAPPER_CONFIG` (`PROTOCOL_MAPPER_ID`, `VALUE`, `NAME`) VALUES ('c779a3c2-0bed-4c98-b627-9f33cc9a82ba','clientId','claim.name');
INSERT INTO `PROTOCOL_MAPPER_CONFIG` (`PROTOCOL_MAPPER_ID`, `VALUE`, `NAME`) VALUES ('c779a3c2-0bed-4c98-b627-9f33cc9a82ba','true','id.token.claim');
INSERT INTO `PROTOCOL_MAPPER_CONFIG` (`PROTOCOL_MAPPER_ID`, `VALUE`, `NAME`) VALUES ('c779a3c2-0bed-4c98-b627-9f33cc9a82ba','String','jsonType.label');
INSERT INTO `PROTOCOL_MAPPER_CONFIG` (`PROTOCOL_MAPPER_ID`, `VALUE`, `NAME`) VALUES ('c779a3c2-0bed-4c98-b627-9f33cc9a82ba','clientId','user.session.note');
INSERT INTO `PROTOCOL_MAPPER_CONFIG` (`PROTOCOL_MAPPER_ID`, `VALUE`, `NAME`) VALUES ('c8ad2ebf-8fbc-4f3a-b60e-561f22fdc727','true','access.token.claim');
INSERT INTO `PROTOCOL_MAPPER_CONFIG` (`PROTOCOL_MAPPER_ID`, `VALUE`, `NAME`) VALUES ('c8ad2ebf-8fbc-4f3a-b60e-561f22fdc727','clientAddress','claim.name');
INSERT INTO `PROTOCOL_MAPPER_CONFIG` (`PROTOCOL_MAPPER_ID`, `VALUE`, `NAME`) VALUES ('c8ad2ebf-8fbc-4f3a-b60e-561f22fdc727','true','id.token.claim');
INSERT INTO `PROTOCOL_MAPPER_CONFIG` (`PROTOCOL_MAPPER_ID`, `VALUE`, `NAME`) VALUES ('c8ad2ebf-8fbc-4f3a-b60e-561f22fdc727','String','jsonType.label');
INSERT INTO `PROTOCOL_MAPPER_CONFIG` (`PROTOCOL_MAPPER_ID`, `VALUE`, `NAME`) VALUES ('c8ad2ebf-8fbc-4f3a-b60e-561f22fdc727','clientAddress','user.session.note');
INSERT INTO `PROTOCOL_MAPPER_CONFIG` (`PROTOCOL_MAPPER_ID`, `VALUE`, `NAME`) VALUES ('cda7ae41-95cd-4d98-adab-59acae992595','true','access.token.claim');
INSERT INTO `PROTOCOL_MAPPER_CONFIG` (`PROTOCOL_MAPPER_ID`, `VALUE`, `NAME`) VALUES ('cda7ae41-95cd-4d98-adab-59acae992595','given_name','claim.name');
INSERT INTO `PROTOCOL_MAPPER_CONFIG` (`PROTOCOL_MAPPER_ID`, `VALUE`, `NAME`) VALUES ('cda7ae41-95cd-4d98-adab-59acae992595','true','id.token.claim');
INSERT INTO `PROTOCOL_MAPPER_CONFIG` (`PROTOCOL_MAPPER_ID`, `VALUE`, `NAME`) VALUES ('cda7ae41-95cd-4d98-adab-59acae992595','String','jsonType.label');
INSERT INTO `PROTOCOL_MAPPER_CONFIG` (`PROTOCOL_MAPPER_ID`, `VALUE`, `NAME`) VALUES ('cda7ae41-95cd-4d98-adab-59acae992595','firstName','user.attribute');
INSERT INTO `PROTOCOL_MAPPER_CONFIG` (`PROTOCOL_MAPPER_ID`, `VALUE`, `NAME`) VALUES ('cda7ae41-95cd-4d98-adab-59acae992595','true','userinfo.token.claim');
INSERT INTO `PROTOCOL_MAPPER_CONFIG` (`PROTOCOL_MAPPER_ID`, `VALUE`, `NAME`) VALUES ('d2a8c805-24ad-4172-83eb-03422ff18ff4','true','access.token.claim');
INSERT INTO `PROTOCOL_MAPPER_CONFIG` (`PROTOCOL_MAPPER_ID`, `VALUE`, `NAME`) VALUES ('d2a8c805-24ad-4172-83eb-03422ff18ff4','zoneinfo','claim.name');
INSERT INTO `PROTOCOL_MAPPER_CONFIG` (`PROTOCOL_MAPPER_ID`, `VALUE`, `NAME`) VALUES ('d2a8c805-24ad-4172-83eb-03422ff18ff4','true','id.token.claim');
INSERT INTO `PROTOCOL_MAPPER_CONFIG` (`PROTOCOL_MAPPER_ID`, `VALUE`, `NAME`) VALUES ('d2a8c805-24ad-4172-83eb-03422ff18ff4','String','jsonType.label');
INSERT INTO `PROTOCOL_MAPPER_CONFIG` (`PROTOCOL_MAPPER_ID`, `VALUE`, `NAME`) VALUES ('d2a8c805-24ad-4172-83eb-03422ff18ff4','zoneinfo','user.attribute');
INSERT INTO `PROTOCOL_MAPPER_CONFIG` (`PROTOCOL_MAPPER_ID`, `VALUE`, `NAME`) VALUES ('d2a8c805-24ad-4172-83eb-03422ff18ff4','true','userinfo.token.claim');
INSERT INTO `PROTOCOL_MAPPER_CONFIG` (`PROTOCOL_MAPPER_ID`, `VALUE`, `NAME`) VALUES ('d37f8e81-afcc-4030-acc3-6015d9e7622d','Role','attribute.name');
INSERT INTO `PROTOCOL_MAPPER_CONFIG` (`PROTOCOL_MAPPER_ID`, `VALUE`, `NAME`) VALUES ('d37f8e81-afcc-4030-acc3-6015d9e7622d','Basic','attribute.nameformat');
INSERT INTO `PROTOCOL_MAPPER_CONFIG` (`PROTOCOL_MAPPER_ID`, `VALUE`, `NAME`) VALUES ('d37f8e81-afcc-4030-acc3-6015d9e7622d','false','single');
INSERT INTO `PROTOCOL_MAPPER_CONFIG` (`PROTOCOL_MAPPER_ID`, `VALUE`, `NAME`) VALUES ('d601c3ae-c929-4871-aa04-eaa26ccdf84d','true','access.token.claim');
INSERT INTO `PROTOCOL_MAPPER_CONFIG` (`PROTOCOL_MAPPER_ID`, `VALUE`, `NAME`) VALUES ('d601c3ae-c929-4871-aa04-eaa26ccdf84d','resource_access.${client_id}.roles','claim.name');
INSERT INTO `PROTOCOL_MAPPER_CONFIG` (`PROTOCOL_MAPPER_ID`, `VALUE`, `NAME`) VALUES ('d601c3ae-c929-4871-aa04-eaa26ccdf84d','String','jsonType.label');
INSERT INTO `PROTOCOL_MAPPER_CONFIG` (`PROTOCOL_MAPPER_ID`, `VALUE`, `NAME`) VALUES ('d601c3ae-c929-4871-aa04-eaa26ccdf84d','true','multivalued');
INSERT INTO `PROTOCOL_MAPPER_CONFIG` (`PROTOCOL_MAPPER_ID`, `VALUE`, `NAME`) VALUES ('d601c3ae-c929-4871-aa04-eaa26ccdf84d','foo','user.attribute');
INSERT INTO `PROTOCOL_MAPPER_CONFIG` (`PROTOCOL_MAPPER_ID`, `VALUE`, `NAME`) VALUES ('d8d16b4d-4512-4100-9999-898ec7d89508','true','access.token.claim');
INSERT INTO `PROTOCOL_MAPPER_CONFIG` (`PROTOCOL_MAPPER_ID`, `VALUE`, `NAME`) VALUES ('d8d16b4d-4512-4100-9999-898ec7d89508','phone_number','claim.name');
INSERT INTO `PROTOCOL_MAPPER_CONFIG` (`PROTOCOL_MAPPER_ID`, `VALUE`, `NAME`) VALUES ('d8d16b4d-4512-4100-9999-898ec7d89508','true','id.token.claim');
INSERT INTO `PROTOCOL_MAPPER_CONFIG` (`PROTOCOL_MAPPER_ID`, `VALUE`, `NAME`) VALUES ('d8d16b4d-4512-4100-9999-898ec7d89508','String','jsonType.label');
INSERT INTO `PROTOCOL_MAPPER_CONFIG` (`PROTOCOL_MAPPER_ID`, `VALUE`, `NAME`) VALUES ('d8d16b4d-4512-4100-9999-898ec7d89508','phoneNumber','user.attribute');
INSERT INTO `PROTOCOL_MAPPER_CONFIG` (`PROTOCOL_MAPPER_ID`, `VALUE`, `NAME`) VALUES ('d8d16b4d-4512-4100-9999-898ec7d89508','true','userinfo.token.claim');
INSERT INTO `PROTOCOL_MAPPER_CONFIG` (`PROTOCOL_MAPPER_ID`, `VALUE`, `NAME`) VALUES ('de7b0eca-e93b-49ad-a10b-aa76f172bcf6','true','access.token.claim');
INSERT INTO `PROTOCOL_MAPPER_CONFIG` (`PROTOCOL_MAPPER_ID`, `VALUE`, `NAME`) VALUES ('de7b0eca-e93b-49ad-a10b-aa76f172bcf6','birthdate','claim.name');
INSERT INTO `PROTOCOL_MAPPER_CONFIG` (`PROTOCOL_MAPPER_ID`, `VALUE`, `NAME`) VALUES ('de7b0eca-e93b-49ad-a10b-aa76f172bcf6','true','id.token.claim');
INSERT INTO `PROTOCOL_MAPPER_CONFIG` (`PROTOCOL_MAPPER_ID`, `VALUE`, `NAME`) VALUES ('de7b0eca-e93b-49ad-a10b-aa76f172bcf6','String','jsonType.label');
INSERT INTO `PROTOCOL_MAPPER_CONFIG` (`PROTOCOL_MAPPER_ID`, `VALUE`, `NAME`) VALUES ('de7b0eca-e93b-49ad-a10b-aa76f172bcf6','birthdate','user.attribute');
INSERT INTO `PROTOCOL_MAPPER_CONFIG` (`PROTOCOL_MAPPER_ID`, `VALUE`, `NAME`) VALUES ('de7b0eca-e93b-49ad-a10b-aa76f172bcf6','true','userinfo.token.claim');
INSERT INTO `PROTOCOL_MAPPER_CONFIG` (`PROTOCOL_MAPPER_ID`, `VALUE`, `NAME`) VALUES ('df1e9f0e-6845-4582-83b5-d7c392b16952','true','access.token.claim');
INSERT INTO `PROTOCOL_MAPPER_CONFIG` (`PROTOCOL_MAPPER_ID`, `VALUE`, `NAME`) VALUES ('df1e9f0e-6845-4582-83b5-d7c392b16952','gender','claim.name');
INSERT INTO `PROTOCOL_MAPPER_CONFIG` (`PROTOCOL_MAPPER_ID`, `VALUE`, `NAME`) VALUES ('df1e9f0e-6845-4582-83b5-d7c392b16952','true','id.token.claim');
INSERT INTO `PROTOCOL_MAPPER_CONFIG` (`PROTOCOL_MAPPER_ID`, `VALUE`, `NAME`) VALUES ('df1e9f0e-6845-4582-83b5-d7c392b16952','String','jsonType.label');
INSERT INTO `PROTOCOL_MAPPER_CONFIG` (`PROTOCOL_MAPPER_ID`, `VALUE`, `NAME`) VALUES ('df1e9f0e-6845-4582-83b5-d7c392b16952','gender','user.attribute');
INSERT INTO `PROTOCOL_MAPPER_CONFIG` (`PROTOCOL_MAPPER_ID`, `VALUE`, `NAME`) VALUES ('df1e9f0e-6845-4582-83b5-d7c392b16952','true','userinfo.token.claim');
INSERT INTO `PROTOCOL_MAPPER_CONFIG` (`PROTOCOL_MAPPER_ID`, `VALUE`, `NAME`) VALUES ('e014b59a-b08d-49a6-b649-f15562a2a5d3','true','access.token.claim');
INSERT INTO `PROTOCOL_MAPPER_CONFIG` (`PROTOCOL_MAPPER_ID`, `VALUE`, `NAME`) VALUES ('e014b59a-b08d-49a6-b649-f15562a2a5d3','true','id.token.claim');
INSERT INTO `PROTOCOL_MAPPER_CONFIG` (`PROTOCOL_MAPPER_ID`, `VALUE`, `NAME`) VALUES ('e014b59a-b08d-49a6-b649-f15562a2a5d3','true','userinfo.token.claim');
INSERT INTO `PROTOCOL_MAPPER_CONFIG` (`PROTOCOL_MAPPER_ID`, `VALUE`, `NAME`) VALUES ('e964cba8-0857-487d-b819-609ea3a57d36','Role','attribute.name');
INSERT INTO `PROTOCOL_MAPPER_CONFIG` (`PROTOCOL_MAPPER_ID`, `VALUE`, `NAME`) VALUES ('e964cba8-0857-487d-b819-609ea3a57d36','Basic','attribute.nameformat');
INSERT INTO `PROTOCOL_MAPPER_CONFIG` (`PROTOCOL_MAPPER_ID`, `VALUE`, `NAME`) VALUES ('e964cba8-0857-487d-b819-609ea3a57d36','false','single');
INSERT INTO `PROTOCOL_MAPPER_CONFIG` (`PROTOCOL_MAPPER_ID`, `VALUE`, `NAME`) VALUES ('ebc98c51-8793-4e19-aaf0-60ff6742f904','true','access.token.claim');
INSERT INTO `PROTOCOL_MAPPER_CONFIG` (`PROTOCOL_MAPPER_ID`, `VALUE`, `NAME`) VALUES ('ebc98c51-8793-4e19-aaf0-60ff6742f904','phone_number_verified','claim.name');
INSERT INTO `PROTOCOL_MAPPER_CONFIG` (`PROTOCOL_MAPPER_ID`, `VALUE`, `NAME`) VALUES ('ebc98c51-8793-4e19-aaf0-60ff6742f904','true','id.token.claim');
INSERT INTO `PROTOCOL_MAPPER_CONFIG` (`PROTOCOL_MAPPER_ID`, `VALUE`, `NAME`) VALUES ('ebc98c51-8793-4e19-aaf0-60ff6742f904','boolean','jsonType.label');
INSERT INTO `PROTOCOL_MAPPER_CONFIG` (`PROTOCOL_MAPPER_ID`, `VALUE`, `NAME`) VALUES ('ebc98c51-8793-4e19-aaf0-60ff6742f904','phoneNumberVerified','user.attribute');
INSERT INTO `PROTOCOL_MAPPER_CONFIG` (`PROTOCOL_MAPPER_ID`, `VALUE`, `NAME`) VALUES ('ebc98c51-8793-4e19-aaf0-60ff6742f904','true','userinfo.token.claim');
INSERT INTO `PROTOCOL_MAPPER_CONFIG` (`PROTOCOL_MAPPER_ID`, `VALUE`, `NAME`) VALUES ('f7990059-8e3b-476d-8f24-de04c8ec442c','true','access.token.claim');
INSERT INTO `PROTOCOL_MAPPER_CONFIG` (`PROTOCOL_MAPPER_ID`, `VALUE`, `NAME`) VALUES ('f7990059-8e3b-476d-8f24-de04c8ec442c','clientHost','claim.name');
INSERT INTO `PROTOCOL_MAPPER_CONFIG` (`PROTOCOL_MAPPER_ID`, `VALUE`, `NAME`) VALUES ('f7990059-8e3b-476d-8f24-de04c8ec442c','true','id.token.claim');
INSERT INTO `PROTOCOL_MAPPER_CONFIG` (`PROTOCOL_MAPPER_ID`, `VALUE`, `NAME`) VALUES ('f7990059-8e3b-476d-8f24-de04c8ec442c','String','jsonType.label');
INSERT INTO `PROTOCOL_MAPPER_CONFIG` (`PROTOCOL_MAPPER_ID`, `VALUE`, `NAME`) VALUES ('f7990059-8e3b-476d-8f24-de04c8ec442c','clientHost','user.session.note');
INSERT INTO `PROTOCOL_MAPPER_CONFIG` (`PROTOCOL_MAPPER_ID`, `VALUE`, `NAME`) VALUES ('f8526810-837f-453a-bc22-8fbf854e85f6','true','access.token.claim');
INSERT INTO `PROTOCOL_MAPPER_CONFIG` (`PROTOCOL_MAPPER_ID`, `VALUE`, `NAME`) VALUES ('f8526810-837f-453a-bc22-8fbf854e85f6','groups','claim.name');
INSERT INTO `PROTOCOL_MAPPER_CONFIG` (`PROTOCOL_MAPPER_ID`, `VALUE`, `NAME`) VALUES ('f8526810-837f-453a-bc22-8fbf854e85f6','true','id.token.claim');
INSERT INTO `PROTOCOL_MAPPER_CONFIG` (`PROTOCOL_MAPPER_ID`, `VALUE`, `NAME`) VALUES ('f8526810-837f-453a-bc22-8fbf854e85f6','String','jsonType.label');
INSERT INTO `PROTOCOL_MAPPER_CONFIG` (`PROTOCOL_MAPPER_ID`, `VALUE`, `NAME`) VALUES ('f8526810-837f-453a-bc22-8fbf854e85f6','true','multivalued');
INSERT INTO `PROTOCOL_MAPPER_CONFIG` (`PROTOCOL_MAPPER_ID`, `VALUE`, `NAME`) VALUES ('f8526810-837f-453a-bc22-8fbf854e85f6','foo','user.attribute');
INSERT INTO `PROTOCOL_MAPPER_CONFIG` (`PROTOCOL_MAPPER_ID`, `VALUE`, `NAME`) VALUES ('f9b15b63-6ec5-4ff8-b7a7-68f245f4364c','true','access.token.claim');
INSERT INTO `PROTOCOL_MAPPER_CONFIG` (`PROTOCOL_MAPPER_ID`, `VALUE`, `NAME`) VALUES ('f9b15b63-6ec5-4ff8-b7a7-68f245f4364c','email_verified','claim.name');
INSERT INTO `PROTOCOL_MAPPER_CONFIG` (`PROTOCOL_MAPPER_ID`, `VALUE`, `NAME`) VALUES ('f9b15b63-6ec5-4ff8-b7a7-68f245f4364c','true','id.token.claim');
INSERT INTO `PROTOCOL_MAPPER_CONFIG` (`PROTOCOL_MAPPER_ID`, `VALUE`, `NAME`) VALUES ('f9b15b63-6ec5-4ff8-b7a7-68f245f4364c','boolean','jsonType.label');
INSERT INTO `PROTOCOL_MAPPER_CONFIG` (`PROTOCOL_MAPPER_ID`, `VALUE`, `NAME`) VALUES ('f9b15b63-6ec5-4ff8-b7a7-68f245f4364c','emailVerified','user.attribute');
INSERT INTO `PROTOCOL_MAPPER_CONFIG` (`PROTOCOL_MAPPER_ID`, `VALUE`, `NAME`) VALUES ('f9b15b63-6ec5-4ff8-b7a7-68f245f4364c','true','userinfo.token.claim');
/*!40000 ALTER TABLE `PROTOCOL_MAPPER_CONFIG` ENABLE KEYS */;
UNLOCK TABLES;

--
-- Table structure for table `REALM`
--

DROP TABLE IF EXISTS `REALM`;
/*!40101 SET @saved_cs_client     = @@character_set_client */;
 SET character_set_client = utf8mb4 ;
CREATE TABLE `REALM` (
  `ID` varchar(36) CHARACTER SET utf8mb4 COLLATE utf8mb4_unicode_ci NOT NULL,
  `ACCESS_CODE_LIFESPAN` int DEFAULT NULL,
  `USER_ACTION_LIFESPAN` int DEFAULT NULL,
  `ACCESS_TOKEN_LIFESPAN` int DEFAULT NULL,
  `ACCOUNT_THEME` varchar(255) CHARACTER SET utf8mb4 COLLATE utf8mb4_unicode_ci DEFAULT NULL,
  `ADMIN_THEME` varchar(255) CHARACTER SET utf8mb4 COLLATE utf8mb4_unicode_ci DEFAULT NULL,
  `EMAIL_THEME` varchar(255) CHARACTER SET utf8mb4 COLLATE utf8mb4_unicode_ci DEFAULT NULL,
  `ENABLED` bit(1) NOT NULL DEFAULT b'0',
  `EVENTS_ENABLED` bit(1) NOT NULL DEFAULT b'0',
  `EVENTS_EXPIRATION` bigint DEFAULT NULL,
  `LOGIN_THEME` varchar(255) CHARACTER SET utf8mb4 COLLATE utf8mb4_unicode_ci DEFAULT NULL,
  `NAME` varchar(255) CHARACTER SET utf8mb4 COLLATE utf8mb4_unicode_ci DEFAULT NULL,
  `NOT_BEFORE` int DEFAULT NULL,
  `PASSWORD_POLICY` text CHARACTER SET utf8mb4 COLLATE utf8mb4_unicode_ci,
  `REGISTRATION_ALLOWED` bit(1) NOT NULL DEFAULT b'0',
  `REMEMBER_ME` bit(1) NOT NULL DEFAULT b'0',
  `RESET_PASSWORD_ALLOWED` bit(1) NOT NULL DEFAULT b'0',
  `SOCIAL` bit(1) NOT NULL DEFAULT b'0',
  `SSL_REQUIRED` varchar(255) CHARACTER SET utf8mb4 COLLATE utf8mb4_unicode_ci DEFAULT NULL,
  `SSO_IDLE_TIMEOUT` int DEFAULT NULL,
  `SSO_MAX_LIFESPAN` int DEFAULT NULL,
  `UPDATE_PROFILE_ON_SOC_LOGIN` bit(1) NOT NULL DEFAULT b'0',
  `VERIFY_EMAIL` bit(1) NOT NULL DEFAULT b'0',
  `MASTER_ADMIN_CLIENT` varchar(36) CHARACTER SET utf8mb4 COLLATE utf8mb4_unicode_ci DEFAULT NULL,
  `LOGIN_LIFESPAN` int DEFAULT NULL,
  `INTERNATIONALIZATION_ENABLED` bit(1) NOT NULL DEFAULT b'0',
  `DEFAULT_LOCALE` varchar(255) CHARACTER SET utf8mb4 COLLATE utf8mb4_unicode_ci DEFAULT NULL,
  `REG_EMAIL_AS_USERNAME` bit(1) NOT NULL DEFAULT b'0',
  `ADMIN_EVENTS_ENABLED` bit(1) NOT NULL DEFAULT b'0',
  `ADMIN_EVENTS_DETAILS_ENABLED` bit(1) NOT NULL DEFAULT b'0',
  `EDIT_USERNAME_ALLOWED` bit(1) NOT NULL DEFAULT b'0',
  `OTP_POLICY_COUNTER` int DEFAULT '0',
  `OTP_POLICY_WINDOW` int DEFAULT '1',
  `OTP_POLICY_PERIOD` int DEFAULT '30',
  `OTP_POLICY_DIGITS` int DEFAULT '6',
  `OTP_POLICY_ALG` varchar(36) CHARACTER SET utf8mb4 COLLATE utf8mb4_unicode_ci DEFAULT 'HmacSHA1',
  `OTP_POLICY_TYPE` varchar(36) CHARACTER SET utf8mb4 COLLATE utf8mb4_unicode_ci DEFAULT 'totp',
  `BROWSER_FLOW` varchar(36) CHARACTER SET utf8mb4 COLLATE utf8mb4_unicode_ci DEFAULT NULL,
  `REGISTRATION_FLOW` varchar(36) CHARACTER SET utf8mb4 COLLATE utf8mb4_unicode_ci DEFAULT NULL,
  `DIRECT_GRANT_FLOW` varchar(36) CHARACTER SET utf8mb4 COLLATE utf8mb4_unicode_ci DEFAULT NULL,
  `RESET_CREDENTIALS_FLOW` varchar(36) CHARACTER SET utf8mb4 COLLATE utf8mb4_unicode_ci DEFAULT NULL,
  `CLIENT_AUTH_FLOW` varchar(36) CHARACTER SET utf8mb4 COLLATE utf8mb4_unicode_ci DEFAULT NULL,
  `OFFLINE_SESSION_IDLE_TIMEOUT` int DEFAULT '0',
  `REVOKE_REFRESH_TOKEN` bit(1) NOT NULL DEFAULT b'0',
  `ACCESS_TOKEN_LIFE_IMPLICIT` int DEFAULT '0',
  `LOGIN_WITH_EMAIL_ALLOWED` bit(1) NOT NULL DEFAULT b'1',
  `DUPLICATE_EMAILS_ALLOWED` bit(1) NOT NULL DEFAULT b'0',
  `DOCKER_AUTH_FLOW` varchar(36) CHARACTER SET utf8mb4 COLLATE utf8mb4_unicode_ci DEFAULT NULL,
  `REFRESH_TOKEN_MAX_REUSE` int DEFAULT '0',
  `ALLOW_USER_MANAGED_ACCESS` bit(1) NOT NULL DEFAULT b'0',
  `SSO_MAX_LIFESPAN_REMEMBER_ME` int NOT NULL,
  `SSO_IDLE_TIMEOUT_REMEMBER_ME` int NOT NULL,
  `DEFAULT_ROLE` varchar(255) CHARACTER SET utf8mb4 COLLATE utf8mb4_unicode_ci DEFAULT NULL,
  PRIMARY KEY (`ID`),
  UNIQUE KEY `UK_ORVSDMLA56612EAEFIQ6WL5OI` (`NAME`),
  KEY `IDX_REALM_MASTER_ADM_CLI` (`MASTER_ADMIN_CLIENT`)
) ENGINE=InnoDB DEFAULT CHARSET=utf8mb4 COLLATE=utf8mb4_unicode_ci;
/*!40101 SET character_set_client = @saved_cs_client */;

--
-- Dumping data for table `REALM`
--

LOCK TABLES `REALM` WRITE;
/*!40000 ALTER TABLE `REALM` DISABLE KEYS */;
INSERT INTO `REALM` (`ID`, `ACCESS_CODE_LIFESPAN`, `USER_ACTION_LIFESPAN`, `ACCESS_TOKEN_LIFESPAN`, `ACCOUNT_THEME`, `ADMIN_THEME`, `EMAIL_THEME`, `ENABLED`, `EVENTS_ENABLED`, `EVENTS_EXPIRATION`, `LOGIN_THEME`, `NAME`, `NOT_BEFORE`, `PASSWORD_POLICY`, `REGISTRATION_ALLOWED`, `REMEMBER_ME`, `RESET_PASSWORD_ALLOWED`, `SOCIAL`, `SSL_REQUIRED`, `SSO_IDLE_TIMEOUT`, `SSO_MAX_LIFESPAN`, `UPDATE_PROFILE_ON_SOC_LOGIN`, `VERIFY_EMAIL`, `MASTER_ADMIN_CLIENT`, `LOGIN_LIFESPAN`, `INTERNATIONALIZATION_ENABLED`, `DEFAULT_LOCALE`, `REG_EMAIL_AS_USERNAME`, `ADMIN_EVENTS_ENABLED`, `ADMIN_EVENTS_DETAILS_ENABLED`, `EDIT_USERNAME_ALLOWED`, `OTP_POLICY_COUNTER`, `OTP_POLICY_WINDOW`, `OTP_POLICY_PERIOD`, `OTP_POLICY_DIGITS`, `OTP_POLICY_ALG`, `OTP_POLICY_TYPE`, `BROWSER_FLOW`, `REGISTRATION_FLOW`, `DIRECT_GRANT_FLOW`, `RESET_CREDENTIALS_FLOW`, `CLIENT_AUTH_FLOW`, `OFFLINE_SESSION_IDLE_TIMEOUT`, `REVOKE_REFRESH_TOKEN`, `ACCESS_TOKEN_LIFE_IMPLICIT`, `LOGIN_WITH_EMAIL_ALLOWED`, `DUPLICATE_EMAILS_ALLOWED`, `DOCKER_AUTH_FLOW`, `REFRESH_TOKEN_MAX_REUSE`, `ALLOW_USER_MANAGED_ACCESS`, `SSO_MAX_LIFESPAN_REMEMBER_ME`, `SSO_IDLE_TIMEOUT_REMEMBER_ME`, `DEFAULT_ROLE`) VALUES ('3586be3d-c811-48bd-ac93-c1efbb056510',60,300,60,NULL,NULL,NULL,_binary '',_binary '\0',0,NULL,'master',0,NULL,_binary '\0',_binary '\0',_binary '\0',_binary '\0','EXTERNAL',1800,36000,_binary '\0',_binary '\0','55cd9e8d-f5fa-46b6-a5bc-a57e9843554b',1800,_binary '\0',NULL,_binary '\0',_binary '\0',_binary '\0',_binary '\0',0,1,30,6,'HmacSHA1','totp','3a346f34-9b23-40c5-9958-a2408e7df171','0af19bb8-0372-41c0-8d75-22fb414091fc','ca6b3f1d-946d-41fc-a2fb-252b374c3059','85310fce-8403-4840-82b5-c701ca8e4501','561a9332-df7c-433e-8b8f-f1264250eb89',2592000,_binary '\0',900,_binary '',_binary '\0','f056ba3d-8ec5-43a4-a949-aa71b70060e8',0,_binary '\0',0,0,'7bdf0230-a980-44b4-b14e-9c9359fe582e');
INSERT INTO `REALM` (`ID`, `ACCESS_CODE_LIFESPAN`, `USER_ACTION_LIFESPAN`, `ACCESS_TOKEN_LIFESPAN`, `ACCOUNT_THEME`, `ADMIN_THEME`, `EMAIL_THEME`, `ENABLED`, `EVENTS_ENABLED`, `EVENTS_EXPIRATION`, `LOGIN_THEME`, `NAME`, `NOT_BEFORE`, `PASSWORD_POLICY`, `REGISTRATION_ALLOWED`, `REMEMBER_ME`, `RESET_PASSWORD_ALLOWED`, `SOCIAL`, `SSL_REQUIRED`, `SSO_IDLE_TIMEOUT`, `SSO_MAX_LIFESPAN`, `UPDATE_PROFILE_ON_SOC_LOGIN`, `VERIFY_EMAIL`, `MASTER_ADMIN_CLIENT`, `LOGIN_LIFESPAN`, `INTERNATIONALIZATION_ENABLED`, `DEFAULT_LOCALE`, `REG_EMAIL_AS_USERNAME`, `ADMIN_EVENTS_ENABLED`, `ADMIN_EVENTS_DETAILS_ENABLED`, `EDIT_USERNAME_ALLOWED`, `OTP_POLICY_COUNTER`, `OTP_POLICY_WINDOW`, `OTP_POLICY_PERIOD`, `OTP_POLICY_DIGITS`, `OTP_POLICY_ALG`, `OTP_POLICY_TYPE`, `BROWSER_FLOW`, `REGISTRATION_FLOW`, `DIRECT_GRANT_FLOW`, `RESET_CREDENTIALS_FLOW`, `CLIENT_AUTH_FLOW`, `OFFLINE_SESSION_IDLE_TIMEOUT`, `REVOKE_REFRESH_TOKEN`, `ACCESS_TOKEN_LIFE_IMPLICIT`, `LOGIN_WITH_EMAIL_ALLOWED`, `DUPLICATE_EMAILS_ALLOWED`, `DOCKER_AUTH_FLOW`, `REFRESH_TOKEN_MAX_REUSE`, `ALLOW_USER_MANAGED_ACCESS`, `SSO_MAX_LIFESPAN_REMEMBER_ME`, `SSO_IDLE_TIMEOUT_REMEMBER_ME`, `DEFAULT_ROLE`) VALUES ('MyReam',60,300,300,NULL,NULL,NULL,_binary '',_binary '\0',0,NULL,'myRealm',0,NULL,_binary '\0',_binary '\0',_binary '\0',_binary '\0','EXTERNAL',1800,36000,_binary '\0',_binary '\0','495d1a6d-3b9d-4a3c-a9fd-e8d8647338dc',1800,_binary '\0',NULL,_binary '\0',_binary '\0',_binary '\0',_binary '\0',0,1,30,6,'HmacSHA1','totp','ac63698f-199e-4777-a060-34b7dae785c3','8fb082ca-1f2b-40db-ab59-b0b2f82dce19','eebc9bbb-0b17-4d62-9fcd-380f1ba54520','42b819ac-0fc7-459c-848b-0583d4ed8336','aa1b42d5-e75b-4aa1-bd4a-886191fd8402',2592000,_binary '\0',900,_binary '',_binary '\0','a916500b-0758-4215-8fbc-69da9d1412e0',0,_binary '\0',0,0,'e83825bd-5587-41cd-b14d-da6797a60ae4');
/*!40000 ALTER TABLE `REALM` ENABLE KEYS */;
UNLOCK TABLES;

--
-- Table structure for table `REALM_ATTRIBUTE`
--

DROP TABLE IF EXISTS `REALM_ATTRIBUTE`;
/*!40101 SET @saved_cs_client     = @@character_set_client */;
 SET character_set_client = utf8mb4 ;
CREATE TABLE `REALM_ATTRIBUTE` (
  `NAME` varchar(255) CHARACTER SET utf8mb4 COLLATE utf8mb4_unicode_ci NOT NULL,
  `REALM_ID` varchar(36) CHARACTER SET utf8mb4 COLLATE utf8mb4_unicode_ci NOT NULL,
  `VALUE` longtext CHARACTER SET utf8mb3 COLLATE utf8mb3_general_ci,
  PRIMARY KEY (`NAME`,`REALM_ID`),
  KEY `IDX_REALM_ATTR_REALM` (`REALM_ID`),
  CONSTRAINT `FK_8SHXD6L3E9ATQUKACXGPFFPTW` FOREIGN KEY (`REALM_ID`) REFERENCES `REALM` (`ID`)
) ENGINE=InnoDB DEFAULT CHARSET=utf8mb4 COLLATE=utf8mb4_unicode_ci;
/*!40101 SET character_set_client = @saved_cs_client */;

--
-- Dumping data for table `REALM_ATTRIBUTE`
--

LOCK TABLES `REALM_ATTRIBUTE` WRITE;
/*!40000 ALTER TABLE `REALM_ATTRIBUTE` DISABLE KEYS */;
INSERT INTO `REALM_ATTRIBUTE` (`NAME`, `REALM_ID`, `VALUE`) VALUES ('_browser_header.contentSecurityPolicy','3586be3d-c811-48bd-ac93-c1efbb056510','frame-src \'self\'; frame-ancestors \'self\'; object-src \'none\';');
INSERT INTO `REALM_ATTRIBUTE` (`NAME`, `REALM_ID`, `VALUE`) VALUES ('_browser_header.contentSecurityPolicy','MyReam','frame-src \'self\'; frame-ancestors \'self\'; object-src \'none\';');
INSERT INTO `REALM_ATTRIBUTE` (`NAME`, `REALM_ID`, `VALUE`) VALUES ('_browser_header.contentSecurityPolicyReportOnly','3586be3d-c811-48bd-ac93-c1efbb056510','');
INSERT INTO `REALM_ATTRIBUTE` (`NAME`, `REALM_ID`, `VALUE`) VALUES ('_browser_header.contentSecurityPolicyReportOnly','MyReam','');
INSERT INTO `REALM_ATTRIBUTE` (`NAME`, `REALM_ID`, `VALUE`) VALUES ('_browser_header.strictTransportSecurity','3586be3d-c811-48bd-ac93-c1efbb056510','max-age=31536000; includeSubDomains');
INSERT INTO `REALM_ATTRIBUTE` (`NAME`, `REALM_ID`, `VALUE`) VALUES ('_browser_header.strictTransportSecurity','MyReam','max-age=31536000; includeSubDomains');
INSERT INTO `REALM_ATTRIBUTE` (`NAME`, `REALM_ID`, `VALUE`) VALUES ('_browser_header.xContentTypeOptions','3586be3d-c811-48bd-ac93-c1efbb056510','nosniff');
INSERT INTO `REALM_ATTRIBUTE` (`NAME`, `REALM_ID`, `VALUE`) VALUES ('_browser_header.xContentTypeOptions','MyReam','nosniff');
INSERT INTO `REALM_ATTRIBUTE` (`NAME`, `REALM_ID`, `VALUE`) VALUES ('_browser_header.xFrameOptions','3586be3d-c811-48bd-ac93-c1efbb056510','SAMEORIGIN');
INSERT INTO `REALM_ATTRIBUTE` (`NAME`, `REALM_ID`, `VALUE`) VALUES ('_browser_header.xFrameOptions','MyReam','SAMEORIGIN');
INSERT INTO `REALM_ATTRIBUTE` (`NAME`, `REALM_ID`, `VALUE`) VALUES ('_browser_header.xRobotsTag','3586be3d-c811-48bd-ac93-c1efbb056510','none');
INSERT INTO `REALM_ATTRIBUTE` (`NAME`, `REALM_ID`, `VALUE`) VALUES ('_browser_header.xRobotsTag','MyReam','none');
INSERT INTO `REALM_ATTRIBUTE` (`NAME`, `REALM_ID`, `VALUE`) VALUES ('_browser_header.xXSSProtection','3586be3d-c811-48bd-ac93-c1efbb056510','1; mode=block');
INSERT INTO `REALM_ATTRIBUTE` (`NAME`, `REALM_ID`, `VALUE`) VALUES ('_browser_header.xXSSProtection','MyReam','1; mode=block');
INSERT INTO `REALM_ATTRIBUTE` (`NAME`, `REALM_ID`, `VALUE`) VALUES ('actionTokenGeneratedByAdminLifespan','MyReam','43200');
INSERT INTO `REALM_ATTRIBUTE` (`NAME`, `REALM_ID`, `VALUE`) VALUES ('actionTokenGeneratedByUserLifespan','MyReam','300');
INSERT INTO `REALM_ATTRIBUTE` (`NAME`, `REALM_ID`, `VALUE`) VALUES ('bruteForceProtected','3586be3d-c811-48bd-ac93-c1efbb056510','false');
INSERT INTO `REALM_ATTRIBUTE` (`NAME`, `REALM_ID`, `VALUE`) VALUES ('bruteForceProtected','MyReam','false');
INSERT INTO `REALM_ATTRIBUTE` (`NAME`, `REALM_ID`, `VALUE`) VALUES ('cibaAuthRequestedUserHint','MyReam','login_hint');
INSERT INTO `REALM_ATTRIBUTE` (`NAME`, `REALM_ID`, `VALUE`) VALUES ('cibaBackchannelTokenDeliveryMode','MyReam','poll');
INSERT INTO `REALM_ATTRIBUTE` (`NAME`, `REALM_ID`, `VALUE`) VALUES ('cibaExpiresIn','MyReam','120');
INSERT INTO `REALM_ATTRIBUTE` (`NAME`, `REALM_ID`, `VALUE`) VALUES ('cibaInterval','MyReam','5');
INSERT INTO `REALM_ATTRIBUTE` (`NAME`, `REALM_ID`, `VALUE`) VALUES ('client-policies.policies','MyReam','{\"policies\":[]}');
INSERT INTO `REALM_ATTRIBUTE` (`NAME`, `REALM_ID`, `VALUE`) VALUES ('client-policies.profiles','MyReam','{\"profiles\":[]}');
INSERT INTO `REALM_ATTRIBUTE` (`NAME`, `REALM_ID`, `VALUE`) VALUES ('clientOfflineSessionIdleTimeout','MyReam','0');
INSERT INTO `REALM_ATTRIBUTE` (`NAME`, `REALM_ID`, `VALUE`) VALUES ('clientOfflineSessionMaxLifespan','MyReam','0');
INSERT INTO `REALM_ATTRIBUTE` (`NAME`, `REALM_ID`, `VALUE`) VALUES ('clientSessionIdleTimeout','MyReam','0');
INSERT INTO `REALM_ATTRIBUTE` (`NAME`, `REALM_ID`, `VALUE`) VALUES ('clientSessionMaxLifespan','MyReam','0');
INSERT INTO `REALM_ATTRIBUTE` (`NAME`, `REALM_ID`, `VALUE`) VALUES ('defaultSignatureAlgorithm','3586be3d-c811-48bd-ac93-c1efbb056510','RS256');
INSERT INTO `REALM_ATTRIBUTE` (`NAME`, `REALM_ID`, `VALUE`) VALUES ('defaultSignatureAlgorithm','MyReam','RS256');
INSERT INTO `REALM_ATTRIBUTE` (`NAME`, `REALM_ID`, `VALUE`) VALUES ('displayName','3586be3d-c811-48bd-ac93-c1efbb056510','Keycloak');
INSERT INTO `REALM_ATTRIBUTE` (`NAME`, `REALM_ID`, `VALUE`) VALUES ('displayNameHtml','3586be3d-c811-48bd-ac93-c1efbb056510','<div class=\"kc-logo-text\"><span>Keycloak</span></div>');
INSERT INTO `REALM_ATTRIBUTE` (`NAME`, `REALM_ID`, `VALUE`) VALUES ('failureFactor','3586be3d-c811-48bd-ac93-c1efbb056510','30');
INSERT INTO `REALM_ATTRIBUTE` (`NAME`, `REALM_ID`, `VALUE`) VALUES ('failureFactor','MyReam','30');
INSERT INTO `REALM_ATTRIBUTE` (`NAME`, `REALM_ID`, `VALUE`) VALUES ('maxDeltaTimeSeconds','3586be3d-c811-48bd-ac93-c1efbb056510','43200');
INSERT INTO `REALM_ATTRIBUTE` (`NAME`, `REALM_ID`, `VALUE`) VALUES ('maxDeltaTimeSeconds','MyReam','43200');
INSERT INTO `REALM_ATTRIBUTE` (`NAME`, `REALM_ID`, `VALUE`) VALUES ('maxFailureWaitSeconds','3586be3d-c811-48bd-ac93-c1efbb056510','900');
INSERT INTO `REALM_ATTRIBUTE` (`NAME`, `REALM_ID`, `VALUE`) VALUES ('maxFailureWaitSeconds','MyReam','900');
INSERT INTO `REALM_ATTRIBUTE` (`NAME`, `REALM_ID`, `VALUE`) VALUES ('minimumQuickLoginWaitSeconds','3586be3d-c811-48bd-ac93-c1efbb056510','60');
INSERT INTO `REALM_ATTRIBUTE` (`NAME`, `REALM_ID`, `VALUE`) VALUES ('minimumQuickLoginWaitSeconds','MyReam','60');
INSERT INTO `REALM_ATTRIBUTE` (`NAME`, `REALM_ID`, `VALUE`) VALUES ('oauth2DeviceCodeLifespan','MyReam','600');
INSERT INTO `REALM_ATTRIBUTE` (`NAME`, `REALM_ID`, `VALUE`) VALUES ('oauth2DevicePollingInterval','MyReam','5');
INSERT INTO `REALM_ATTRIBUTE` (`NAME`, `REALM_ID`, `VALUE`) VALUES ('offlineSessionMaxLifespan','3586be3d-c811-48bd-ac93-c1efbb056510','5184000');
INSERT INTO `REALM_ATTRIBUTE` (`NAME`, `REALM_ID`, `VALUE`) VALUES ('offlineSessionMaxLifespan','MyReam','5184000');
INSERT INTO `REALM_ATTRIBUTE` (`NAME`, `REALM_ID`, `VALUE`) VALUES ('offlineSessionMaxLifespanEnabled','3586be3d-c811-48bd-ac93-c1efbb056510','false');
INSERT INTO `REALM_ATTRIBUTE` (`NAME`, `REALM_ID`, `VALUE`) VALUES ('offlineSessionMaxLifespanEnabled','MyReam','false');
INSERT INTO `REALM_ATTRIBUTE` (`NAME`, `REALM_ID`, `VALUE`) VALUES ('parRequestUriLifespan','MyReam','60');
INSERT INTO `REALM_ATTRIBUTE` (`NAME`, `REALM_ID`, `VALUE`) VALUES ('permanentLockout','3586be3d-c811-48bd-ac93-c1efbb056510','false');
INSERT INTO `REALM_ATTRIBUTE` (`NAME`, `REALM_ID`, `VALUE`) VALUES ('permanentLockout','MyReam','false');
INSERT INTO `REALM_ATTRIBUTE` (`NAME`, `REALM_ID`, `VALUE`) VALUES ('quickLoginCheckMilliSeconds','3586be3d-c811-48bd-ac93-c1efbb056510','1000');
INSERT INTO `REALM_ATTRIBUTE` (`NAME`, `REALM_ID`, `VALUE`) VALUES ('quickLoginCheckMilliSeconds','MyReam','1000');
INSERT INTO `REALM_ATTRIBUTE` (`NAME`, `REALM_ID`, `VALUE`) VALUES ('userProfileEnabled','MyReam','false');
INSERT INTO `REALM_ATTRIBUTE` (`NAME`, `REALM_ID`, `VALUE`) VALUES ('waitIncrementSeconds','3586be3d-c811-48bd-ac93-c1efbb056510','60');
INSERT INTO `REALM_ATTRIBUTE` (`NAME`, `REALM_ID`, `VALUE`) VALUES ('waitIncrementSeconds','MyReam','60');
INSERT INTO `REALM_ATTRIBUTE` (`NAME`, `REALM_ID`, `VALUE`) VALUES ('webAuthnPolicyAttestationConveyancePreference','MyReam','not specified');
INSERT INTO `REALM_ATTRIBUTE` (`NAME`, `REALM_ID`, `VALUE`) VALUES ('webAuthnPolicyAttestationConveyancePreferencePasswordless','MyReam','not specified');
INSERT INTO `REALM_ATTRIBUTE` (`NAME`, `REALM_ID`, `VALUE`) VALUES ('webAuthnPolicyAuthenticatorAttachment','MyReam','not specified');
INSERT INTO `REALM_ATTRIBUTE` (`NAME`, `REALM_ID`, `VALUE`) VALUES ('webAuthnPolicyAuthenticatorAttachmentPasswordless','MyReam','not specified');
INSERT INTO `REALM_ATTRIBUTE` (`NAME`, `REALM_ID`, `VALUE`) VALUES ('webAuthnPolicyAvoidSameAuthenticatorRegister','MyReam','false');
INSERT INTO `REALM_ATTRIBUTE` (`NAME`, `REALM_ID`, `VALUE`) VALUES ('webAuthnPolicyAvoidSameAuthenticatorRegisterPasswordless','MyReam','false');
INSERT INTO `REALM_ATTRIBUTE` (`NAME`, `REALM_ID`, `VALUE`) VALUES ('webAuthnPolicyCreateTimeout','MyReam','0');
INSERT INTO `REALM_ATTRIBUTE` (`NAME`, `REALM_ID`, `VALUE`) VALUES ('webAuthnPolicyCreateTimeoutPasswordless','MyReam','0');
INSERT INTO `REALM_ATTRIBUTE` (`NAME`, `REALM_ID`, `VALUE`) VALUES ('webAuthnPolicyRequireResidentKey','MyReam','not specified');
INSERT INTO `REALM_ATTRIBUTE` (`NAME`, `REALM_ID`, `VALUE`) VALUES ('webAuthnPolicyRequireResidentKeyPasswordless','MyReam','not specified');
INSERT INTO `REALM_ATTRIBUTE` (`NAME`, `REALM_ID`, `VALUE`) VALUES ('webAuthnPolicyRpEntityName','MyReam','keycloak');
INSERT INTO `REALM_ATTRIBUTE` (`NAME`, `REALM_ID`, `VALUE`) VALUES ('webAuthnPolicyRpEntityNamePasswordless','MyReam','keycloak');
INSERT INTO `REALM_ATTRIBUTE` (`NAME`, `REALM_ID`, `VALUE`) VALUES ('webAuthnPolicyRpId','MyReam','');
INSERT INTO `REALM_ATTRIBUTE` (`NAME`, `REALM_ID`, `VALUE`) VALUES ('webAuthnPolicyRpIdPasswordless','MyReam','');
INSERT INTO `REALM_ATTRIBUTE` (`NAME`, `REALM_ID`, `VALUE`) VALUES ('webAuthnPolicySignatureAlgorithms','MyReam','ES256');
INSERT INTO `REALM_ATTRIBUTE` (`NAME`, `REALM_ID`, `VALUE`) VALUES ('webAuthnPolicySignatureAlgorithmsPasswordless','MyReam','ES256');
INSERT INTO `REALM_ATTRIBUTE` (`NAME`, `REALM_ID`, `VALUE`) VALUES ('webAuthnPolicyUserVerificationRequirement','MyReam','not specified');
INSERT INTO `REALM_ATTRIBUTE` (`NAME`, `REALM_ID`, `VALUE`) VALUES ('webAuthnPolicyUserVerificationRequirementPasswordless','MyReam','not specified');
/*!40000 ALTER TABLE `REALM_ATTRIBUTE` ENABLE KEYS */;
UNLOCK TABLES;

--
-- Table structure for table `REALM_DEFAULT_GROUPS`
--

DROP TABLE IF EXISTS `REALM_DEFAULT_GROUPS`;
/*!40101 SET @saved_cs_client     = @@character_set_client */;
 SET character_set_client = utf8mb4 ;
CREATE TABLE `REALM_DEFAULT_GROUPS` (
  `REALM_ID` varchar(36) CHARACTER SET utf8mb4 COLLATE utf8mb4_unicode_ci NOT NULL,
  `GROUP_ID` varchar(36) CHARACTER SET utf8mb4 COLLATE utf8mb4_unicode_ci NOT NULL,
  PRIMARY KEY (`REALM_ID`,`GROUP_ID`),
  UNIQUE KEY `CON_GROUP_ID_DEF_GROUPS` (`GROUP_ID`),
  KEY `IDX_REALM_DEF_GRP_REALM` (`REALM_ID`),
  CONSTRAINT `FK_DEF_GROUPS_REALM` FOREIGN KEY (`REALM_ID`) REFERENCES `REALM` (`ID`)
) ENGINE=InnoDB DEFAULT CHARSET=utf8mb4 COLLATE=utf8mb4_unicode_ci;
/*!40101 SET character_set_client = @saved_cs_client */;

--
-- Dumping data for table `REALM_DEFAULT_GROUPS`
--

LOCK TABLES `REALM_DEFAULT_GROUPS` WRITE;
/*!40000 ALTER TABLE `REALM_DEFAULT_GROUPS` DISABLE KEYS */;
/*!40000 ALTER TABLE `REALM_DEFAULT_GROUPS` ENABLE KEYS */;
UNLOCK TABLES;

--
-- Table structure for table `REALM_ENABLED_EVENT_TYPES`
--

DROP TABLE IF EXISTS `REALM_ENABLED_EVENT_TYPES`;
/*!40101 SET @saved_cs_client     = @@character_set_client */;
 SET character_set_client = utf8mb4 ;
CREATE TABLE `REALM_ENABLED_EVENT_TYPES` (
  `REALM_ID` varchar(36) CHARACTER SET utf8mb4 COLLATE utf8mb4_unicode_ci NOT NULL,
  `VALUE` varchar(255) CHARACTER SET utf8mb4 COLLATE utf8mb4_unicode_ci NOT NULL,
  PRIMARY KEY (`REALM_ID`,`VALUE`),
  KEY `IDX_REALM_EVT_TYPES_REALM` (`REALM_ID`),
  CONSTRAINT `FK_H846O4H0W8EPX5NWEDRF5Y69J` FOREIGN KEY (`REALM_ID`) REFERENCES `REALM` (`ID`)
) ENGINE=InnoDB DEFAULT CHARSET=utf8mb4 COLLATE=utf8mb4_unicode_ci;
/*!40101 SET character_set_client = @saved_cs_client */;

--
-- Dumping data for table `REALM_ENABLED_EVENT_TYPES`
--

LOCK TABLES `REALM_ENABLED_EVENT_TYPES` WRITE;
/*!40000 ALTER TABLE `REALM_ENABLED_EVENT_TYPES` DISABLE KEYS */;
/*!40000 ALTER TABLE `REALM_ENABLED_EVENT_TYPES` ENABLE KEYS */;
UNLOCK TABLES;

--
-- Table structure for table `REALM_EVENTS_LISTENERS`
--

DROP TABLE IF EXISTS `REALM_EVENTS_LISTENERS`;
/*!40101 SET @saved_cs_client     = @@character_set_client */;
 SET character_set_client = utf8mb4 ;
CREATE TABLE `REALM_EVENTS_LISTENERS` (
  `REALM_ID` varchar(36) CHARACTER SET utf8mb4 COLLATE utf8mb4_unicode_ci NOT NULL,
  `VALUE` varchar(255) CHARACTER SET utf8mb4 COLLATE utf8mb4_unicode_ci NOT NULL,
  PRIMARY KEY (`REALM_ID`,`VALUE`),
  KEY `IDX_REALM_EVT_LIST_REALM` (`REALM_ID`),
  CONSTRAINT `FK_H846O4H0W8EPX5NXEV9F5Y69J` FOREIGN KEY (`REALM_ID`) REFERENCES `REALM` (`ID`)
) ENGINE=InnoDB DEFAULT CHARSET=utf8mb4 COLLATE=utf8mb4_unicode_ci;
/*!40101 SET character_set_client = @saved_cs_client */;

--
-- Dumping data for table `REALM_EVENTS_LISTENERS`
--

LOCK TABLES `REALM_EVENTS_LISTENERS` WRITE;
/*!40000 ALTER TABLE `REALM_EVENTS_LISTENERS` DISABLE KEYS */;
INSERT INTO `REALM_EVENTS_LISTENERS` (`REALM_ID`, `VALUE`) VALUES ('3586be3d-c811-48bd-ac93-c1efbb056510','jboss-logging');
INSERT INTO `REALM_EVENTS_LISTENERS` (`REALM_ID`, `VALUE`) VALUES ('MyReam','jboss-logging');
/*!40000 ALTER TABLE `REALM_EVENTS_LISTENERS` ENABLE KEYS */;
UNLOCK TABLES;

--
-- Table structure for table `REALM_LOCALIZATIONS`
--

DROP TABLE IF EXISTS `REALM_LOCALIZATIONS`;
/*!40101 SET @saved_cs_client     = @@character_set_client */;
 SET character_set_client = utf8mb4 ;
CREATE TABLE `REALM_LOCALIZATIONS` (
  `REALM_ID` varchar(255) CHARACTER SET utf8mb4 COLLATE utf8mb4_unicode_ci NOT NULL,
  `LOCALE` varchar(255) CHARACTER SET utf8mb4 COLLATE utf8mb4_unicode_ci NOT NULL,
  `TEXTS` longtext CHARACTER SET utf8mb3 COLLATE utf8mb3_general_ci NOT NULL,
  PRIMARY KEY (`REALM_ID`,`LOCALE`)
) ENGINE=InnoDB DEFAULT CHARSET=utf8mb4 COLLATE=utf8mb4_unicode_ci;
/*!40101 SET character_set_client = @saved_cs_client */;

--
-- Dumping data for table `REALM_LOCALIZATIONS`
--

LOCK TABLES `REALM_LOCALIZATIONS` WRITE;
/*!40000 ALTER TABLE `REALM_LOCALIZATIONS` DISABLE KEYS */;
/*!40000 ALTER TABLE `REALM_LOCALIZATIONS` ENABLE KEYS */;
UNLOCK TABLES;

--
-- Table structure for table `REALM_REQUIRED_CREDENTIAL`
--

DROP TABLE IF EXISTS `REALM_REQUIRED_CREDENTIAL`;
/*!40101 SET @saved_cs_client     = @@character_set_client */;
 SET character_set_client = utf8mb4 ;
CREATE TABLE `REALM_REQUIRED_CREDENTIAL` (
  `TYPE` varchar(255) CHARACTER SET utf8mb4 COLLATE utf8mb4_unicode_ci NOT NULL,
  `FORM_LABEL` varchar(255) CHARACTER SET utf8mb4 COLLATE utf8mb4_unicode_ci DEFAULT NULL,
  `INPUT` bit(1) NOT NULL DEFAULT b'0',
  `SECRET` bit(1) NOT NULL DEFAULT b'0',
  `REALM_ID` varchar(36) CHARACTER SET utf8mb4 COLLATE utf8mb4_unicode_ci NOT NULL,
  PRIMARY KEY (`REALM_ID`,`TYPE`),
  CONSTRAINT `FK_5HG65LYBEVAVKQFKI3KPONH9V` FOREIGN KEY (`REALM_ID`) REFERENCES `REALM` (`ID`)
) ENGINE=InnoDB DEFAULT CHARSET=utf8mb4 COLLATE=utf8mb4_unicode_ci;
/*!40101 SET character_set_client = @saved_cs_client */;

--
-- Dumping data for table `REALM_REQUIRED_CREDENTIAL`
--

LOCK TABLES `REALM_REQUIRED_CREDENTIAL` WRITE;
/*!40000 ALTER TABLE `REALM_REQUIRED_CREDENTIAL` DISABLE KEYS */;
INSERT INTO `REALM_REQUIRED_CREDENTIAL` (`TYPE`, `FORM_LABEL`, `INPUT`, `SECRET`, `REALM_ID`) VALUES ('password','password',_binary '',_binary '','3586be3d-c811-48bd-ac93-c1efbb056510');
INSERT INTO `REALM_REQUIRED_CREDENTIAL` (`TYPE`, `FORM_LABEL`, `INPUT`, `SECRET`, `REALM_ID`) VALUES ('password','password',_binary '',_binary '','MyReam');
/*!40000 ALTER TABLE `REALM_REQUIRED_CREDENTIAL` ENABLE KEYS */;
UNLOCK TABLES;

--
-- Table structure for table `REALM_SMTP_CONFIG`
--

DROP TABLE IF EXISTS `REALM_SMTP_CONFIG`;
/*!40101 SET @saved_cs_client     = @@character_set_client */;
 SET character_set_client = utf8mb4 ;
CREATE TABLE `REALM_SMTP_CONFIG` (
  `REALM_ID` varchar(36) CHARACTER SET utf8mb4 COLLATE utf8mb4_unicode_ci NOT NULL,
  `VALUE` varchar(255) CHARACTER SET utf8mb4 COLLATE utf8mb4_unicode_ci DEFAULT NULL,
  `NAME` varchar(255) CHARACTER SET utf8mb4 COLLATE utf8mb4_unicode_ci NOT NULL,
  PRIMARY KEY (`REALM_ID`,`NAME`),
  CONSTRAINT `FK_70EJ8XDXGXD0B9HH6180IRR0O` FOREIGN KEY (`REALM_ID`) REFERENCES `REALM` (`ID`)
) ENGINE=InnoDB DEFAULT CHARSET=utf8mb4 COLLATE=utf8mb4_unicode_ci;
/*!40101 SET character_set_client = @saved_cs_client */;

--
-- Dumping data for table `REALM_SMTP_CONFIG`
--

LOCK TABLES `REALM_SMTP_CONFIG` WRITE;
/*!40000 ALTER TABLE `REALM_SMTP_CONFIG` DISABLE KEYS */;
/*!40000 ALTER TABLE `REALM_SMTP_CONFIG` ENABLE KEYS */;
UNLOCK TABLES;

--
-- Table structure for table `REALM_SUPPORTED_LOCALES`
--

DROP TABLE IF EXISTS `REALM_SUPPORTED_LOCALES`;
/*!40101 SET @saved_cs_client     = @@character_set_client */;
 SET character_set_client = utf8mb4 ;
CREATE TABLE `REALM_SUPPORTED_LOCALES` (
  `REALM_ID` varchar(36) CHARACTER SET utf8mb4 COLLATE utf8mb4_unicode_ci NOT NULL,
  `VALUE` varchar(255) CHARACTER SET utf8mb4 COLLATE utf8mb4_unicode_ci NOT NULL,
  PRIMARY KEY (`REALM_ID`,`VALUE`),
  KEY `IDX_REALM_SUPP_LOCAL_REALM` (`REALM_ID`),
  CONSTRAINT `FK_SUPPORTED_LOCALES_REALM` FOREIGN KEY (`REALM_ID`) REFERENCES `REALM` (`ID`)
) ENGINE=InnoDB DEFAULT CHARSET=utf8mb4 COLLATE=utf8mb4_unicode_ci;
/*!40101 SET character_set_client = @saved_cs_client */;

--
-- Dumping data for table `REALM_SUPPORTED_LOCALES`
--

LOCK TABLES `REALM_SUPPORTED_LOCALES` WRITE;
/*!40000 ALTER TABLE `REALM_SUPPORTED_LOCALES` DISABLE KEYS */;
/*!40000 ALTER TABLE `REALM_SUPPORTED_LOCALES` ENABLE KEYS */;
UNLOCK TABLES;

--
-- Table structure for table `REDIRECT_URIS`
--

DROP TABLE IF EXISTS `REDIRECT_URIS`;
/*!40101 SET @saved_cs_client     = @@character_set_client */;
 SET character_set_client = utf8mb4 ;
CREATE TABLE `REDIRECT_URIS` (
  `CLIENT_ID` varchar(36) CHARACTER SET utf8mb4 COLLATE utf8mb4_unicode_ci NOT NULL,
  `VALUE` varchar(255) CHARACTER SET utf8mb4 COLLATE utf8mb4_unicode_ci NOT NULL,
  PRIMARY KEY (`CLIENT_ID`,`VALUE`),
  KEY `IDX_REDIR_URI_CLIENT` (`CLIENT_ID`),
  CONSTRAINT `FK_1BURS8PB4OUJ97H5WUPPAHV9F` FOREIGN KEY (`CLIENT_ID`) REFERENCES `CLIENT` (`ID`)
) ENGINE=InnoDB DEFAULT CHARSET=utf8mb4 COLLATE=utf8mb4_unicode_ci;
/*!40101 SET character_set_client = @saved_cs_client */;

--
-- Dumping data for table `REDIRECT_URIS`
--

LOCK TABLES `REDIRECT_URIS` WRITE;
/*!40000 ALTER TABLE `REDIRECT_URIS` DISABLE KEYS */;
INSERT INTO `REDIRECT_URIS` (`CLIENT_ID`, `VALUE`) VALUES ('3d37f65d-2671-40d6-833c-86719b0b570b','/admin/master/console/*');
INSERT INTO `REDIRECT_URIS` (`CLIENT_ID`, `VALUE`) VALUES ('50737d84-bdf6-4907-a0d9-69ef6f4f37e5','/realms/myRealm/account/*');
INSERT INTO `REDIRECT_URIS` (`CLIENT_ID`, `VALUE`) VALUES ('79895191-784f-4230-9f7a-9fcc5b935f0d','/realms/master/account/*');
INSERT INTO `REDIRECT_URIS` (`CLIENT_ID`, `VALUE`) VALUES ('cbb63608-b314-4ca0-90a4-202d5098305c','/realms/MyReam/account/*');
INSERT INTO `REDIRECT_URIS` (`CLIENT_ID`, `VALUE`) VALUES ('e901bea2-3dc1-4bd3-9e18-5a94341b1f48','/admin/myRealm/console/*');
INSERT INTO `REDIRECT_URIS` (`CLIENT_ID`, `VALUE`) VALUES ('fe427f3d-7f22-4a58-8a07-b5af38a480a3','/realms/master/account/*');
/*!40000 ALTER TABLE `REDIRECT_URIS` ENABLE KEYS */;
UNLOCK TABLES;

--
-- Table structure for table `REQUIRED_ACTION_CONFIG`
--

DROP TABLE IF EXISTS `REQUIRED_ACTION_CONFIG`;
/*!40101 SET @saved_cs_client     = @@character_set_client */;
 SET character_set_client = utf8mb4 ;
CREATE TABLE `REQUIRED_ACTION_CONFIG` (
  `REQUIRED_ACTION_ID` varchar(36) CHARACTER SET utf8mb4 COLLATE utf8mb4_unicode_ci NOT NULL,
  `VALUE` longtext CHARACTER SET utf8mb4 COLLATE utf8mb4_unicode_ci,
  `NAME` varchar(255) CHARACTER SET utf8mb4 COLLATE utf8mb4_unicode_ci NOT NULL,
  PRIMARY KEY (`REQUIRED_ACTION_ID`,`NAME`)
) ENGINE=InnoDB DEFAULT CHARSET=utf8mb4 COLLATE=utf8mb4_unicode_ci;
/*!40101 SET character_set_client = @saved_cs_client */;

--
-- Dumping data for table `REQUIRED_ACTION_CONFIG`
--

LOCK TABLES `REQUIRED_ACTION_CONFIG` WRITE;
/*!40000 ALTER TABLE `REQUIRED_ACTION_CONFIG` DISABLE KEYS */;
/*!40000 ALTER TABLE `REQUIRED_ACTION_CONFIG` ENABLE KEYS */;
UNLOCK TABLES;

--
-- Table structure for table `REQUIRED_ACTION_PROVIDER`
--

DROP TABLE IF EXISTS `REQUIRED_ACTION_PROVIDER`;
/*!40101 SET @saved_cs_client     = @@character_set_client */;
 SET character_set_client = utf8mb4 ;
CREATE TABLE `REQUIRED_ACTION_PROVIDER` (
  `ID` varchar(36) CHARACTER SET utf8mb4 COLLATE utf8mb4_unicode_ci NOT NULL,
  `ALIAS` varchar(255) CHARACTER SET utf8mb4 COLLATE utf8mb4_unicode_ci DEFAULT NULL,
  `NAME` varchar(255) CHARACTER SET utf8mb4 COLLATE utf8mb4_unicode_ci DEFAULT NULL,
  `REALM_ID` varchar(36) CHARACTER SET utf8mb4 COLLATE utf8mb4_unicode_ci DEFAULT NULL,
  `ENABLED` bit(1) NOT NULL DEFAULT b'0',
  `DEFAULT_ACTION` bit(1) NOT NULL DEFAULT b'0',
  `PROVIDER_ID` varchar(255) CHARACTER SET utf8mb4 COLLATE utf8mb4_unicode_ci DEFAULT NULL,
  `PRIORITY` int DEFAULT NULL,
  PRIMARY KEY (`ID`),
  KEY `IDX_REQ_ACT_PROV_REALM` (`REALM_ID`),
  CONSTRAINT `FK_REQ_ACT_REALM` FOREIGN KEY (`REALM_ID`) REFERENCES `REALM` (`ID`)
) ENGINE=InnoDB DEFAULT CHARSET=utf8mb4 COLLATE=utf8mb4_unicode_ci;
/*!40101 SET character_set_client = @saved_cs_client */;

--
-- Dumping data for table `REQUIRED_ACTION_PROVIDER`
--

LOCK TABLES `REQUIRED_ACTION_PROVIDER` WRITE;
/*!40000 ALTER TABLE `REQUIRED_ACTION_PROVIDER` DISABLE KEYS */;
INSERT INTO `REQUIRED_ACTION_PROVIDER` (`ID`, `ALIAS`, `NAME`, `REALM_ID`, `ENABLED`, `DEFAULT_ACTION`, `PROVIDER_ID`, `PRIORITY`) VALUES ('0667c0f7-0732-47db-b6c8-65dd6d00a318','terms_and_conditions','Terms and Conditions','3586be3d-c811-48bd-ac93-c1efbb056510',_binary '\0',_binary '\0','terms_and_conditions',20);
INSERT INTO `REQUIRED_ACTION_PROVIDER` (`ID`, `ALIAS`, `NAME`, `REALM_ID`, `ENABLED`, `DEFAULT_ACTION`, `PROVIDER_ID`, `PRIORITY`) VALUES ('12c7a288-00fe-4ba3-858d-b2f9114ee4d5','terms_and_conditions','Terms and Conditions','MyReam',_binary '\0',_binary '\0','terms_and_conditions',20);
INSERT INTO `REQUIRED_ACTION_PROVIDER` (`ID`, `ALIAS`, `NAME`, `REALM_ID`, `ENABLED`, `DEFAULT_ACTION`, `PROVIDER_ID`, `PRIORITY`) VALUES ('14717628-639e-4c04-9935-3fac3f7f17a5','CONFIGURE_TOTP','Configure OTP','3586be3d-c811-48bd-ac93-c1efbb056510',_binary '',_binary '\0','CONFIGURE_TOTP',10);
INSERT INTO `REQUIRED_ACTION_PROVIDER` (`ID`, `ALIAS`, `NAME`, `REALM_ID`, `ENABLED`, `DEFAULT_ACTION`, `PROVIDER_ID`, `PRIORITY`) VALUES ('26d037d5-4a19-481f-a0ce-49b875bd213b','UPDATE_PROFILE','Update Profile','MyReam',_binary '',_binary '\0','UPDATE_PROFILE',40);
INSERT INTO `REQUIRED_ACTION_PROVIDER` (`ID`, `ALIAS`, `NAME`, `REALM_ID`, `ENABLED`, `DEFAULT_ACTION`, `PROVIDER_ID`, `PRIORITY`) VALUES ('392356cb-b44b-450d-9df9-a95f7bff510d','update_user_locale','Update User Locale','MyReam',_binary '',_binary '\0','update_user_locale',1000);
INSERT INTO `REQUIRED_ACTION_PROVIDER` (`ID`, `ALIAS`, `NAME`, `REALM_ID`, `ENABLED`, `DEFAULT_ACTION`, `PROVIDER_ID`, `PRIORITY`) VALUES ('5a4edf1c-928d-47a5-994d-ed84ba623149','delete_account','Delete Account','MyReam',_binary '\0',_binary '\0','delete_account',60);
INSERT INTO `REQUIRED_ACTION_PROVIDER` (`ID`, `ALIAS`, `NAME`, `REALM_ID`, `ENABLED`, `DEFAULT_ACTION`, `PROVIDER_ID`, `PRIORITY`) VALUES ('63059780-c54b-46ba-af1a-fb0547438258','UPDATE_PASSWORD','Update Password','MyReam',_binary '',_binary '\0','UPDATE_PASSWORD',30);
INSERT INTO `REQUIRED_ACTION_PROVIDER` (`ID`, `ALIAS`, `NAME`, `REALM_ID`, `ENABLED`, `DEFAULT_ACTION`, `PROVIDER_ID`, `PRIORITY`) VALUES ('6412ab5a-8d38-47ef-a1f4-d99e42e79a9b','delete_account','Delete Account','3586be3d-c811-48bd-ac93-c1efbb056510',_binary '\0',_binary '\0','delete_account',60);
INSERT INTO `REQUIRED_ACTION_PROVIDER` (`ID`, `ALIAS`, `NAME`, `REALM_ID`, `ENABLED`, `DEFAULT_ACTION`, `PROVIDER_ID`, `PRIORITY`) VALUES ('81ba8de2-08f6-4a1b-8d77-29d9d9f1f160','UPDATE_PASSWORD','Update Password','3586be3d-c811-48bd-ac93-c1efbb056510',_binary '',_binary '\0','UPDATE_PASSWORD',30);
INSERT INTO `REQUIRED_ACTION_PROVIDER` (`ID`, `ALIAS`, `NAME`, `REALM_ID`, `ENABLED`, `DEFAULT_ACTION`, `PROVIDER_ID`, `PRIORITY`) VALUES ('8e6cfb7c-bdad-4140-986d-844022505a49','update_user_locale','Update User Locale','3586be3d-c811-48bd-ac93-c1efbb056510',_binary '',_binary '\0','update_user_locale',1000);
INSERT INTO `REQUIRED_ACTION_PROVIDER` (`ID`, `ALIAS`, `NAME`, `REALM_ID`, `ENABLED`, `DEFAULT_ACTION`, `PROVIDER_ID`, `PRIORITY`) VALUES ('a6506bec-ae98-4702-9a4f-f9a60f47e613','UPDATE_PROFILE','Update Profile','3586be3d-c811-48bd-ac93-c1efbb056510',_binary '',_binary '\0','UPDATE_PROFILE',40);
INSERT INTO `REQUIRED_ACTION_PROVIDER` (`ID`, `ALIAS`, `NAME`, `REALM_ID`, `ENABLED`, `DEFAULT_ACTION`, `PROVIDER_ID`, `PRIORITY`) VALUES ('bc16e59b-f4f1-4e7f-9168-7ec6deb9596d','VERIFY_EMAIL','Verify Email','MyReam',_binary '',_binary '\0','VERIFY_EMAIL',50);
INSERT INTO `REQUIRED_ACTION_PROVIDER` (`ID`, `ALIAS`, `NAME`, `REALM_ID`, `ENABLED`, `DEFAULT_ACTION`, `PROVIDER_ID`, `PRIORITY`) VALUES ('d12cec82-094f-42dc-8a6c-0b2bf85bf502','CONFIGURE_TOTP','Configure OTP','MyReam',_binary '',_binary '\0','CONFIGURE_TOTP',10);
INSERT INTO `REQUIRED_ACTION_PROVIDER` (`ID`, `ALIAS`, `NAME`, `REALM_ID`, `ENABLED`, `DEFAULT_ACTION`, `PROVIDER_ID`, `PRIORITY`) VALUES ('f678134c-da42-4c83-a61b-194c16a081a9','VERIFY_EMAIL','Verify Email','3586be3d-c811-48bd-ac93-c1efbb056510',_binary '',_binary '\0','VERIFY_EMAIL',50);
/*!40000 ALTER TABLE `REQUIRED_ACTION_PROVIDER` ENABLE KEYS */;
UNLOCK TABLES;

--
-- Table structure for table `RESOURCE_ATTRIBUTE`
--

DROP TABLE IF EXISTS `RESOURCE_ATTRIBUTE`;
/*!40101 SET @saved_cs_client     = @@character_set_client */;
 SET character_set_client = utf8mb4 ;
CREATE TABLE `RESOURCE_ATTRIBUTE` (
  `ID` varchar(36) CHARACTER SET utf8mb4 COLLATE utf8mb4_unicode_ci NOT NULL DEFAULT 'sybase-needs-something-here',
  `NAME` varchar(255) CHARACTER SET utf8mb4 COLLATE utf8mb4_unicode_ci NOT NULL,
  `VALUE` varchar(255) CHARACTER SET utf8mb4 COLLATE utf8mb4_unicode_ci DEFAULT NULL,
  `RESOURCE_ID` varchar(36) CHARACTER SET utf8mb4 COLLATE utf8mb4_unicode_ci NOT NULL,
  PRIMARY KEY (`ID`),
  KEY `FK_5HRM2VLF9QL5FU022KQEPOVBR` (`RESOURCE_ID`),
  CONSTRAINT `FK_5HRM2VLF9QL5FU022KQEPOVBR` FOREIGN KEY (`RESOURCE_ID`) REFERENCES `RESOURCE_SERVER_RESOURCE` (`ID`)
) ENGINE=InnoDB DEFAULT CHARSET=utf8mb4 COLLATE=utf8mb4_unicode_ci;
/*!40101 SET character_set_client = @saved_cs_client */;

--
-- Dumping data for table `RESOURCE_ATTRIBUTE`
--

LOCK TABLES `RESOURCE_ATTRIBUTE` WRITE;
/*!40000 ALTER TABLE `RESOURCE_ATTRIBUTE` DISABLE KEYS */;
/*!40000 ALTER TABLE `RESOURCE_ATTRIBUTE` ENABLE KEYS */;
UNLOCK TABLES;

--
-- Table structure for table `RESOURCE_POLICY`
--

DROP TABLE IF EXISTS `RESOURCE_POLICY`;
/*!40101 SET @saved_cs_client     = @@character_set_client */;
 SET character_set_client = utf8mb4 ;
CREATE TABLE `RESOURCE_POLICY` (
  `RESOURCE_ID` varchar(36) CHARACTER SET utf8mb4 COLLATE utf8mb4_unicode_ci NOT NULL,
  `POLICY_ID` varchar(36) CHARACTER SET utf8mb4 COLLATE utf8mb4_unicode_ci NOT NULL,
  PRIMARY KEY (`RESOURCE_ID`,`POLICY_ID`),
  KEY `IDX_RES_POLICY_POLICY` (`POLICY_ID`),
  CONSTRAINT `FK_FRSRPOS53XCX4WNKOG82SSRFY` FOREIGN KEY (`RESOURCE_ID`) REFERENCES `RESOURCE_SERVER_RESOURCE` (`ID`),
  CONSTRAINT `FK_FRSRPP213XCX4WNKOG82SSRFY` FOREIGN KEY (`POLICY_ID`) REFERENCES `RESOURCE_SERVER_POLICY` (`ID`)
) ENGINE=InnoDB DEFAULT CHARSET=utf8mb4 COLLATE=utf8mb4_unicode_ci;
/*!40101 SET character_set_client = @saved_cs_client */;

--
-- Dumping data for table `RESOURCE_POLICY`
--

LOCK TABLES `RESOURCE_POLICY` WRITE;
/*!40000 ALTER TABLE `RESOURCE_POLICY` DISABLE KEYS */;
/*!40000 ALTER TABLE `RESOURCE_POLICY` ENABLE KEYS */;
UNLOCK TABLES;

--
-- Table structure for table `RESOURCE_SCOPE`
--

DROP TABLE IF EXISTS `RESOURCE_SCOPE`;
/*!40101 SET @saved_cs_client     = @@character_set_client */;
 SET character_set_client = utf8mb4 ;
CREATE TABLE `RESOURCE_SCOPE` (
  `RESOURCE_ID` varchar(36) CHARACTER SET utf8mb4 COLLATE utf8mb4_unicode_ci NOT NULL,
  `SCOPE_ID` varchar(36) CHARACTER SET utf8mb4 COLLATE utf8mb4_unicode_ci NOT NULL,
  PRIMARY KEY (`RESOURCE_ID`,`SCOPE_ID`),
  KEY `IDX_RES_SCOPE_SCOPE` (`SCOPE_ID`),
  CONSTRAINT `FK_FRSRPOS13XCX4WNKOG82SSRFY` FOREIGN KEY (`RESOURCE_ID`) REFERENCES `RESOURCE_SERVER_RESOURCE` (`ID`),
  CONSTRAINT `FK_FRSRPS213XCX4WNKOG82SSRFY` FOREIGN KEY (`SCOPE_ID`) REFERENCES `RESOURCE_SERVER_SCOPE` (`ID`)
) ENGINE=InnoDB DEFAULT CHARSET=utf8mb4 COLLATE=utf8mb4_unicode_ci;
/*!40101 SET character_set_client = @saved_cs_client */;

--
-- Dumping data for table `RESOURCE_SCOPE`
--

LOCK TABLES `RESOURCE_SCOPE` WRITE;
/*!40000 ALTER TABLE `RESOURCE_SCOPE` DISABLE KEYS */;
/*!40000 ALTER TABLE `RESOURCE_SCOPE` ENABLE KEYS */;
UNLOCK TABLES;

--
-- Table structure for table `RESOURCE_SERVER`
--

DROP TABLE IF EXISTS `RESOURCE_SERVER`;
/*!40101 SET @saved_cs_client     = @@character_set_client */;
 SET character_set_client = utf8mb4 ;
CREATE TABLE `RESOURCE_SERVER` (
  `ID` varchar(36) CHARACTER SET utf8mb4 COLLATE utf8mb4_unicode_ci NOT NULL,
  `ALLOW_RS_REMOTE_MGMT` bit(1) NOT NULL DEFAULT b'0',
  `POLICY_ENFORCE_MODE` varchar(15) CHARACTER SET utf8mb4 COLLATE utf8mb4_unicode_ci NOT NULL,
  `DECISION_STRATEGY` tinyint NOT NULL DEFAULT '1',
  PRIMARY KEY (`ID`)
) ENGINE=InnoDB DEFAULT CHARSET=utf8mb4 COLLATE=utf8mb4_unicode_ci;
/*!40101 SET character_set_client = @saved_cs_client */;

--
-- Dumping data for table `RESOURCE_SERVER`
--

LOCK TABLES `RESOURCE_SERVER` WRITE;
/*!40000 ALTER TABLE `RESOURCE_SERVER` DISABLE KEYS */;
/*!40000 ALTER TABLE `RESOURCE_SERVER` ENABLE KEYS */;
UNLOCK TABLES;

--
-- Table structure for table `RESOURCE_SERVER_PERM_TICKET`
--

DROP TABLE IF EXISTS `RESOURCE_SERVER_PERM_TICKET`;
/*!40101 SET @saved_cs_client     = @@character_set_client */;
 SET character_set_client = utf8mb4 ;
CREATE TABLE `RESOURCE_SERVER_PERM_TICKET` (
  `ID` varchar(36) CHARACTER SET utf8mb4 COLLATE utf8mb4_unicode_ci NOT NULL,
  `OWNER` varchar(255) CHARACTER SET utf8mb4 COLLATE utf8mb4_unicode_ci DEFAULT NULL,
  `REQUESTER` varchar(255) CHARACTER SET utf8mb4 COLLATE utf8mb4_unicode_ci DEFAULT NULL,
  `CREATED_TIMESTAMP` bigint NOT NULL,
  `GRANTED_TIMESTAMP` bigint DEFAULT NULL,
  `RESOURCE_ID` varchar(36) CHARACTER SET utf8mb4 COLLATE utf8mb4_unicode_ci NOT NULL,
  `SCOPE_ID` varchar(36) CHARACTER SET utf8mb4 COLLATE utf8mb4_unicode_ci DEFAULT NULL,
  `RESOURCE_SERVER_ID` varchar(36) CHARACTER SET utf8mb4 COLLATE utf8mb4_unicode_ci NOT NULL,
  `POLICY_ID` varchar(36) CHARACTER SET utf8mb4 COLLATE utf8mb4_unicode_ci DEFAULT NULL,
  PRIMARY KEY (`ID`),
  UNIQUE KEY `UK_FRSR6T700S9V50BU18WS5PMT` (`OWNER`,`REQUESTER`,`RESOURCE_SERVER_ID`,`RESOURCE_ID`,`SCOPE_ID`),
  KEY `FK_FRSRHO213XCX4WNKOG82SSPMT` (`RESOURCE_SERVER_ID`),
  KEY `FK_FRSRHO213XCX4WNKOG83SSPMT` (`RESOURCE_ID`),
  KEY `FK_FRSRHO213XCX4WNKOG84SSPMT` (`SCOPE_ID`),
  KEY `FK_FRSRPO2128CX4WNKOG82SSRFY` (`POLICY_ID`),
  CONSTRAINT `FK_FRSRHO213XCX4WNKOG82SSPMT` FOREIGN KEY (`RESOURCE_SERVER_ID`) REFERENCES `RESOURCE_SERVER` (`ID`),
  CONSTRAINT `FK_FRSRHO213XCX4WNKOG83SSPMT` FOREIGN KEY (`RESOURCE_ID`) REFERENCES `RESOURCE_SERVER_RESOURCE` (`ID`),
  CONSTRAINT `FK_FRSRHO213XCX4WNKOG84SSPMT` FOREIGN KEY (`SCOPE_ID`) REFERENCES `RESOURCE_SERVER_SCOPE` (`ID`),
  CONSTRAINT `FK_FRSRPO2128CX4WNKOG82SSRFY` FOREIGN KEY (`POLICY_ID`) REFERENCES `RESOURCE_SERVER_POLICY` (`ID`)
) ENGINE=InnoDB DEFAULT CHARSET=utf8mb4 COLLATE=utf8mb4_unicode_ci;
/*!40101 SET character_set_client = @saved_cs_client */;

--
-- Dumping data for table `RESOURCE_SERVER_PERM_TICKET`
--

LOCK TABLES `RESOURCE_SERVER_PERM_TICKET` WRITE;
/*!40000 ALTER TABLE `RESOURCE_SERVER_PERM_TICKET` DISABLE KEYS */;
/*!40000 ALTER TABLE `RESOURCE_SERVER_PERM_TICKET` ENABLE KEYS */;
UNLOCK TABLES;

--
-- Table structure for table `RESOURCE_SERVER_POLICY`
--

DROP TABLE IF EXISTS `RESOURCE_SERVER_POLICY`;
/*!40101 SET @saved_cs_client     = @@character_set_client */;
 SET character_set_client = utf8mb4 ;
CREATE TABLE `RESOURCE_SERVER_POLICY` (
  `ID` varchar(36) CHARACTER SET utf8mb4 COLLATE utf8mb4_unicode_ci NOT NULL,
  `NAME` varchar(255) CHARACTER SET utf8mb4 COLLATE utf8mb4_unicode_ci NOT NULL,
  `DESCRIPTION` varchar(255) CHARACTER SET utf8mb3 COLLATE utf8mb3_general_ci DEFAULT NULL,
  `TYPE` varchar(255) CHARACTER SET utf8mb4 COLLATE utf8mb4_unicode_ci NOT NULL,
  `DECISION_STRATEGY` varchar(20) CHARACTER SET utf8mb4 COLLATE utf8mb4_unicode_ci DEFAULT NULL,
  `LOGIC` varchar(20) CHARACTER SET utf8mb4 COLLATE utf8mb4_unicode_ci DEFAULT NULL,
  `RESOURCE_SERVER_ID` varchar(36) CHARACTER SET utf8mb4 COLLATE utf8mb4_unicode_ci DEFAULT NULL,
  `OWNER` varchar(255) CHARACTER SET utf8mb4 COLLATE utf8mb4_unicode_ci DEFAULT NULL,
  PRIMARY KEY (`ID`),
  UNIQUE KEY `UK_FRSRPT700S9V50BU18WS5HA6` (`NAME`,`RESOURCE_SERVER_ID`),
  KEY `IDX_RES_SERV_POL_RES_SERV` (`RESOURCE_SERVER_ID`),
  CONSTRAINT `FK_FRSRPO213XCX4WNKOG82SSRFY` FOREIGN KEY (`RESOURCE_SERVER_ID`) REFERENCES `RESOURCE_SERVER` (`ID`)
) ENGINE=InnoDB DEFAULT CHARSET=utf8mb4 COLLATE=utf8mb4_unicode_ci;
/*!40101 SET character_set_client = @saved_cs_client */;

--
-- Dumping data for table `RESOURCE_SERVER_POLICY`
--

LOCK TABLES `RESOURCE_SERVER_POLICY` WRITE;
/*!40000 ALTER TABLE `RESOURCE_SERVER_POLICY` DISABLE KEYS */;
/*!40000 ALTER TABLE `RESOURCE_SERVER_POLICY` ENABLE KEYS */;
UNLOCK TABLES;

--
-- Table structure for table `RESOURCE_SERVER_RESOURCE`
--

DROP TABLE IF EXISTS `RESOURCE_SERVER_RESOURCE`;
/*!40101 SET @saved_cs_client     = @@character_set_client */;
 SET character_set_client = utf8mb4 ;
CREATE TABLE `RESOURCE_SERVER_RESOURCE` (
  `ID` varchar(36) CHARACTER SET utf8mb4 COLLATE utf8mb4_unicode_ci NOT NULL,
  `NAME` varchar(255) CHARACTER SET utf8mb4 COLLATE utf8mb4_unicode_ci NOT NULL,
  `TYPE` varchar(255) CHARACTER SET utf8mb4 COLLATE utf8mb4_unicode_ci DEFAULT NULL,
  `ICON_URI` varchar(255) CHARACTER SET utf8mb4 COLLATE utf8mb4_unicode_ci DEFAULT NULL,
  `OWNER` varchar(255) CHARACTER SET utf8mb4 COLLATE utf8mb4_unicode_ci DEFAULT NULL,
  `RESOURCE_SERVER_ID` varchar(36) CHARACTER SET utf8mb4 COLLATE utf8mb4_unicode_ci DEFAULT NULL,
  `OWNER_MANAGED_ACCESS` bit(1) NOT NULL DEFAULT b'0',
  `DISPLAY_NAME` varchar(255) CHARACTER SET utf8mb4 COLLATE utf8mb4_unicode_ci DEFAULT NULL,
  PRIMARY KEY (`ID`),
  UNIQUE KEY `UK_FRSR6T700S9V50BU18WS5HA6` (`NAME`,`OWNER`,`RESOURCE_SERVER_ID`),
  KEY `IDX_RES_SRV_RES_RES_SRV` (`RESOURCE_SERVER_ID`),
  CONSTRAINT `FK_FRSRHO213XCX4WNKOG82SSRFY` FOREIGN KEY (`RESOURCE_SERVER_ID`) REFERENCES `RESOURCE_SERVER` (`ID`)
) ENGINE=InnoDB DEFAULT CHARSET=utf8mb4 COLLATE=utf8mb4_unicode_ci;
/*!40101 SET character_set_client = @saved_cs_client */;

--
-- Dumping data for table `RESOURCE_SERVER_RESOURCE`
--

LOCK TABLES `RESOURCE_SERVER_RESOURCE` WRITE;
/*!40000 ALTER TABLE `RESOURCE_SERVER_RESOURCE` DISABLE KEYS */;
/*!40000 ALTER TABLE `RESOURCE_SERVER_RESOURCE` ENABLE KEYS */;
UNLOCK TABLES;

--
-- Table structure for table `RESOURCE_SERVER_SCOPE`
--

DROP TABLE IF EXISTS `RESOURCE_SERVER_SCOPE`;
/*!40101 SET @saved_cs_client     = @@character_set_client */;
 SET character_set_client = utf8mb4 ;
CREATE TABLE `RESOURCE_SERVER_SCOPE` (
  `ID` varchar(36) CHARACTER SET utf8mb4 COLLATE utf8mb4_unicode_ci NOT NULL,
  `NAME` varchar(255) CHARACTER SET utf8mb4 COLLATE utf8mb4_unicode_ci NOT NULL,
  `ICON_URI` varchar(255) CHARACTER SET utf8mb4 COLLATE utf8mb4_unicode_ci DEFAULT NULL,
  `RESOURCE_SERVER_ID` varchar(36) CHARACTER SET utf8mb4 COLLATE utf8mb4_unicode_ci DEFAULT NULL,
  `DISPLAY_NAME` varchar(255) CHARACTER SET utf8mb4 COLLATE utf8mb4_unicode_ci DEFAULT NULL,
  PRIMARY KEY (`ID`),
  UNIQUE KEY `UK_FRSRST700S9V50BU18WS5HA6` (`NAME`,`RESOURCE_SERVER_ID`),
  KEY `IDX_RES_SRV_SCOPE_RES_SRV` (`RESOURCE_SERVER_ID`),
  CONSTRAINT `FK_FRSRSO213XCX4WNKOG82SSRFY` FOREIGN KEY (`RESOURCE_SERVER_ID`) REFERENCES `RESOURCE_SERVER` (`ID`)
) ENGINE=InnoDB DEFAULT CHARSET=utf8mb4 COLLATE=utf8mb4_unicode_ci;
/*!40101 SET character_set_client = @saved_cs_client */;

--
-- Dumping data for table `RESOURCE_SERVER_SCOPE`
--

LOCK TABLES `RESOURCE_SERVER_SCOPE` WRITE;
/*!40000 ALTER TABLE `RESOURCE_SERVER_SCOPE` DISABLE KEYS */;
/*!40000 ALTER TABLE `RESOURCE_SERVER_SCOPE` ENABLE KEYS */;
UNLOCK TABLES;

--
-- Table structure for table `RESOURCE_URIS`
--

DROP TABLE IF EXISTS `RESOURCE_URIS`;
/*!40101 SET @saved_cs_client     = @@character_set_client */;
 SET character_set_client = utf8mb4 ;
CREATE TABLE `RESOURCE_URIS` (
  `RESOURCE_ID` varchar(36) CHARACTER SET utf8mb4 COLLATE utf8mb4_unicode_ci NOT NULL,
  `VALUE` varchar(255) CHARACTER SET utf8mb4 COLLATE utf8mb4_unicode_ci NOT NULL,
  PRIMARY KEY (`RESOURCE_ID`,`VALUE`),
  CONSTRAINT `FK_RESOURCE_SERVER_URIS` FOREIGN KEY (`RESOURCE_ID`) REFERENCES `RESOURCE_SERVER_RESOURCE` (`ID`)
) ENGINE=InnoDB DEFAULT CHARSET=utf8mb4 COLLATE=utf8mb4_unicode_ci;
/*!40101 SET character_set_client = @saved_cs_client */;

--
-- Dumping data for table `RESOURCE_URIS`
--

LOCK TABLES `RESOURCE_URIS` WRITE;
/*!40000 ALTER TABLE `RESOURCE_URIS` DISABLE KEYS */;
/*!40000 ALTER TABLE `RESOURCE_URIS` ENABLE KEYS */;
UNLOCK TABLES;

--
-- Table structure for table `ROLE_ATTRIBUTE`
--

DROP TABLE IF EXISTS `ROLE_ATTRIBUTE`;
/*!40101 SET @saved_cs_client     = @@character_set_client */;
 SET character_set_client = utf8mb4 ;
CREATE TABLE `ROLE_ATTRIBUTE` (
  `ID` varchar(36) CHARACTER SET utf8mb4 COLLATE utf8mb4_unicode_ci NOT NULL,
  `ROLE_ID` varchar(36) CHARACTER SET utf8mb4 COLLATE utf8mb4_unicode_ci NOT NULL,
  `NAME` varchar(255) CHARACTER SET utf8mb4 COLLATE utf8mb4_unicode_ci NOT NULL,
  `VALUE` varchar(255) CHARACTER SET utf8mb3 COLLATE utf8mb3_general_ci DEFAULT NULL,
  PRIMARY KEY (`ID`),
  KEY `IDX_ROLE_ATTRIBUTE` (`ROLE_ID`),
  CONSTRAINT `FK_ROLE_ATTRIBUTE_ID` FOREIGN KEY (`ROLE_ID`) REFERENCES `KEYCLOAK_ROLE` (`ID`)
) ENGINE=InnoDB DEFAULT CHARSET=utf8mb4 COLLATE=utf8mb4_unicode_ci;
/*!40101 SET character_set_client = @saved_cs_client */;

--
-- Dumping data for table `ROLE_ATTRIBUTE`
--

LOCK TABLES `ROLE_ATTRIBUTE` WRITE;
/*!40000 ALTER TABLE `ROLE_ATTRIBUTE` DISABLE KEYS */;
/*!40000 ALTER TABLE `ROLE_ATTRIBUTE` ENABLE KEYS */;
UNLOCK TABLES;

--
-- Table structure for table `SCOPE_MAPPING`
--

DROP TABLE IF EXISTS `SCOPE_MAPPING`;
/*!40101 SET @saved_cs_client     = @@character_set_client */;
 SET character_set_client = utf8mb4 ;
CREATE TABLE `SCOPE_MAPPING` (
  `CLIENT_ID` varchar(36) CHARACTER SET utf8mb4 COLLATE utf8mb4_unicode_ci NOT NULL,
  `ROLE_ID` varchar(36) CHARACTER SET utf8mb4 COLLATE utf8mb4_unicode_ci NOT NULL,
  PRIMARY KEY (`CLIENT_ID`,`ROLE_ID`),
  KEY `IDX_SCOPE_MAPPING_ROLE` (`ROLE_ID`),
  CONSTRAINT `FK_OUSE064PLMLR732LXJCN1Q5F1` FOREIGN KEY (`CLIENT_ID`) REFERENCES `CLIENT` (`ID`)
) ENGINE=InnoDB DEFAULT CHARSET=utf8mb4 COLLATE=utf8mb4_unicode_ci;
/*!40101 SET character_set_client = @saved_cs_client */;

--
-- Dumping data for table `SCOPE_MAPPING`
--

LOCK TABLES `SCOPE_MAPPING` WRITE;
/*!40000 ALTER TABLE `SCOPE_MAPPING` DISABLE KEYS */;
INSERT INTO `SCOPE_MAPPING` (`CLIENT_ID`, `ROLE_ID`) VALUES ('cbb63608-b314-4ca0-90a4-202d5098305c','00dfe37a-8f27-44fa-aa9d-c1c6b2f589aa');
INSERT INTO `SCOPE_MAPPING` (`CLIENT_ID`, `ROLE_ID`) VALUES ('fe427f3d-7f22-4a58-8a07-b5af38a480a3','21e0f48a-9255-43e8-be19-77fa1b08b739');
/*!40000 ALTER TABLE `SCOPE_MAPPING` ENABLE KEYS */;
UNLOCK TABLES;

--
-- Table structure for table `SCOPE_POLICY`
--

DROP TABLE IF EXISTS `SCOPE_POLICY`;
/*!40101 SET @saved_cs_client     = @@character_set_client */;
 SET character_set_client = utf8mb4 ;
CREATE TABLE `SCOPE_POLICY` (
  `SCOPE_ID` varchar(36) CHARACTER SET utf8mb4 COLLATE utf8mb4_unicode_ci NOT NULL,
  `POLICY_ID` varchar(36) CHARACTER SET utf8mb4 COLLATE utf8mb4_unicode_ci NOT NULL,
  PRIMARY KEY (`SCOPE_ID`,`POLICY_ID`),
  KEY `IDX_SCOPE_POLICY_POLICY` (`POLICY_ID`),
  CONSTRAINT `FK_FRSRASP13XCX4WNKOG82SSRFY` FOREIGN KEY (`POLICY_ID`) REFERENCES `RESOURCE_SERVER_POLICY` (`ID`),
  CONSTRAINT `FK_FRSRPASS3XCX4WNKOG82SSRFY` FOREIGN KEY (`SCOPE_ID`) REFERENCES `RESOURCE_SERVER_SCOPE` (`ID`)
) ENGINE=InnoDB DEFAULT CHARSET=utf8mb4 COLLATE=utf8mb4_unicode_ci;
/*!40101 SET character_set_client = @saved_cs_client */;

--
-- Dumping data for table `SCOPE_POLICY`
--

LOCK TABLES `SCOPE_POLICY` WRITE;
/*!40000 ALTER TABLE `SCOPE_POLICY` DISABLE KEYS */;
/*!40000 ALTER TABLE `SCOPE_POLICY` ENABLE KEYS */;
UNLOCK TABLES;

--
-- Table structure for table `USERNAME_LOGIN_FAILURE`
--

DROP TABLE IF EXISTS `USERNAME_LOGIN_FAILURE`;
/*!40101 SET @saved_cs_client     = @@character_set_client */;
 SET character_set_client = utf8mb4 ;
CREATE TABLE `USERNAME_LOGIN_FAILURE` (
  `REALM_ID` varchar(36) CHARACTER SET utf8mb4 COLLATE utf8mb4_unicode_ci NOT NULL,
  `USERNAME` varchar(255) CHARACTER SET utf8mb3 COLLATE utf8mb3_general_ci NOT NULL,
  `FAILED_LOGIN_NOT_BEFORE` int DEFAULT NULL,
  `LAST_FAILURE` bigint DEFAULT NULL,
  `LAST_IP_FAILURE` varchar(255) CHARACTER SET utf8mb4 COLLATE utf8mb4_unicode_ci DEFAULT NULL,
  `NUM_FAILURES` int DEFAULT NULL,
  PRIMARY KEY (`REALM_ID`,`USERNAME`)
) ENGINE=InnoDB DEFAULT CHARSET=utf8mb4 COLLATE=utf8mb4_unicode_ci;
/*!40101 SET character_set_client = @saved_cs_client */;

--
-- Dumping data for table `USERNAME_LOGIN_FAILURE`
--

LOCK TABLES `USERNAME_LOGIN_FAILURE` WRITE;
/*!40000 ALTER TABLE `USERNAME_LOGIN_FAILURE` DISABLE KEYS */;
/*!40000 ALTER TABLE `USERNAME_LOGIN_FAILURE` ENABLE KEYS */;
UNLOCK TABLES;

--
-- Table structure for table `USER_ATTRIBUTE`
--

DROP TABLE IF EXISTS `USER_ATTRIBUTE`;
/*!40101 SET @saved_cs_client     = @@character_set_client */;
 SET character_set_client = utf8mb4 ;
CREATE TABLE `USER_ATTRIBUTE` (
  `NAME` varchar(255) CHARACTER SET utf8mb4 COLLATE utf8mb4_unicode_ci NOT NULL,
  `VALUE` varchar(255) CHARACTER SET utf8mb3 COLLATE utf8mb3_general_ci DEFAULT NULL,
  `USER_ID` varchar(36) CHARACTER SET utf8mb4 COLLATE utf8mb4_unicode_ci NOT NULL,
  `ID` varchar(36) CHARACTER SET utf8mb4 COLLATE utf8mb4_unicode_ci NOT NULL DEFAULT 'sybase-needs-something-here',
  PRIMARY KEY (`ID`),
  KEY `IDX_USER_ATTRIBUTE` (`USER_ID`),
  KEY `IDX_USER_ATTRIBUTE_NAME` (`NAME`,`VALUE`),
  CONSTRAINT `FK_5HRM2VLF9QL5FU043KQEPOVBR` FOREIGN KEY (`USER_ID`) REFERENCES `USER_ENTITY` (`ID`)
) ENGINE=InnoDB DEFAULT CHARSET=utf8mb4 COLLATE=utf8mb4_unicode_ci;
/*!40101 SET character_set_client = @saved_cs_client */;

--
-- Dumping data for table `USER_ATTRIBUTE`
--

LOCK TABLES `USER_ATTRIBUTE` WRITE;
/*!40000 ALTER TABLE `USER_ATTRIBUTE` DISABLE KEYS */;
/*!40000 ALTER TABLE `USER_ATTRIBUTE` ENABLE KEYS */;
UNLOCK TABLES;

--
-- Table structure for table `USER_CONSENT`
--

DROP TABLE IF EXISTS `USER_CONSENT`;
/*!40101 SET @saved_cs_client     = @@character_set_client */;
 SET character_set_client = utf8mb4 ;
CREATE TABLE `USER_CONSENT` (
  `ID` varchar(36) CHARACTER SET utf8mb4 COLLATE utf8mb4_unicode_ci NOT NULL,
  `CLIENT_ID` varchar(255) CHARACTER SET utf8mb4 COLLATE utf8mb4_unicode_ci DEFAULT NULL,
  `USER_ID` varchar(36) CHARACTER SET utf8mb4 COLLATE utf8mb4_unicode_ci NOT NULL,
  `CREATED_DATE` bigint DEFAULT NULL,
  `LAST_UPDATED_DATE` bigint DEFAULT NULL,
  `CLIENT_STORAGE_PROVIDER` varchar(36) CHARACTER SET utf8mb4 COLLATE utf8mb4_unicode_ci DEFAULT NULL,
  `EXTERNAL_CLIENT_ID` varchar(255) CHARACTER SET utf8mb4 COLLATE utf8mb4_unicode_ci DEFAULT NULL,
  PRIMARY KEY (`ID`),
  UNIQUE KEY `UK_JKUWUVD56ONTGSUHOGM8UEWRT` (`CLIENT_ID`,`CLIENT_STORAGE_PROVIDER`,`EXTERNAL_CLIENT_ID`,`USER_ID`),
  KEY `IDX_USER_CONSENT` (`USER_ID`),
  CONSTRAINT `FK_GRNTCSNT_USER` FOREIGN KEY (`USER_ID`) REFERENCES `USER_ENTITY` (`ID`)
) ENGINE=InnoDB DEFAULT CHARSET=utf8mb4 COLLATE=utf8mb4_unicode_ci;
/*!40101 SET character_set_client = @saved_cs_client */;

--
-- Dumping data for table `USER_CONSENT`
--

LOCK TABLES `USER_CONSENT` WRITE;
/*!40000 ALTER TABLE `USER_CONSENT` DISABLE KEYS */;
/*!40000 ALTER TABLE `USER_CONSENT` ENABLE KEYS */;
UNLOCK TABLES;

--
-- Table structure for table `USER_CONSENT_CLIENT_SCOPE`
--

DROP TABLE IF EXISTS `USER_CONSENT_CLIENT_SCOPE`;
/*!40101 SET @saved_cs_client     = @@character_set_client */;
 SET character_set_client = utf8mb4 ;
CREATE TABLE `USER_CONSENT_CLIENT_SCOPE` (
  `USER_CONSENT_ID` varchar(36) CHARACTER SET utf8mb4 COLLATE utf8mb4_unicode_ci NOT NULL,
  `SCOPE_ID` varchar(36) CHARACTER SET utf8mb4 COLLATE utf8mb4_unicode_ci NOT NULL,
  PRIMARY KEY (`USER_CONSENT_ID`,`SCOPE_ID`),
  KEY `IDX_USCONSENT_CLSCOPE` (`USER_CONSENT_ID`),
  CONSTRAINT `FK_GRNTCSNT_CLSC_USC` FOREIGN KEY (`USER_CONSENT_ID`) REFERENCES `USER_CONSENT` (`ID`)
) ENGINE=InnoDB DEFAULT CHARSET=utf8mb4 COLLATE=utf8mb4_unicode_ci;
/*!40101 SET character_set_client = @saved_cs_client */;

--
-- Dumping data for table `USER_CONSENT_CLIENT_SCOPE`
--

LOCK TABLES `USER_CONSENT_CLIENT_SCOPE` WRITE;
/*!40000 ALTER TABLE `USER_CONSENT_CLIENT_SCOPE` DISABLE KEYS */;
/*!40000 ALTER TABLE `USER_CONSENT_CLIENT_SCOPE` ENABLE KEYS */;
UNLOCK TABLES;

--
-- Table structure for table `USER_ENTITY`
--

DROP TABLE IF EXISTS `USER_ENTITY`;
/*!40101 SET @saved_cs_client     = @@character_set_client */;
 SET character_set_client = utf8mb4 ;
CREATE TABLE `USER_ENTITY` (
  `ID` varchar(36) CHARACTER SET utf8mb4 COLLATE utf8mb4_unicode_ci NOT NULL,
  `EMAIL` varchar(255) CHARACTER SET utf8mb4 COLLATE utf8mb4_unicode_ci DEFAULT NULL,
  `EMAIL_CONSTRAINT` varchar(255) CHARACTER SET utf8mb4 COLLATE utf8mb4_unicode_ci DEFAULT NULL,
  `EMAIL_VERIFIED` bit(1) NOT NULL DEFAULT b'0',
  `ENABLED` bit(1) NOT NULL DEFAULT b'0',
  `FEDERATION_LINK` varchar(255) CHARACTER SET utf8mb4 COLLATE utf8mb4_unicode_ci DEFAULT NULL,
  `FIRST_NAME` varchar(255) CHARACTER SET utf8mb3 COLLATE utf8mb3_general_ci DEFAULT NULL,
  `LAST_NAME` varchar(255) CHARACTER SET utf8mb3 COLLATE utf8mb3_general_ci DEFAULT NULL,
  `REALM_ID` varchar(255) CHARACTER SET utf8mb4 COLLATE utf8mb4_unicode_ci DEFAULT NULL,
  `USERNAME` varchar(255) CHARACTER SET utf8mb3 COLLATE utf8mb3_general_ci DEFAULT NULL,
  `CREATED_TIMESTAMP` bigint DEFAULT NULL,
  `SERVICE_ACCOUNT_CLIENT_LINK` varchar(255) CHARACTER SET utf8mb4 COLLATE utf8mb4_unicode_ci DEFAULT NULL,
  `NOT_BEFORE` int NOT NULL DEFAULT '0',
  PRIMARY KEY (`ID`),
  UNIQUE KEY `UK_DYKN684SL8UP1CRFEI6ECKHD7` (`REALM_ID`,`EMAIL_CONSTRAINT`),
  UNIQUE KEY `UK_RU8TT6T700S9V50BU18WS5HA6` (`REALM_ID`,`USERNAME`),
  KEY `IDX_USER_EMAIL` (`EMAIL`),
  KEY `IDX_USER_SERVICE_ACCOUNT` (`REALM_ID`,`SERVICE_ACCOUNT_CLIENT_LINK`)
) ENGINE=InnoDB DEFAULT CHARSET=utf8mb4 COLLATE=utf8mb4_unicode_ci;
/*!40101 SET character_set_client = @saved_cs_client */;

--
-- Dumping data for table `USER_ENTITY`
--

LOCK TABLES `USER_ENTITY` WRITE;
/*!40000 ALTER TABLE `USER_ENTITY` DISABLE KEYS */;
INSERT INTO `USER_ENTITY` (`ID`, `EMAIL`, `EMAIL_CONSTRAINT`, `EMAIL_VERIFIED`, `ENABLED`, `FEDERATION_LINK`, `FIRST_NAME`, `LAST_NAME`, `REALM_ID`, `USERNAME`, `CREATED_TIMESTAMP`, `SERVICE_ACCOUNT_CLIENT_LINK`, `NOT_BEFORE`) VALUES ('4c0293a2-adb4-44bb-908d-522d69f695a2',NULL,'f412bedf-b4de-4014-8869-143d15859622',_binary '\0',_binary '',NULL,NULL,NULL,'MyReam','service-account-my-developing-help-service',1706542663732,'3c4d1c6d-ba5d-41f3-ac70-75226d466f71',0);
INSERT INTO `USER_ENTITY` (`ID`, `EMAIL`, `EMAIL_CONSTRAINT`, `EMAIL_VERIFIED`, `ENABLED`, `FEDERATION_LINK`, `FIRST_NAME`, `LAST_NAME`, `REALM_ID`, `USERNAME`, `CREATED_TIMESTAMP`, `SERVICE_ACCOUNT_CLIENT_LINK`, `NOT_BEFORE`) VALUES ('cc94a3f4-282e-46ca-89dd-7a5f9f80777c',NULL,'ccd73171-c1fe-4467-a65d-575e6e300f17',_binary '\0',_binary '',NULL,NULL,NULL,'MyReam','service-account-my-microservice-openfeign',1706876647190,'50420149-0789-4dac-9ece-b8c8ff2eec6b',0);
INSERT INTO `USER_ENTITY` (`ID`, `EMAIL`, `EMAIL_CONSTRAINT`, `EMAIL_VERIFIED`, `ENABLED`, `FEDERATION_LINK`, `FIRST_NAME`, `LAST_NAME`, `REALM_ID`, `USERNAME`, `CREATED_TIMESTAMP`, `SERVICE_ACCOUNT_CLIENT_LINK`, `NOT_BEFORE`) VALUES ('ea077498-0eb8-467f-ac40-9d69ed08d7e2',NULL,'369f50ba-4b5d-4344-8a30-dee3a876ff5a',_binary '\0',_binary '',NULL,NULL,NULL,'MyReam','my-appuser',1706542548170,NULL,0);
INSERT INTO `USER_ENTITY` (`ID`, `EMAIL`, `EMAIL_CONSTRAINT`, `EMAIL_VERIFIED`, `ENABLED`, `FEDERATION_LINK`, `FIRST_NAME`, `LAST_NAME`, `REALM_ID`, `USERNAME`, `CREATED_TIMESTAMP`, `SERVICE_ACCOUNT_CLIENT_LINK`, `NOT_BEFORE`) VALUES ('f9c4d268-71df-4866-a706-4e48795f49eb',NULL,'8a515866-7d60-4e29-a48c-0321dd41cb5d',_binary '\0',_binary '',NULL,NULL,NULL,'3586be3d-c811-48bd-ac93-c1efbb056510','admin',1706539981422,NULL,0);
/*!40000 ALTER TABLE `USER_ENTITY` ENABLE KEYS */;
UNLOCK TABLES;

--
-- Table structure for table `USER_FEDERATION_CONFIG`
--

DROP TABLE IF EXISTS `USER_FEDERATION_CONFIG`;
/*!40101 SET @saved_cs_client     = @@character_set_client */;
 SET character_set_client = utf8mb4 ;
CREATE TABLE `USER_FEDERATION_CONFIG` (
  `USER_FEDERATION_PROVIDER_ID` varchar(36) CHARACTER SET utf8mb4 COLLATE utf8mb4_unicode_ci NOT NULL,
  `VALUE` varchar(255) CHARACTER SET utf8mb4 COLLATE utf8mb4_unicode_ci DEFAULT NULL,
  `NAME` varchar(255) CHARACTER SET utf8mb4 COLLATE utf8mb4_unicode_ci NOT NULL,
  PRIMARY KEY (`USER_FEDERATION_PROVIDER_ID`,`NAME`),
  CONSTRAINT `FK_T13HPU1J94R2EBPEKR39X5EU5` FOREIGN KEY (`USER_FEDERATION_PROVIDER_ID`) REFERENCES `USER_FEDERATION_PROVIDER` (`ID`)
) ENGINE=InnoDB DEFAULT CHARSET=utf8mb4 COLLATE=utf8mb4_unicode_ci;
/*!40101 SET character_set_client = @saved_cs_client */;

--
-- Dumping data for table `USER_FEDERATION_CONFIG`
--

LOCK TABLES `USER_FEDERATION_CONFIG` WRITE;
/*!40000 ALTER TABLE `USER_FEDERATION_CONFIG` DISABLE KEYS */;
/*!40000 ALTER TABLE `USER_FEDERATION_CONFIG` ENABLE KEYS */;
UNLOCK TABLES;

--
-- Table structure for table `USER_FEDERATION_MAPPER`
--

DROP TABLE IF EXISTS `USER_FEDERATION_MAPPER`;
/*!40101 SET @saved_cs_client     = @@character_set_client */;
 SET character_set_client = utf8mb4 ;
CREATE TABLE `USER_FEDERATION_MAPPER` (
  `ID` varchar(36) CHARACTER SET utf8mb4 COLLATE utf8mb4_unicode_ci NOT NULL,
  `NAME` varchar(255) CHARACTER SET utf8mb4 COLLATE utf8mb4_unicode_ci NOT NULL,
  `FEDERATION_PROVIDER_ID` varchar(36) CHARACTER SET utf8mb4 COLLATE utf8mb4_unicode_ci NOT NULL,
  `FEDERATION_MAPPER_TYPE` varchar(255) CHARACTER SET utf8mb4 COLLATE utf8mb4_unicode_ci NOT NULL,
  `REALM_ID` varchar(36) CHARACTER SET utf8mb4 COLLATE utf8mb4_unicode_ci NOT NULL,
  PRIMARY KEY (`ID`),
  KEY `IDX_USR_FED_MAP_FED_PRV` (`FEDERATION_PROVIDER_ID`),
  KEY `IDX_USR_FED_MAP_REALM` (`REALM_ID`),
  CONSTRAINT `FK_FEDMAPPERPM_FEDPRV` FOREIGN KEY (`FEDERATION_PROVIDER_ID`) REFERENCES `USER_FEDERATION_PROVIDER` (`ID`),
  CONSTRAINT `FK_FEDMAPPERPM_REALM` FOREIGN KEY (`REALM_ID`) REFERENCES `REALM` (`ID`)
) ENGINE=InnoDB DEFAULT CHARSET=utf8mb4 COLLATE=utf8mb4_unicode_ci;
/*!40101 SET character_set_client = @saved_cs_client */;

--
-- Dumping data for table `USER_FEDERATION_MAPPER`
--

LOCK TABLES `USER_FEDERATION_MAPPER` WRITE;
/*!40000 ALTER TABLE `USER_FEDERATION_MAPPER` DISABLE KEYS */;
/*!40000 ALTER TABLE `USER_FEDERATION_MAPPER` ENABLE KEYS */;
UNLOCK TABLES;

--
-- Table structure for table `USER_FEDERATION_MAPPER_CONFIG`
--

DROP TABLE IF EXISTS `USER_FEDERATION_MAPPER_CONFIG`;
/*!40101 SET @saved_cs_client     = @@character_set_client */;
 SET character_set_client = utf8mb4 ;
CREATE TABLE `USER_FEDERATION_MAPPER_CONFIG` (
  `USER_FEDERATION_MAPPER_ID` varchar(36) CHARACTER SET utf8mb4 COLLATE utf8mb4_unicode_ci NOT NULL,
  `VALUE` varchar(255) CHARACTER SET utf8mb4 COLLATE utf8mb4_unicode_ci DEFAULT NULL,
  `NAME` varchar(255) CHARACTER SET utf8mb4 COLLATE utf8mb4_unicode_ci NOT NULL,
  PRIMARY KEY (`USER_FEDERATION_MAPPER_ID`,`NAME`),
  CONSTRAINT `FK_FEDMAPPER_CFG` FOREIGN KEY (`USER_FEDERATION_MAPPER_ID`) REFERENCES `USER_FEDERATION_MAPPER` (`ID`)
) ENGINE=InnoDB DEFAULT CHARSET=utf8mb4 COLLATE=utf8mb4_unicode_ci;
/*!40101 SET character_set_client = @saved_cs_client */;

--
-- Dumping data for table `USER_FEDERATION_MAPPER_CONFIG`
--

LOCK TABLES `USER_FEDERATION_MAPPER_CONFIG` WRITE;
/*!40000 ALTER TABLE `USER_FEDERATION_MAPPER_CONFIG` DISABLE KEYS */;
/*!40000 ALTER TABLE `USER_FEDERATION_MAPPER_CONFIG` ENABLE KEYS */;
UNLOCK TABLES;

--
-- Table structure for table `USER_FEDERATION_PROVIDER`
--

DROP TABLE IF EXISTS `USER_FEDERATION_PROVIDER`;
/*!40101 SET @saved_cs_client     = @@character_set_client */;
 SET character_set_client = utf8mb4 ;
CREATE TABLE `USER_FEDERATION_PROVIDER` (
  `ID` varchar(36) CHARACTER SET utf8mb4 COLLATE utf8mb4_unicode_ci NOT NULL,
  `CHANGED_SYNC_PERIOD` int DEFAULT NULL,
  `DISPLAY_NAME` varchar(255) CHARACTER SET utf8mb4 COLLATE utf8mb4_unicode_ci DEFAULT NULL,
  `FULL_SYNC_PERIOD` int DEFAULT NULL,
  `LAST_SYNC` int DEFAULT NULL,
  `PRIORITY` int DEFAULT NULL,
  `PROVIDER_NAME` varchar(255) CHARACTER SET utf8mb4 COLLATE utf8mb4_unicode_ci DEFAULT NULL,
  `REALM_ID` varchar(36) CHARACTER SET utf8mb4 COLLATE utf8mb4_unicode_ci DEFAULT NULL,
  PRIMARY KEY (`ID`),
  KEY `IDX_USR_FED_PRV_REALM` (`REALM_ID`),
  CONSTRAINT `FK_1FJ32F6PTOLW2QY60CD8N01E8` FOREIGN KEY (`REALM_ID`) REFERENCES `REALM` (`ID`)
) ENGINE=InnoDB DEFAULT CHARSET=utf8mb4 COLLATE=utf8mb4_unicode_ci;
/*!40101 SET character_set_client = @saved_cs_client */;

--
-- Dumping data for table `USER_FEDERATION_PROVIDER`
--

LOCK TABLES `USER_FEDERATION_PROVIDER` WRITE;
/*!40000 ALTER TABLE `USER_FEDERATION_PROVIDER` DISABLE KEYS */;
/*!40000 ALTER TABLE `USER_FEDERATION_PROVIDER` ENABLE KEYS */;
UNLOCK TABLES;

--
-- Table structure for table `USER_GROUP_MEMBERSHIP`
--

DROP TABLE IF EXISTS `USER_GROUP_MEMBERSHIP`;
/*!40101 SET @saved_cs_client     = @@character_set_client */;
 SET character_set_client = utf8mb4 ;
CREATE TABLE `USER_GROUP_MEMBERSHIP` (
  `GROUP_ID` varchar(36) CHARACTER SET utf8mb4 COLLATE utf8mb4_unicode_ci NOT NULL,
  `USER_ID` varchar(36) CHARACTER SET utf8mb4 COLLATE utf8mb4_unicode_ci NOT NULL,
  PRIMARY KEY (`GROUP_ID`,`USER_ID`),
  KEY `IDX_USER_GROUP_MAPPING` (`USER_ID`),
  CONSTRAINT `FK_USER_GROUP_USER` FOREIGN KEY (`USER_ID`) REFERENCES `USER_ENTITY` (`ID`)
) ENGINE=InnoDB DEFAULT CHARSET=utf8mb4 COLLATE=utf8mb4_unicode_ci;
/*!40101 SET character_set_client = @saved_cs_client */;

--
-- Dumping data for table `USER_GROUP_MEMBERSHIP`
--

LOCK TABLES `USER_GROUP_MEMBERSHIP` WRITE;
/*!40000 ALTER TABLE `USER_GROUP_MEMBERSHIP` DISABLE KEYS */;
/*!40000 ALTER TABLE `USER_GROUP_MEMBERSHIP` ENABLE KEYS */;
UNLOCK TABLES;

--
-- Table structure for table `USER_REQUIRED_ACTION`
--

DROP TABLE IF EXISTS `USER_REQUIRED_ACTION`;
/*!40101 SET @saved_cs_client     = @@character_set_client */;
 SET character_set_client = utf8mb4 ;
CREATE TABLE `USER_REQUIRED_ACTION` (
  `USER_ID` varchar(36) CHARACTER SET utf8mb4 COLLATE utf8mb4_unicode_ci NOT NULL,
  `REQUIRED_ACTION` varchar(255) CHARACTER SET utf8mb4 COLLATE utf8mb4_unicode_ci NOT NULL DEFAULT ' ',
  PRIMARY KEY (`REQUIRED_ACTION`,`USER_ID`),
  KEY `IDX_USER_REQACTIONS` (`USER_ID`),
  CONSTRAINT `FK_6QJ3W1JW9CVAFHE19BWSIUVMD` FOREIGN KEY (`USER_ID`) REFERENCES `USER_ENTITY` (`ID`)
) ENGINE=InnoDB DEFAULT CHARSET=utf8mb4 COLLATE=utf8mb4_unicode_ci;
/*!40101 SET character_set_client = @saved_cs_client */;

--
-- Dumping data for table `USER_REQUIRED_ACTION`
--

LOCK TABLES `USER_REQUIRED_ACTION` WRITE;
/*!40000 ALTER TABLE `USER_REQUIRED_ACTION` DISABLE KEYS */;
/*!40000 ALTER TABLE `USER_REQUIRED_ACTION` ENABLE KEYS */;
UNLOCK TABLES;

--
-- Table structure for table `USER_ROLE_MAPPING`
--

DROP TABLE IF EXISTS `USER_ROLE_MAPPING`;
/*!40101 SET @saved_cs_client     = @@character_set_client */;
 SET character_set_client = utf8mb4 ;
CREATE TABLE `USER_ROLE_MAPPING` (
  `ROLE_ID` varchar(255) CHARACTER SET utf8mb4 COLLATE utf8mb4_unicode_ci NOT NULL,
  `USER_ID` varchar(36) CHARACTER SET utf8mb4 COLLATE utf8mb4_unicode_ci NOT NULL,
  PRIMARY KEY (`ROLE_ID`,`USER_ID`),
  KEY `IDX_USER_ROLE_MAPPING` (`USER_ID`),
  CONSTRAINT `FK_C4FQV34P1MBYLLOXANG7B1Q3L` FOREIGN KEY (`USER_ID`) REFERENCES `USER_ENTITY` (`ID`)
) ENGINE=InnoDB DEFAULT CHARSET=utf8mb4 COLLATE=utf8mb4_unicode_ci;
/*!40101 SET character_set_client = @saved_cs_client */;

--
-- Dumping data for table `USER_ROLE_MAPPING`
--

LOCK TABLES `USER_ROLE_MAPPING` WRITE;
/*!40000 ALTER TABLE `USER_ROLE_MAPPING` DISABLE KEYS */;
INSERT INTO `USER_ROLE_MAPPING` (`ROLE_ID`, `USER_ID`) VALUES ('e83825bd-5587-41cd-b14d-da6797a60ae4','4c0293a2-adb4-44bb-908d-522d69f695a2');
INSERT INTO `USER_ROLE_MAPPING` (`ROLE_ID`, `USER_ID`) VALUES ('e83825bd-5587-41cd-b14d-da6797a60ae4','cc94a3f4-282e-46ca-89dd-7a5f9f80777c');
INSERT INTO `USER_ROLE_MAPPING` (`ROLE_ID`, `USER_ID`) VALUES ('e83825bd-5587-41cd-b14d-da6797a60ae4','ea077498-0eb8-467f-ac40-9d69ed08d7e2');
INSERT INTO `USER_ROLE_MAPPING` (`ROLE_ID`, `USER_ID`) VALUES ('14bc1122-4929-4ed1-a674-a6e18355070b','f9c4d268-71df-4866-a706-4e48795f49eb');
INSERT INTO `USER_ROLE_MAPPING` (`ROLE_ID`, `USER_ID`) VALUES ('19da9bed-6179-4a16-9d77-9ba68bc83f7b','f9c4d268-71df-4866-a706-4e48795f49eb');
INSERT INTO `USER_ROLE_MAPPING` (`ROLE_ID`, `USER_ID`) VALUES ('1bf02fa1-c6cd-465d-8f0d-381cf3d7574c','f9c4d268-71df-4866-a706-4e48795f49eb');
INSERT INTO `USER_ROLE_MAPPING` (`ROLE_ID`, `USER_ID`) VALUES ('2a5bae29-78c2-4e45-8ec0-93486dbbe532','f9c4d268-71df-4866-a706-4e48795f49eb');
INSERT INTO `USER_ROLE_MAPPING` (`ROLE_ID`, `USER_ID`) VALUES ('2e156669-0a0e-4b89-b1ac-a8afd9413e85','f9c4d268-71df-4866-a706-4e48795f49eb');
INSERT INTO `USER_ROLE_MAPPING` (`ROLE_ID`, `USER_ID`) VALUES ('6aeeaabc-5e8e-4727-a6f3-5f9d45340672','f9c4d268-71df-4866-a706-4e48795f49eb');
INSERT INTO `USER_ROLE_MAPPING` (`ROLE_ID`, `USER_ID`) VALUES ('74661862-e9ba-4171-aade-c3060de04827','f9c4d268-71df-4866-a706-4e48795f49eb');
INSERT INTO `USER_ROLE_MAPPING` (`ROLE_ID`, `USER_ID`) VALUES ('7bdf0230-a980-44b4-b14e-9c9359fe582e','f9c4d268-71df-4866-a706-4e48795f49eb');
INSERT INTO `USER_ROLE_MAPPING` (`ROLE_ID`, `USER_ID`) VALUES ('805bffad-b712-4af6-9869-7f122f6c7d33','f9c4d268-71df-4866-a706-4e48795f49eb');
INSERT INTO `USER_ROLE_MAPPING` (`ROLE_ID`, `USER_ID`) VALUES ('826d0637-4c7a-471f-8896-9edd5adc886c','f9c4d268-71df-4866-a706-4e48795f49eb');
INSERT INTO `USER_ROLE_MAPPING` (`ROLE_ID`, `USER_ID`) VALUES ('87460607-7b50-405d-b610-0019b7deb69b','f9c4d268-71df-4866-a706-4e48795f49eb');
INSERT INTO `USER_ROLE_MAPPING` (`ROLE_ID`, `USER_ID`) VALUES ('8fcf6896-32c0-411f-b012-01297d661dc5','f9c4d268-71df-4866-a706-4e48795f49eb');
INSERT INTO `USER_ROLE_MAPPING` (`ROLE_ID`, `USER_ID`) VALUES ('9c46b895-17f4-4225-98a2-23844171e366','f9c4d268-71df-4866-a706-4e48795f49eb');
INSERT INTO `USER_ROLE_MAPPING` (`ROLE_ID`, `USER_ID`) VALUES ('a878465d-8d0a-4ea4-af4c-200c5ae1b280','f9c4d268-71df-4866-a706-4e48795f49eb');
INSERT INTO `USER_ROLE_MAPPING` (`ROLE_ID`, `USER_ID`) VALUES ('b391cf5a-dd58-44b2-bf14-7f430e71e5e7','f9c4d268-71df-4866-a706-4e48795f49eb');
INSERT INTO `USER_ROLE_MAPPING` (`ROLE_ID`, `USER_ID`) VALUES ('c310e938-205a-4569-a4e5-be3ad3536514','f9c4d268-71df-4866-a706-4e48795f49eb');
INSERT INTO `USER_ROLE_MAPPING` (`ROLE_ID`, `USER_ID`) VALUES ('f4848eca-89b2-4635-87fc-f25e573b60ef','f9c4d268-71df-4866-a706-4e48795f49eb');
INSERT INTO `USER_ROLE_MAPPING` (`ROLE_ID`, `USER_ID`) VALUES ('f97e4d91-96fb-46ff-ba27-d7fde45b1256','f9c4d268-71df-4866-a706-4e48795f49eb');
INSERT INTO `USER_ROLE_MAPPING` (`ROLE_ID`, `USER_ID`) VALUES ('fb9d8e82-0a52-4d57-83b1-83e676201a47','f9c4d268-71df-4866-a706-4e48795f49eb');
/*!40000 ALTER TABLE `USER_ROLE_MAPPING` ENABLE KEYS */;
UNLOCK TABLES;

--
-- Table structure for table `USER_SESSION`
--

DROP TABLE IF EXISTS `USER_SESSION`;
/*!40101 SET @saved_cs_client     = @@character_set_client */;
 SET character_set_client = utf8mb4 ;
CREATE TABLE `USER_SESSION` (
  `ID` varchar(36) CHARACTER SET utf8mb4 COLLATE utf8mb4_unicode_ci NOT NULL,
  `AUTH_METHOD` varchar(255) CHARACTER SET utf8mb4 COLLATE utf8mb4_unicode_ci DEFAULT NULL,
  `IP_ADDRESS` varchar(255) CHARACTER SET utf8mb4 COLLATE utf8mb4_unicode_ci DEFAULT NULL,
  `LAST_SESSION_REFRESH` int DEFAULT NULL,
  `LOGIN_USERNAME` varchar(255) CHARACTER SET utf8mb4 COLLATE utf8mb4_unicode_ci DEFAULT NULL,
  `REALM_ID` varchar(255) CHARACTER SET utf8mb4 COLLATE utf8mb4_unicode_ci DEFAULT NULL,
  `REMEMBER_ME` bit(1) NOT NULL DEFAULT b'0',
  `STARTED` int DEFAULT NULL,
  `USER_ID` varchar(255) CHARACTER SET utf8mb4 COLLATE utf8mb4_unicode_ci DEFAULT NULL,
  `USER_SESSION_STATE` int DEFAULT NULL,
  `BROKER_SESSION_ID` varchar(255) CHARACTER SET utf8mb4 COLLATE utf8mb4_unicode_ci DEFAULT NULL,
  `BROKER_USER_ID` varchar(255) CHARACTER SET utf8mb4 COLLATE utf8mb4_unicode_ci DEFAULT NULL,
  PRIMARY KEY (`ID`)
) ENGINE=InnoDB DEFAULT CHARSET=utf8mb4 COLLATE=utf8mb4_unicode_ci;
/*!40101 SET character_set_client = @saved_cs_client */;

--
-- Dumping data for table `USER_SESSION`
--

LOCK TABLES `USER_SESSION` WRITE;
/*!40000 ALTER TABLE `USER_SESSION` DISABLE KEYS */;
/*!40000 ALTER TABLE `USER_SESSION` ENABLE KEYS */;
UNLOCK TABLES;

--
-- Table structure for table `USER_SESSION_NOTE`
--

DROP TABLE IF EXISTS `USER_SESSION_NOTE`;
/*!40101 SET @saved_cs_client     = @@character_set_client */;
 SET character_set_client = utf8mb4 ;
CREATE TABLE `USER_SESSION_NOTE` (
  `USER_SESSION` varchar(36) CHARACTER SET utf8mb4 COLLATE utf8mb4_unicode_ci NOT NULL,
  `NAME` varchar(255) CHARACTER SET utf8mb4 COLLATE utf8mb4_unicode_ci NOT NULL,
  `VALUE` text CHARACTER SET utf8mb4 COLLATE utf8mb4_unicode_ci,
  PRIMARY KEY (`USER_SESSION`,`NAME`),
  CONSTRAINT `FK5EDFB00FF51D3472` FOREIGN KEY (`USER_SESSION`) REFERENCES `USER_SESSION` (`ID`)
) ENGINE=InnoDB DEFAULT CHARSET=utf8mb4 COLLATE=utf8mb4_unicode_ci;
/*!40101 SET character_set_client = @saved_cs_client */;

--
-- Dumping data for table `USER_SESSION_NOTE`
--

LOCK TABLES `USER_SESSION_NOTE` WRITE;
/*!40000 ALTER TABLE `USER_SESSION_NOTE` DISABLE KEYS */;
/*!40000 ALTER TABLE `USER_SESSION_NOTE` ENABLE KEYS */;
UNLOCK TABLES;

--
-- Table structure for table `WEB_ORIGINS`
--

DROP TABLE IF EXISTS `WEB_ORIGINS`;
/*!40101 SET @saved_cs_client     = @@character_set_client */;
 SET character_set_client = utf8mb4 ;
CREATE TABLE `WEB_ORIGINS` (
  `CLIENT_ID` varchar(36) CHARACTER SET utf8mb4 COLLATE utf8mb4_unicode_ci NOT NULL,
  `VALUE` varchar(255) CHARACTER SET utf8mb4 COLLATE utf8mb4_unicode_ci NOT NULL,
  PRIMARY KEY (`CLIENT_ID`,`VALUE`),
  KEY `IDX_WEB_ORIG_CLIENT` (`CLIENT_ID`),
  CONSTRAINT `FK_LOJPHO213XCX4WNKOG82SSRFY` FOREIGN KEY (`CLIENT_ID`) REFERENCES `CLIENT` (`ID`)
) ENGINE=InnoDB DEFAULT CHARSET=utf8mb4 COLLATE=utf8mb4_unicode_ci;
/*!40101 SET character_set_client = @saved_cs_client */;

--
-- Dumping data for table `WEB_ORIGINS`
--

LOCK TABLES `WEB_ORIGINS` WRITE;
/*!40000 ALTER TABLE `WEB_ORIGINS` DISABLE KEYS */;
INSERT INTO `WEB_ORIGINS` (`CLIENT_ID`, `VALUE`) VALUES ('3d37f65d-2671-40d6-833c-86719b0b570b','+');
INSERT INTO `WEB_ORIGINS` (`CLIENT_ID`, `VALUE`) VALUES ('e901bea2-3dc1-4bd3-9e18-5a94341b1f48','+');
/*!40000 ALTER TABLE `WEB_ORIGINS` ENABLE KEYS */;
UNLOCK TABLES;
/*!40103 SET TIME_ZONE=@OLD_TIME_ZONE */;

/*!40101 SET SQL_MODE=@OLD_SQL_MODE */;
/*!40014 SET FOREIGN_KEY_CHECKS=@OLD_FOREIGN_KEY_CHECKS */;
/*!40014 SET UNIQUE_CHECKS=@OLD_UNIQUE_CHECKS */;
/*!40101 SET CHARACTER_SET_CLIENT=@OLD_CHARACTER_SET_CLIENT */;
/*!40101 SET CHARACTER_SET_RESULTS=@OLD_CHARACTER_SET_RESULTS */;
/*!40101 SET COLLATION_CONNECTION=@OLD_COLLATION_CONNECTION */;
/*!40111 SET SQL_NOTES=@OLD_SQL_NOTES */;

-- Dump completed on 2024-02-02 16:05:46
